name,team,position,G,AB,R,H,2B,3B,HR,RBI,SB,CS,BB,SO,SH,SF,HBP,AVG,OBP,SLG,OPS
Jose Pirela,SD,OF,22,95,13,25,7,2,0,10,2,0,4,22,0,0,1,0.263,0.3,0.379,0.679
Albert Pujols,LAA,DH,21,90,9,24,5,0,4,12,0,0,2,14,0,0,0,0.267,0.283,0.456,0.739
Jed Lowrie,OAK,2B,21,90,12,33,6,0,6,23,0,0,8,17,0,0,0,0.367,0.418,0.633,1.051
Marcus Semien,OAK,SS,21,90,16,23,5,0,2,12,2,0,10,28,0,3,0,0.256,0.32,0.378,0.698
Adam Jones,BAL,OF,21,88,5,21,5,0,3,12,0,0,2,23,0,2,0,0.239,0.25,0.398,0.648
George Springer,HOU,OF,22,88,17,21,7,0,4,16,0,0,11,22,0,2,2,0.239,0.33,0.455,0.785
Derek Dietrich,MIA,3B,20,88,9,23,1,1,2,6,0,0,3,19,0,0,4,0.261,0.316,0.364,0.68
DJ LeMahieu,COL,2B,22,87,14,26,7,0,5,11,1,0,12,12,0,0,0,0.299,0.384,0.552,0.936
Ozzie Albies,ATL,2B,20,86,21,26,9,1,6,12,1,2,5,16,1,0,1,0.302,0.348,0.64,0.988
Jose Altuve,HOU,2B,22,86,12,30,4,0,0,9,1,1,9,13,0,1,1,0.349,0.412,0.395,0.807
Khris Davis,OAK,OF,21,85,10,22,6,0,5,15,0,0,8,26,0,1,3,0.259,0.34,0.506,0.846
Shin-Soo Choo,TEX,OF,21,85,14,21,6,0,5,10,1,0,9,19,0,1,1,0.247,0.323,0.494,0.817
Chris Taylor,LAD,2B,19,84,12,19,3,2,3,8,0,2,5,23,0,1,0,0.226,0.267,0.417,0.684
Joey Gallo,TEX,3B,22,84,11,17,3,0,6,14,0,0,7,28,0,0,0,0.202,0.264,0.452,0.716
Manny Machado,BAL,3B,21,83,11,28,7,0,6,15,1,0,12,15,0,0,0,0.337,0.421,0.639,1.06
Alex Bregman,HOU,3B,21,83,7,20,4,0,1,5,2,1,12,12,0,0,0,0.241,0.337,0.325,0.662
Ender Inciarte,ATL,OF,19,83,9,20,2,0,0,6,7,2,6,15,1,1,0,0.241,0.289,0.265,0.554
Justin Upton,LAA,OF,21,82,13,20,3,0,4,11,2,0,9,22,0,3,1,0.244,0.316,0.427,0.743
Ketel Marte,ARI,SS,20,82,9,18,4,2,1,8,0,0,5,13,0,0,0,0.22,0.264,0.354,0.618
Josh Bell,PIT,1B,21,82,11,20,5,0,1,13,0,2,8,19,0,1,0,0.244,0.308,0.341,0.649
Yoenis Cespedes,NYM,OF,20,82,9,16,1,0,4,18,0,0,6,37,0,0,1,0.195,0.258,0.354,0.612
Jean Segura,SEA,SS,19,81,13,24,7,1,1,12,3,0,3,14,0,0,0,0.296,0.321,0.444,0.765
Scooter Gennett,CIN,2B,20,81,5,23,5,0,0,7,1,0,5,16,0,0,0,0.284,0.326,0.346,0.672
Trey Mancini,BAL,OF,20,81,10,23,5,0,2,7,0,0,9,17,0,1,0,0.284,0.352,0.42,0.772
Matt Olson,OAK,1B,21,81,11,22,2,0,3,10,1,0,7,34,0,0,2,0.272,0.344,0.407,0.751
Marcell Ozuna,STL,OF,19,81,8,20,2,0,2,11,0,0,3,23,0,1,0,0.247,0.271,0.346,0.617
Mike Trout,LAA,OF,21,81,17,25,5,0,8,15,3,0,14,17,0,1,1,0.309,0.412,0.667,1.079
Travis Shaw,MIL,3B,22,81,14,24,7,0,4,10,0,0,12,19,0,0,0,0.296,0.387,0.531,0.918
Trea Turner,WAS,SS,21,81,9,20,4,0,1,4,8,0,15,16,0,0,0,0.247,0.365,0.333,0.698
Mike Moustakas,KC,3B,19,80,11,26,5,1,5,14,0,0,3,12,0,0,0,0.325,0.349,0.6,0.949
Eric Hosmer,SD,1B,20,80,10,20,7,0,2,4,0,0,9,25,0,0,0,0.25,0.326,0.413,0.739
Dee Gordon,SEA,2B,19,80,12,26,4,0,1,6,9,1,2,16,3,0,1,0.325,0.349,0.413,0.762
Jeimer Candelario,DET,3B,19,80,5,22,4,2,3,10,0,0,8,20,0,0,1,0.275,0.348,0.488,0.836
Zack Cozart,LAA,SS,19,80,12,19,3,2,2,8,0,0,4,11,0,1,2,0.238,0.287,0.4,0.687
Starlin Castro,MIA,2B,20,80,11,24,2,0,0,7,1,0,8,18,0,2,0,0.3,0.356,0.325,0.681
Asdrubal Cabrera,NYM,SS,20,79,16,28,8,0,4,12,0,0,5,13,0,2,1,0.354,0.391,0.608,0.999
Starling Marte,PIT,OF,21,79,16,22,2,3,3,8,6,2,12,16,0,0,0,0.278,0.374,0.494,0.868
Dansby Swanson,ATL,SS,19,79,11,27,8,1,2,12,2,0,5,20,0,0,0,0.342,0.381,0.544,0.925
Freddy Galvis,SD,SS,22,79,6,20,1,1,1,7,0,3,12,22,0,0,0,0.253,0.352,0.329,0.681
Nick Markakis,ATL,OF,20,79,12,22,4,0,2,11,0,1,12,11,0,1,0,0.278,0.37,0.405,0.775
Carlos Asuaje,SD,2B,22,78,4,17,4,0,1,6,0,1,9,13,0,0,0,0.218,0.299,0.308,0.607
Matt Chapman,OAK,3B,21,78,17,23,2,2,5,13,0,0,11,18,0,0,1,0.295,0.389,0.564,0.953
Kole Calhoun,LAA,OF,19,78,10,15,0,1,1,9,1,0,3,20,0,0,0,0.192,0.222,0.256,0.478
Andrelton Simmons,LAA,SS,21,78,14,23,4,0,1,8,2,0,10,6,1,0,0,0.295,0.375,0.385,0.76
Trevor Story,COL,SS,22,78,7,17,4,0,4,10,4,0,9,30,0,0,2,0.218,0.315,0.423,0.738
Miguel Rojas,MIA,SS,20,78,7,20,3,0,2,4,1,0,6,10,1,0,1,0.256,0.318,0.372,0.69
Corey Seager,LAD,SS,18,77,9,18,3,0,1,7,0,0,8,13,0,0,2,0.234,0.322,0.312,0.634
Tim Beckham,BAL,SS,21,77,8,14,4,0,1,4,1,0,8,26,0,1,0,0.182,0.256,0.273,0.529
Adrian Beltre,TEX,3B,21,77,7,22,5,0,1,6,0,0,8,13,0,3,1,0.286,0.348,0.39,0.738
Giancarlo Stanton,NYY,OF,19,77,11,15,3,1,4,12,1,0,9,31,0,0,2,0.195,0.295,0.416,0.711
Nick Castellanos,DET,3B,19,77,12,22,5,2,1,9,0,0,7,16,0,0,0,0.286,0.345,0.442,0.787
Francisco Lindor,CLE,SS,18,77,10,16,5,0,2,7,4,2,6,21,1,0,1,0.208,0.274,0.351,0.625
Rafael Devers,BOS,3B,19,77,7,22,6,0,3,17,0,1,8,19,0,1,0,0.286,0.349,0.481,0.83
Nomar Mazara,TEX,OF,21,77,10,24,2,0,2,8,0,0,5,17,0,0,1,0.312,0.361,0.416,0.777
Andrew McCutchen,SF,OF,20,77,11,16,3,0,3,11,3,1,9,19,0,0,0,0.208,0.291,0.364,0.655
Carlos Gomez,TB,OF,19,76,9,12,3,0,2,4,1,0,4,27,0,0,3,0.158,0.229,0.276,0.505
Kevin Pillar,TOR,OF,20,76,15,23,6,1,1,8,3,0,4,18,0,0,1,0.303,0.346,0.447,0.793
Cody Bellinger,LAD,1B,19,76,16,22,3,1,3,7,0,0,5,18,0,0,0,0.289,0.333,0.474,0.807
Stephen Piscotty,OAK,OF,20,75,8,21,6,0,1,12,0,0,6,16,0,2,1,0.28,0.333,0.4,0.733
Carlos Correa,HOU,SS,21,75,16,25,6,0,4,18,2,0,9,23,0,4,0,0.333,0.386,0.573,0.959
Odubel Herrera,PHI,OF,19,74,12,25,5,1,1,8,1,1,5,15,0,0,0,0.338,0.38,0.473,0.853
Whit Merrifield,KC,2B,19,74,10,20,3,0,2,6,1,2,8,15,1,1,1,0.27,0.345,0.392,0.737
Kyle Seager,SEA,3B,19,74,6,17,4,0,3,12,0,0,4,15,0,1,0,0.23,0.266,0.405,0.671
Michael Taylor,WAS,OF,21,73,9,14,4,0,0,4,6,0,5,28,0,0,0,0.192,0.244,0.247,0.491
Justin Smoak,TOR,1B,19,73,12,17,5,0,2,12,0,0,13,23,0,1,1,0.233,0.352,0.384,0.736
Ian Desmond,COL,OF,21,73,9,11,1,0,4,11,1,0,3,22,0,1,0,0.151,0.182,0.329,0.511
Lorenzo Cain,MIL,OF,20,73,12,22,6,0,2,7,4,1,12,16,0,1,0,0.301,0.395,0.466,0.861
Brett Gardner,NYY,OF,18,73,19,18,3,0,1,5,1,0,13,20,2,1,1,0.247,0.364,0.329,0.693
Jon Jay,KC,OF,19,73,7,17,2,1,0,4,1,2,10,15,0,0,1,0.233,0.333,0.288,0.621
Jason Kipnis,CLE,2B,18,72,7,13,4,0,0,4,0,0,8,18,0,0,0,0.181,0.263,0.236,0.499
Cesar Hernandez,PHI,2B,20,72,15,20,3,0,2,8,5,1,16,21,0,0,0,0.278,0.409,0.403,0.812
Dexter Fowler,STL,OF,18,72,12,13,2,0,3,8,1,1,8,18,0,1,1,0.181,0.268,0.333,0.601
Paul DeJong,STL,SS,20,72,11,18,3,0,6,10,0,0,5,31,0,0,1,0.25,0.308,0.542,0.85
C.J. Cron,TB,1B,19,72,7,19,3,0,4,11,0,1,2,23,0,1,4,0.264,0.316,0.472,0.788
Gregory Polanco,PIT,OF,19,72,13,15,5,0,5,15,1,0,12,20,0,1,0,0.208,0.318,0.486,0.804
Domingo Santana,MIL,OF,20,72,5,16,1,0,0,3,0,0,9,24,0,0,1,0.222,0.317,0.236,0.553
Corey Dickerson,PIT,OF,18,72,10,22,7,1,1,12,2,0,2,9,0,1,1,0.306,0.329,0.472,0.801
Howie Kendrick,WAS,OF,18,72,6,19,6,0,2,7,0,0,2,15,0,0,1,0.264,0.293,0.431,0.724
Yadier Molina,STL,C,19,72,8,21,2,0,6,15,2,0,3,9,0,1,0,0.292,0.316,0.569,0.885
Yasiel Puig,LAD,OF,19,72,10,16,4,0,0,6,3,1,7,14,0,1,0,0.222,0.288,0.278,0.566
David Peralta,ARI,OF,17,71,11,22,5,0,2,9,1,0,8,18,0,0,1,0.31,0.388,0.465,0.853
A.J. Pollock,ARI,OF,19,71,11,19,8,1,5,16,4,1,5,23,0,1,1,0.268,0.321,0.62,0.941
Brian Anderson,MIA,3B,20,71,9,18,5,0,1,11,0,1,12,12,0,0,4,0.254,0.391,0.366,0.757
Mookie Betts,BOS,OF,19,71,23,26,8,0,6,14,2,1,11,8,0,1,2,0.366,0.459,0.732,1.191
Justin Bour,MIA,1B,20,71,7,16,1,0,4,11,0,0,8,15,0,0,0,0.225,0.304,0.408,0.712
Freddie Freeman,ATL,1B,20,71,13,21,8,0,2,15,1,0,18,17,0,1,2,0.296,0.446,0.493,0.939
Aaron Judge,NYY,OF,19,71,18,24,3,0,6,15,2,1,17,22,0,0,1,0.338,0.472,0.634,1.106
J.D. Martinez,BOS,OF,18,71,13,23,5,1,4,15,0,0,4,23,0,2,0,0.324,0.351,0.592,0.943
Jose Martinez,STL,1B,20,71,7,24,5,0,3,16,0,1,10,10,0,1,1,0.338,0.422,0.535,0.957
Joe Panik,SF,2B,18,71,8,18,0,1,3,4,0,1,6,6,1,0,2,0.254,0.329,0.408,0.737
Marwin Gonzalez,HOU,SS,21,70,6,14,4,0,1,9,0,0,11,19,1,1,0,0.2,0.305,0.3,0.605
Paul Goldschmidt,ARI,1B,20,70,15,18,5,2,4,11,0,0,15,25,0,0,2,0.257,0.402,0.557,0.959
Leonys Martin,DET,OF,17,70,14,20,4,1,2,8,1,2,7,14,0,0,0,0.286,0.351,0.457,0.808
Adam Duvall,CIN,OF,20,70,4,12,4,0,3,9,0,0,4,21,0,1,0,0.171,0.213,0.357,0.57
Lewis Brinson,MIA,OF,19,70,6,11,0,0,3,7,1,0,3,26,0,0,1,0.157,0.203,0.286,0.489
Hanley Ramirez,BOS,DH,18,70,15,22,4,0,3,15,3,1,6,15,0,1,1,0.314,0.372,0.5,0.872
Joey Votto,CIN,1B,19,70,2,17,1,0,0,5,0,0,10,10,0,1,1,0.243,0.341,0.257,0.598
Jose Peraza,CIN,SS,19,69,7,17,6,0,0,4,2,0,1,11,4,1,2,0.246,0.274,0.333,0.607
Ryan Zimmerman,WAS,1B,21,69,6,12,1,2,3,11,0,0,6,18,0,0,1,0.174,0.25,0.377,0.627
Carlos Santana,PHI,1B,20,69,14,11,4,0,2,10,1,0,15,13,0,3,1,0.159,0.307,0.304,0.611
Chris Davis,BAL,1B,20,69,3,11,2,0,2,5,0,0,10,25,0,0,1,0.159,0.275,0.275,0.55
Orlando Arcia,MIL,SS,20,69,5,15,1,0,2,8,0,0,3,15,0,0,0,0.217,0.25,0.319,0.569
Jose Abreu,CWS,1B,17,69,9,19,3,0,4,9,0,0,3,13,0,0,5,0.275,0.351,0.493,0.844
Kris Bryant,CHC,3B,18,69,12,22,7,1,2,11,0,1,13,12,0,1,6,0.319,0.461,0.536,0.997
Willson Contreras,CHC,C,16,69,6,19,7,1,0,6,0,0,4,15,0,0,4,0.275,0.351,0.406,0.757
Evan Longoria,SF,3B,18,69,5,17,7,0,3,7,1,0,2,22,0,0,0,0.246,0.268,0.478,0.746
Gerardo Parra,COL,OF,21,69,10,15,2,0,1,4,2,1,6,11,1,0,0,0.217,0.28,0.29,0.57
Carlos Gonzalez,COL,OF,20,68,8,16,2,1,3,11,2,1,3,17,0,1,0,0.235,0.264,0.426,0.69
Jose Ramirez,CLE,3B,18,68,8,15,0,0,5,9,2,0,12,4,0,0,0,0.221,0.338,0.441,0.779
Eduardo Nunez,BOS,3B,17,67,11,18,6,0,2,6,0,1,5,8,0,0,0,0.269,0.319,0.448,0.767
Avisail Garcia,CWS,OF,16,67,5,14,3,0,1,3,0,1,0,17,0,1,2,0.209,0.229,0.299,0.528
Andrew Benintendi,BOS,OF,18,67,12,17,4,2,1,13,2,0,13,10,0,1,0,0.254,0.37,0.418,0.788
Jay Bruce,NYM,OF,20,67,5,13,6,0,1,8,1,1,8,16,0,0,0,0.194,0.28,0.328,0.608
Yoan Moncada,CWS,2B,17,67,10,14,4,0,3,9,4,0,11,31,1,0,0,0.209,0.321,0.403,0.724
Dixon Machado,DET,SS,18,67,9,14,7,0,1,12,0,1,5,11,0,1,1,0.209,0.27,0.358,0.628
Miguel Cabrera,DET,1B,19,67,8,20,5,0,2,13,0,0,11,14,0,1,0,0.299,0.392,0.463,0.855
Jonathan Villar,MIL,SS,20,66,2,18,1,0,1,7,4,1,3,23,0,0,0,0.273,0.304,0.333,0.637
Gary Sanchez,NYY,C,16,66,7,12,4,0,3,13,0,0,1,14,0,0,1,0.182,0.206,0.379,0.585
Luis Valbuena,LAA,3B,21,66,10,17,1,0,3,8,0,0,3,18,0,0,0,0.258,0.29,0.409,0.699
Javier Baez,CHC,SS,18,66,17,19,4,3,6,20,1,0,6,14,0,0,2,0.288,0.365,0.712,1.077
Robinson Cano,SEA,2B,19,66,16,22,4,0,2,9,0,0,12,14,0,0,2,0.333,0.45,0.485,0.935
Matt Carpenter,STL,1B,19,66,9,12,4,0,2,10,0,0,15,21,0,2,0,0.182,0.325,0.333,0.658
Alcides Escobar,KC,SS,19,66,9,13,4,1,1,3,1,0,6,7,0,0,2,0.197,0.284,0.333,0.617
Lucas Duda,KC,1B,17,66,6,15,0,0,3,10,0,0,3,19,0,0,2,0.227,0.282,0.364,0.646
Brian Dozier,MIN,2B,15,66,14,20,4,0,4,7,2,1,7,12,0,0,0,0.303,0.37,0.545,0.915
Todd Frazier,NYM,3B,20,66,12,17,5,0,3,14,2,0,16,20,0,2,1,0.258,0.4,0.47,0.87
Tommy Pham,STL,OF,19,66,18,21,3,0,2,5,5,3,15,16,0,0,0,0.318,0.444,0.455,0.899
Adeiny Hechavarria,TB,SS,18,65,6,18,1,0,0,8,0,0,5,9,0,3,0,0.277,0.315,0.292,0.607
Edwin Encarnacion,CLE,1B,18,65,5,9,0,0,4,6,0,0,6,22,0,0,3,0.138,0.243,0.323,0.566
Mitch Haniger,SEA,OF,19,65,9,19,2,0,6,19,1,1,9,16,0,2,1,0.292,0.377,0.6,0.977
Bryce Harper,WAS,OF,21,65,20,18,1,0,8,19,2,0,27,13,0,4,0,0.277,0.469,0.662,1.131
Scott Kingery,PHI,2B,18,65,10,16,7,0,2,13,3,0,6,19,0,1,1,0.246,0.315,0.446,0.761
Ryan Braun,MIL,OF,19,64,8,15,3,0,5,14,2,1,3,16,0,2,0,0.234,0.261,0.516,0.777
Charlie Blackmon,COL,OF,17,64,15,18,3,0,7,14,1,1,9,17,0,0,1,0.281,0.378,0.656,1.034
Evan Gattis,HOU,C,20,64,6,14,5,0,0,6,0,0,8,20,0,0,1,0.219,0.315,0.297,0.612
Yangervis Solarte,TOR,SS,18,64,13,17,3,0,5,10,0,1,14,10,0,1,0,0.266,0.392,0.547,0.939
Buster Posey,SF,C,18,63,6,17,3,0,2,8,2,1,6,9,0,1,0,0.27,0.329,0.413,0.742
Jackie Bradley,BOS,OF,18,63,12,14,4,0,2,6,2,0,6,10,0,0,3,0.222,0.319,0.381,0.7
Didi Gregorius,NYY,SS,19,63,16,21,7,1,5,18,2,1,15,6,0,3,1,0.333,0.451,0.714,1.165
Yonder Alonso,CLE,1B,18,63,8,13,1,0,4,10,0,0,7,14,0,0,0,0.206,0.286,0.413,0.699
Tim Anderson,CWS,SS,17,63,9,15,2,0,3,5,8,0,7,17,0,0,0,0.238,0.314,0.413,0.727
Jose Iglesias,DET,SS,17,63,9,13,4,1,0,6,2,1,3,12,0,0,2,0.206,0.265,0.302,0.567
Victor Martinez,DET,DH,17,62,4,17,5,0,1,10,0,0,5,6,0,2,1,0.274,0.329,0.403,0.732
Jordy Mercer,PIT,SS,20,62,6,15,6,0,0,5,0,0,7,13,0,3,1,0.242,0.315,0.339,0.654
Addison Russell,CHC,SS,18,62,9,14,4,0,0,2,1,0,9,10,0,0,1,0.226,0.333,0.29,0.623
Jonathan Schoop,BAL,2B,14,61,7,14,4,0,1,3,0,1,1,19,1,0,2,0.23,0.266,0.344,0.61
Preston Tucker,ATL,OF,20,61,8,16,4,0,3,18,0,0,3,16,0,1,1,0.262,0.303,0.475,0.778
Brandon Crawford,SF,SS,18,61,3,13,1,1,1,2,0,0,5,21,0,1,0,0.213,0.269,0.311,0.58
Billy Hamilton,CIN,OF,19,61,13,11,1,0,1,6,4,0,9,22,0,0,0,0.18,0.286,0.246,0.532
Francisco Cervelli,PIT,C,18,61,7,16,3,2,2,12,0,0,7,12,0,1,3,0.262,0.361,0.475,0.836
Aledmys Diaz,TOR,SS,18,61,10,13,2,0,4,9,1,0,3,9,0,0,1,0.213,0.262,0.443,0.705
Austin Hedges,SD,C,18,61,5,8,2,0,2,5,0,0,3,22,0,0,0,0.131,0.172,0.262,0.434
Rhys Hoskins,PHI,1B,20,61,15,20,7,0,4,19,3,1,18,18,0,1,2,0.328,0.488,0.639,1.127
Matt Duffy,TB,3B,15,60,4,16,2,0,1,7,2,0,3,13,0,0,0,0.267,0.302,0.35,0.652
Yasmani Grandal,LAD,C,16,60,10,21,5,0,3,14,0,0,8,13,0,0,2,0.35,0.443,0.583,1.026
Nolan Arenado,COL,3B,17,60,6,20,4,1,2,9,1,1,9,11,0,1,0,0.333,0.414,0.533,0.947
Neil Walker,NYY,2B,15,60,5,11,2,0,0,3,0,0,5,12,0,0,0,0.183,0.246,0.217,0.463
Amed Rosario,NYM,SS,18,60,10,15,5,1,0,8,0,2,3,18,2,0,1,0.25,0.297,0.367,0.664
Josh Reddick,HOU,OF,18,60,14,16,1,0,6,15,1,1,11,14,0,0,0,0.267,0.38,0.583,0.963
Jonathan Lucroy,OAK,C,17,59,8,15,3,0,0,4,0,0,6,7,0,0,1,0.254,0.333,0.305,0.638
Miguel Sano,MIN,3B,14,59,8,12,4,0,4,10,0,0,5,29,0,1,0,0.203,0.262,0.475,0.737
Robinson Chirinos,TEX,C,17,59,4,9,4,0,2,6,0,0,4,26,0,1,5,0.153,0.261,0.322,0.583
Eric Thames,MIL,1B,20,59,11,15,3,0,7,13,2,0,10,17,0,0,0,0.254,0.362,0.661,1.023
Yolmer Sanchez,CWS,2B,17,59,4,15,2,2,1,9,1,0,3,14,0,2,2,0.254,0.303,0.407,0.71
Colin Moran,PIT,3B,18,59,6,17,4,0,1,9,0,1,5,12,0,1,0,0.288,0.338,0.407,0.745
Chris Iannetta,COL,C,16,58,8,14,3,0,2,7,0,0,7,16,0,0,0,0.241,0.323,0.397,0.72
Wilson Ramos,TB,C,15,58,6,14,3,0,1,5,0,0,4,11,0,0,0,0.241,0.29,0.345,0.635
Hunter Pence,SF,OF,17,58,3,10,1,0,0,3,1,0,2,22,0,1,0,0.172,0.197,0.19,0.387
Randal Grichuk,TOR,OF,20,58,6,5,2,0,2,5,1,0,7,23,0,1,2,0.086,0.206,0.224,0.43
Ryan Flaherty,ATL,3B,18,58,9,21,5,0,1,8,3,2,11,12,0,0,1,0.362,0.471,0.5,0.971
Mallex Smith,TB,OF,18,58,9,21,3,2,0,3,3,3,6,10,1,0,0,0.362,0.422,0.483,0.905
Christian Villanueva,SD,3B,18,58,12,20,4,0,6,14,1,0,6,20,0,0,4,0.345,0.441,0.724,1.165
Jason Heyward,CHC,OF,17,57,12,14,1,1,2,12,0,0,7,7,0,1,1,0.246,0.333,0.404,0.737
Maikel Franco,PHI,3B,16,57,7,14,2,1,2,17,0,0,5,11,0,2,0,0.246,0.297,0.421,0.718
Nick Ahmed,ARI,SS,17,57,6,11,4,0,2,9,1,0,8,15,0,0,0,0.193,0.292,0.368,0.66
Josh Harrison,PIT,2B,14,57,12,15,2,0,1,5,1,0,5,9,0,1,1,0.263,0.328,0.351,0.679
Anthony Rendon,WAS,3B,14,56,5,16,4,0,1,4,0,1,6,8,0,0,0,0.286,0.355,0.411,0.766
Cameron Maybin,MIA,OF,20,56,5,12,4,0,0,3,1,1,8,19,0,1,0,0.214,0.308,0.286,0.594
Drew Robinson,TEX,OF,18,56,7,10,1,0,1,5,1,1,8,31,0,0,0,0.179,0.281,0.25,0.531
Eddie Rosario,MIN,OF,15,56,8,14,3,1,2,9,2,0,3,11,1,0,0,0.25,0.288,0.446,0.734
Tucker Barnhart,CIN,C,18,55,5,14,4,0,2,4,0,0,9,14,1,0,0,0.255,0.359,0.436,0.795
Kyle Schwarber,CHC,OF,17,54,10,15,3,0,4,13,0,1,11,17,0,0,0,0.278,0.4,0.556,0.956
Chris Owings,ARI,SS,18,54,11,15,4,0,1,6,1,2,5,20,0,0,0,0.278,0.339,0.407,0.746
Brandon Belt,SF,1B,16,54,6,14,2,0,4,9,1,0,8,19,0,1,2,0.259,0.369,0.519,0.888
Matt Joyce,OAK,OF,20,54,10,13,5,0,2,4,0,1,16,11,1,1,1,0.241,0.417,0.444,0.861
Matt Davidson,CWS,3B,15,54,10,11,1,0,5,11,0,0,12,23,0,0,1,0.204,0.358,0.5,0.858
Denard Span,TB,OF,17,54,6,14,3,1,1,17,2,0,9,12,0,1,1,0.259,0.369,0.407,0.776
Christian Vazquez,BOS,C,14,53,5,11,2,0,0,3,0,0,2,8,1,0,2,0.208,0.263,0.245,0.508
James McCann,DET,C,14,53,7,12,2,0,1,8,0,0,5,8,0,1,1,0.226,0.3,0.321,0.621
Austin Jackson,SF,OF,14,53,3,11,1,0,0,3,1,0,4,21,0,1,0,0.208,0.259,0.226,0.485
Matt Kemp,LAD,OF,18,53,7,17,3,0,3,10,0,0,4,18,0,1,0,0.321,0.362,0.547,0.909
Anthony Santander,BAL,OF,16,53,3,9,3,0,1,4,1,0,3,15,0,0,0,0.17,0.214,0.283,0.497
Cheslor Cuthbert,KC,3B,15,52,4,13,1,0,0,2,0,1,5,9,0,1,2,0.25,0.333,0.269,0.602
Ian Happ,CHC,2B,15,52,4,11,2,0,2,5,2,0,4,25,0,0,0,0.212,0.268,0.365,0.633
Joe Mauer,MIN,1B,14,52,7,16,5,0,0,6,0,0,13,8,0,0,0,0.308,0.446,0.404,0.85
Elvis Andrus,TEX,SS,14,52,7,17,3,0,2,5,0,1,8,2,0,0,1,0.327,0.426,0.5,0.926
Bradley Zimmer,CLE,OF,17,52,5,13,2,0,1,3,3,1,2,19,0,0,0,0.25,0.278,0.346,0.624
Joey Wendle,TB,2B,18,52,9,15,3,2,1,5,1,1,7,13,0,1,1,0.288,0.377,0.481,0.858
J.P. Crawford,PHI,3B,16,51,8,10,2,0,2,6,0,0,3,15,1,0,0,0.196,0.241,0.353,0.594
Jake Marisnick,HOU,OF,17,51,4,6,0,0,2,5,2,0,0,27,0,0,0,0.118,0.118,0.235,0.353
Hunter Renfroe,SD,OF,17,50,10,10,4,1,2,8,0,0,4,16,0,1,2,0.2,0.281,0.44,0.721
Jorge Soler,KC,OF,15,50,4,14,4,0,1,2,0,1,8,15,0,1,1,0.28,0.383,0.42,0.803
Martin Maldonado,LAA,C,15,50,4,10,2,0,0,6,0,0,2,11,0,0,4,0.2,0.286,0.24,0.526
Nicky Delmonico,CWS,OF,15,49,3,13,1,0,1,4,1,0,7,11,0,0,1,0.265,0.368,0.347,0.715
Daniel Descalso,ARI,2B,19,49,5,9,1,1,2,7,0,0,6,13,0,1,0,0.184,0.268,0.367,0.635
Wilmer Difo,WAS,SS,19,49,5,11,3,0,0,5,2,1,6,15,1,0,0,0.224,0.309,0.286,0.595
Jesse Winker,CIN,OF,17,49,4,14,1,0,0,4,0,0,13,11,0,0,1,0.286,0.444,0.306,0.75
Miguel Andujar,NYY,3B,12,48,7,12,5,1,2,9,0,0,2,8,0,1,0,0.25,0.275,0.521,0.796
Manuel Margot,SD,OF,12,48,4,7,1,0,1,3,2,0,4,9,0,0,1,0.146,0.226,0.229,0.455
Max Kepler,MIN,OF,15,48,6,14,3,0,4,6,0,0,8,5,0,0,0,0.292,0.393,0.604,0.997
Logan Morrison,MIN,1B,13,48,3,4,1,0,1,3,0,0,5,13,0,0,1,0.083,0.185,0.167,0.352
Adam Frazier,PIT,OF,18,48,7,11,1,0,1,3,0,2,2,11,1,0,0,0.229,0.26,0.313,0.573
Aaron Altherr,PHI,OF,18,48,6,5,1,0,2,9,1,2,9,18,0,0,0,0.104,0.246,0.25,0.496
Devon Travis,TOR,2B,14,47,4,7,1,0,0,2,0,0,1,16,0,0,3,0.149,0.216,0.17,0.386
Cory Spangenberg,SD,3B,18,47,4,10,3,0,2,4,1,0,2,17,1,0,1,0.213,0.26,0.404,0.664
Curtis Granderson,TOR,OF,18,47,10,15,2,1,2,9,0,1,10,14,0,0,0,0.319,0.439,0.532,0.971
Eduardo Escobar,MIN,3B,12,47,5,13,6,0,1,7,1,0,4,14,0,2,0,0.277,0.321,0.468,0.789
Michael Conforto,NYM,OF,15,47,11,10,3,0,1,5,1,1,13,16,0,1,1,0.213,0.387,0.34,0.727
Logan Forsythe,LAD,2B,12,46,2,8,2,0,1,4,0,0,3,6,0,0,0,0.174,0.224,0.283,0.507
Steve Pearce,TOR,OF,15,46,11,14,3,0,3,10,0,0,4,6,0,0,0,0.304,0.36,0.565,0.925
Jarrod Dyson,ARI,OF,14,46,5,8,3,2,0,3,2,0,4,6,1,0,0,0.174,0.24,0.326,0.566
Josh Donaldson,TOR,3B,12,46,10,11,1,0,3,9,1,0,8,14,0,0,0,0.239,0.352,0.457,0.809
Adrian Gonzalez,NYM,1B,16,46,6,11,1,0,2,11,0,0,8,7,0,1,0,0.239,0.345,0.391,0.736
Enrique Hernandez,LAD,SS,17,46,6,11,3,0,2,8,0,0,6,15,0,2,0,0.239,0.315,0.435,0.75
Kurt Suzuki,ATL,C,16,46,9,15,3,0,3,9,0,0,6,2,0,2,2,0.326,0.411,0.587,0.998
Tyler Austin,NYY,1B,13,46,10,13,4,0,3,9,1,0,5,17,0,0,1,0.283,0.365,0.565,0.93
Kolten Wong,STL,2B,18,45,2,6,0,0,0,2,0,0,6,6,0,0,2,0.133,0.264,0.133,0.397
Adam Engel,CWS,OF,16,45,1,7,1,0,0,4,1,0,5,14,0,1,1,0.156,0.25,0.178,0.428
Ryan Rua,TEX,OF,16,45,3,8,1,0,1,3,1,1,2,14,1,1,0,0.178,0.208,0.267,0.475
Jurickson Profar,TEX,OF,16,45,3,11,3,0,0,4,1,0,9,9,0,0,0,0.244,0.37,0.311,0.681
Anthony Rizzo,CHC,1B,10,44,5,6,0,0,1,5,0,0,4,9,0,0,4,0.136,0.269,0.205,0.474
Brian McCann,HOU,C,14,44,9,14,2,0,1,5,0,0,7,10,0,0,3,0.318,0.444,0.432,0.876
Ben Zobrist,CHC,2B,13,43,6,14,1,1,1,7,0,0,6,5,0,0,0,0.326,0.408,0.465,0.873
Paulo Orlando,KC,OF,12,43,2,9,2,0,0,4,0,0,1,10,0,0,0,0.209,0.227,0.256,0.483
Daniel Vogelbach,SEA,1B,15,43,4,10,2,0,2,5,0,0,5,17,0,0,2,0.233,0.34,0.419,0.759
Russell Martin,TOR,C,13,43,6,6,1,0,2,6,0,0,8,15,0,0,1,0.14,0.288,0.302,0.59
Kevin Kiermaier,TB,OF,12,43,6,7,1,1,0,1,1,0,5,18,0,0,0,0.163,0.25,0.233,0.483
Jorge Alfaro,PHI,C,14,43,2,8,0,0,1,3,0,0,4,21,0,0,1,0.186,0.271,0.256,0.527
Nick Williams,PHI,OF,18,43,7,10,2,0,1,4,1,0,5,14,0,0,0,0.233,0.313,0.349,0.662
Albert Almora,CHC,OF,15,43,13,15,4,1,1,5,0,0,4,7,0,0,0,0.349,0.404,0.558,0.962
Drew Butera,KC,C,13,42,1,7,2,0,0,5,0,0,3,13,0,1,1,0.167,0.234,0.214,0.448
Eric Sogard,MIL,2B,20,42,1,7,4,0,0,2,0,0,2,12,1,0,0,0.167,0.205,0.262,0.467
Byron Buxton,MIN,OF,11,41,2,8,2,0,0,2,4,0,2,11,0,0,0,0.195,0.233,0.244,0.477
Ryan McMahon,COL,1B,20,41,3,6,1,0,0,2,0,0,5,18,0,0,0,0.146,0.239,0.171,0.41
Yan Gomes,CLE,C,12,41,5,9,1,0,3,6,0,0,4,17,0,0,0,0.22,0.289,0.463,0.752
Michael Brantley,CLE,OF,10,41,2,14,3,0,1,7,1,1,1,2,0,0,1,0.341,0.372,0.488,0.86
Hernan Perez,MIL,3B,18,41,3,9,0,0,2,4,1,1,2,6,0,0,0,0.22,0.256,0.366,0.622
Daniel Robertson,TB,SS,16,40,10,10,2,0,2,5,1,0,13,12,0,0,0,0.25,0.434,0.45,0.884
Jason Castro,MIN,C,11,40,2,6,1,0,1,1,0,0,4,15,0,0,0,0.15,0.227,0.25,0.477
Jett Bandy,MIL,C,13,40,4,8,2,0,1,1,0,0,1,14,0,0,4,0.2,0.289,0.325,0.614
Welington Castillo,CWS,C,13,40,4,9,3,0,2,4,0,0,4,12,0,0,0,0.225,0.295,0.45,0.745
Chase Utley,LAD,2B,16,40,5,13,3,0,1,8,2,0,7,6,0,1,1,0.325,0.429,0.475,0.904
Pedro Alvarez,BAL,DH,17,39,6,9,2,0,2,7,0,0,8,11,0,0,0,0.231,0.362,0.436,0.798
Chance Sisco,BAL,C,17,39,3,10,3,0,0,4,0,0,4,16,0,0,1,0.256,0.341,0.333,0.674
Mitch Moreland,BOS,1B,15,39,7,13,5,0,2,11,0,0,5,6,0,1,0,0.333,0.4,0.615,1.015
Wilmer Flores,NYM,3B,18,38,4,10,2,0,2,5,0,0,4,4,0,0,0,0.263,0.333,0.474,0.807
Joc Pederson,LAD,OF,16,38,7,8,2,0,1,5,0,1,6,6,0,0,0,0.211,0.318,0.342,0.66
Christian Yelich,MIL,OF,10,38,9,13,2,1,1,6,0,1,6,8,0,0,1,0.342,0.444,0.526,0.97
Xander Bogaerts,BOS,SS,9,38,7,14,7,0,2,9,0,0,2,7,0,0,0,0.368,0.4,0.711,1.111
Nelson Cruz,SEA,DH,10,38,5,10,2,0,4,7,0,0,2,6,0,0,0,0.263,0.3,0.632,0.932
Derek Fisher,HOU,OF,19,37,7,5,1,2,0,3,2,0,2,18,0,1,0,0.135,0.175,0.27,0.445
JaCoby Jones,DET,OF,15,37,7,11,1,1,2,4,3,0,3,9,0,1,2,0.297,0.372,0.541,0.913
Caleb Joseph,BAL,C,11,37,0,3,0,1,0,2,0,0,1,17,1,0,0,0.081,0.105,0.135,0.24
Brock Holt,BOS,2B,12,37,6,9,2,0,1,4,0,0,5,4,0,0,0,0.243,0.333,0.378,0.711
Pat Valaika,COL,SS,19,37,0,3,2,0,0,1,0,0,2,9,0,0,0,0.081,0.128,0.135,0.263
Franchy Cordero,SD,OF,10,37,5,9,1,0,3,7,2,1,2,13,1,0,0,0.243,0.282,0.514,0.796
Ronald Torreyes,NYY,SS,12,36,5,15,4,0,0,4,0,0,1,4,0,0,0,0.417,0.432,0.528,0.96
Phillip Ervin,CIN,OF,15,36,4,8,1,0,0,3,1,1,5,12,0,0,1,0.222,0.333,0.25,0.583
Tyler Naquin,CLE,OF,13,36,3,10,0,0,1,4,0,1,2,10,0,0,0,0.278,0.316,0.361,0.677
Brad Miller,TB,2B,11,35,2,7,1,0,1,6,0,0,4,11,0,0,0,0.2,0.282,0.314,0.596
Alex Avila,ARI,C,12,35,2,4,0,0,1,2,0,0,6,18,0,0,0,0.114,0.244,0.2,0.444
Jefry Marte,LAA,1B,15,35,7,13,3,1,1,5,0,0,2,2,0,0,0,0.371,0.405,0.6,1.005
Tyler Wade,NYY,2B,13,35,1,3,2,0,0,4,0,0,3,11,0,0,0,0.086,0.158,0.143,0.301
Pedro Severino,WAS,C,12,35,4,10,2,0,0,5,1,0,5,8,0,0,2,0.286,0.405,0.343,0.748
Isiah Kiner-Falefa,TEX,SS,10,34,3,10,1,0,1,2,1,0,2,11,0,0,0,0.294,0.333,0.412,0.745
Rougned Odor,TEX,2B,11,34,3,7,2,0,0,4,0,2,4,7,1,1,1,0.206,0.3,0.265,0.565
Craig Gentry,BAL,OF,14,33,4,7,0,0,0,1,4,0,3,9,0,0,0,0.212,0.278,0.212,0.49
Bryan Holaday,MIA,C,13,33,2,6,1,0,0,2,0,0,3,3,0,0,0,0.182,0.25,0.212,0.462
Yulieski Gurriel,HOU,1B,8,33,4,9,4,0,1,5,0,0,1,5,0,2,0,0.273,0.278,0.485,0.763
Ichiro Suzuki,SEA,OF,11,33,3,7,0,0,0,0,0,0,0,4,0,0,0,0.212,0.212,0.212,0.424
Andrew Knapp,PHI,C,12,33,2,7,0,0,0,2,1,0,4,12,0,0,0,0.212,0.297,0.212,0.509
Manny Pina,MIL,C,10,32,3,7,1,0,1,3,0,0,4,5,0,0,1,0.219,0.324,0.344,0.668
Leury Garcia,CWS,OF,13,32,4,7,1,0,0,3,4,0,2,9,0,0,2,0.219,0.306,0.25,0.556
Niko Goodrum,DET,2B,14,31,4,6,2,0,1,3,3,0,3,10,0,0,0,0.194,0.265,0.355,0.62
Teoscar Hernandez,TOR,OF,7,31,6,10,3,1,2,9,1,0,3,9,0,0,0,0.323,0.382,0.677,1.059
Nick Hundley,SF,C,12,31,5,7,1,0,1,2,0,0,3,7,0,0,0,0.226,0.294,0.355,0.649
Matt Adams,WAS,1B,15,31,4,6,2,0,2,4,0,0,7,12,0,0,1,0.194,0.359,0.452,0.811
Chad Wallach,MIA,C,9,31,1,4,1,0,0,2,0,0,2,17,1,0,0,0.129,0.182,0.161,0.343
Jesus Aguilar,MIL,1B,17,31,8,13,4,0,1,4,0,0,3,4,0,0,1,0.419,0.486,0.645,1.131
Mikie Mahtook,DET,OF,9,31,3,4,1,0,0,1,0,0,3,10,0,1,0,0.129,0.2,0.161,0.361
Kendrys Morales,TOR,DH,10,31,4,8,1,0,1,7,0,0,2,9,0,1,0,0.258,0.294,0.387,0.681
Robbie Grossman,MIN,OF,11,30,1,4,2,0,0,4,0,0,2,12,0,0,0,0.133,0.188,0.2,0.388
Deven Marrero,ARI,3B,11,30,5,7,0,1,0,5,1,0,1,5,0,1,0,0.233,0.25,0.3,0.55
Ian Kinsler,LAA,2B,8,30,3,8,0,0,1,2,2,0,2,0,0,1,1,0.267,0.324,0.367,0.691
Gregor Blanco,SF,OF,12,30,3,11,2,0,0,1,0,1,3,5,0,0,0,0.367,0.424,0.433,0.857
Mark Canha,OAK,OF,9,30,7,10,2,0,2,7,0,0,3,7,0,0,0,0.333,0.394,0.6,0.994
Abraham Almonte,KC,OF,10,30,3,7,0,0,1,2,0,0,1,5,0,0,0,0.233,0.258,0.333,0.591
Max Stassi,HOU,C,11,29,5,9,2,0,2,7,0,0,3,12,0,0,2,0.31,0.412,0.586,0.998
Luke Maile,TOR,C,8,29,7,12,4,0,0,9,1,0,4,7,0,0,0,0.414,0.485,0.552,1.037
Rajai Davis,CLE,OF,14,29,2,6,2,0,0,0,4,1,1,5,0,0,1,0.207,0.258,0.276,0.534
Adam Eaton,WAS,OF,8,29,10,10,3,0,2,5,0,0,3,2,0,0,1,0.345,0.424,0.655,1.079
Juan Lagares,NYM,OF,14,29,4,11,1,0,0,3,2,1,3,3,0,1,0,0.379,0.424,0.414,0.838
Guillermo Heredia,SEA,OF,16,29,4,9,1,0,2,4,0,1,4,4,1,1,2,0.31,0.417,0.552,0.969
Chase Headley,SD,3B,15,29,2,3,1,0,0,1,0,0,4,13,0,0,2,0.103,0.257,0.138,0.395
Danny Valencia,BAL,1B,11,28,6,4,1,0,2,3,0,0,6,8,0,0,0,0.143,0.294,0.393,0.687
Victor Caratini,CHC,C,9,28,4,7,3,0,0,1,0,0,1,7,0,0,1,0.25,0.3,0.357,0.657
Brandon Guyer,CLE,OF,12,28,0,4,3,0,0,2,0,0,0,5,0,0,1,0.143,0.172,0.25,0.422
Moises Sierra,WAS,OF,10,28,2,7,2,0,0,3,1,1,0,7,0,1,1,0.25,0.267,0.321,0.588
David Freitas,SEA,C,11,28,4,8,4,0,0,1,0,0,3,9,0,0,0,0.286,0.355,0.429,0.784
Sean Rodriguez,PIT,OF,11,27,4,6,0,0,3,6,0,0,4,7,0,0,0,0.222,0.323,0.556,0.879
Mike Marjama,SEA,C,10,27,1,3,3,0,0,0,0,1,2,6,0,0,0,0.111,0.172,0.222,0.394
Eugenio Suarez,CIN,3B,8,27,5,8,1,1,2,7,0,0,5,6,0,0,1,0.296,0.424,0.63,1.054
Aaron Hicks,NYY,OF,8,27,5,8,1,0,2,5,0,1,7,7,0,0,0,0.296,0.441,0.556,0.997
Kelby Tomlinson,SF,2B,15,26,3,7,1,0,0,0,0,1,3,7,0,0,0,0.269,0.345,0.308,0.653
Matt Wieters,WAS,C,9,26,4,6,0,0,2,3,0,1,5,6,0,0,1,0.231,0.375,0.462,0.837
Sandy Leon,BOS,C,8,26,2,3,0,0,0,1,0,0,0,6,0,0,0,0.115,0.115,0.115,0.23
Harrison Bader,STL,OF,13,26,4,7,0,0,1,2,3,1,5,8,0,0,2,0.269,0.424,0.385,0.809
Ronald Guzman,TEX,1B,7,26,3,6,3,0,1,6,0,0,2,9,0,0,0,0.231,0.286,0.462,0.748
David Freese,PIT,3B,13,26,5,6,1,0,2,5,0,0,3,9,0,0,0,0.231,0.31,0.5,0.81
Tomas Telis,MIA,1B,19,25,2,6,1,0,0,1,0,0,2,7,0,0,0,0.24,0.296,0.28,0.576
Pablo Sandoval,SF,3B,14,25,2,5,2,0,1,5,0,0,2,10,0,0,0,0.2,0.259,0.4,0.659
Omar Narvaez,CWS,C,10,25,1,4,2,0,0,1,0,2,5,8,0,0,0,0.16,0.3,0.24,0.54
Carlos Tocci,TEX,OF,11,25,0,2,0,0,0,0,0,0,1,12,1,0,1,0.08,0.148,0.08,0.228
Ryan Goins,KC,SS,9,25,1,6,1,0,0,0,0,0,2,10,0,0,0,0.24,0.296,0.28,0.576
Alex Blandino,CIN,SS,9,25,0,4,0,0,0,1,0,0,1,7,0,0,1,0.16,0.222,0.16,0.382
Chad Pinder,OAK,SS,8,25,3,5,2,0,1,1,0,0,2,11,0,0,1,0.2,0.286,0.4,0.686
J.D. Davis,HOU,3B,9,24,1,6,0,0,0,1,0,0,4,9,0,0,0,0.25,0.357,0.25,0.607
Brian Goodwin,WAS,OF,13,24,3,6,0,0,1,8,2,1,5,11,1,1,1,0.25,0.387,0.375,0.762
J.B. Shuck,MIA,OF,8,24,3,7,0,1,0,0,0,0,1,5,0,0,1,0.292,0.346,0.375,0.721
Greg Garcia,STL,2B,15,24,6,7,2,0,2,4,0,0,4,6,1,0,0,0.292,0.393,0.625,1.018
Austin Barnes,LAD,C,16,24,4,6,1,0,0,1,0,0,5,6,0,0,0,0.25,0.379,0.292,0.671
Cliff Pennington,CIN,2B,14,24,0,3,0,0,0,0,0,0,4,12,0,0,0,0.125,0.25,0.125,0.375
Cameron Gallagher,KC,C,8,24,2,5,2,0,0,2,0,0,1,4,0,0,0,0.208,0.24,0.292,0.532
Peter Bourjos,ATL,OF,17,24,4,3,1,0,0,2,0,0,2,7,0,0,0,0.125,0.192,0.167,0.359
Boog Powell,OAK,OF,7,24,3,4,1,1,0,0,1,1,1,6,0,0,0,0.167,0.2,0.292,0.492
Tony Wolters,COL,C,10,24,1,3,0,0,0,3,0,0,5,9,0,0,1,0.125,0.3,0.125,0.425
Jose Reyes,NYM,SS,14,24,1,3,0,0,0,0,1,1,1,4,0,0,0,0.125,0.16,0.125,0.285
Charlie Culberson,ATL,SS,13,24,4,3,1,0,0,0,0,0,3,9,0,0,1,0.125,0.25,0.167,0.417
Alex Gordon,KC,OF,7,23,0,4,1,0,0,0,1,0,1,6,0,0,0,0.174,0.208,0.217,0.425
Roberto Perez,CLE,C,7,23,2,4,0,0,1,1,0,0,3,9,0,0,0,0.174,0.269,0.304,0.573
#REF!,ARI,C,11,23,5,6,2,0,2,4,0,0,1,8,0,0,0,0.261,0.292,0.609,0.901
Mike Tauchman,COL,OF,15,23,2,1,0,0,0,0,1,0,3,11,1,0,0,0.043,0.154,0.043,0.197
Gorkys Hernandez,SF,OF,15,23,3,7,0,0,1,1,1,0,0,8,1,0,0,0.304,0.304,0.435,0.739
Brandon Drury,NYY,2B,8,23,2,5,1,0,1,4,0,0,4,6,0,0,0,0.217,0.333,0.391,0.724
Ryon Healy,SEA,3B,6,22,1,2,1,0,0,4,0,0,1,6,0,0,0,0.091,0.13,0.136,0.266
#REF!,CHC,2B,17,22,3,6,2,0,0,4,0,0,3,4,0,0,0,0.273,0.36,0.364,0.724
Devin Mesoraco,CIN,C,11,22,1,5,0,0,1,2,0,0,0,6,0,0,2,0.227,0.292,0.364,0.656
Rene Rivera,LAA,C,11,22,4,7,2,0,1,5,0,0,2,8,0,0,1,0.318,0.4,0.545,0.945
Juan Centeno,TEX,C,5,22,1,4,0,0,0,1,0,0,0,3,0,0,0,0.182,0.182,0.182,0.364
Kyle Farmer,LAD,C,11,22,0,6,2,0,0,3,0,0,2,3,0,0,1,0.273,0.36,0.364,0.724
Phil Gosselin,CIN,2B,16,22,4,3,0,0,1,2,0,0,3,8,0,0,0,0.136,0.24,0.273,0.513
Austin Romine,NYY,C,8,21,2,6,0,0,0,4,0,0,3,6,0,0,0,0.286,0.375,0.286,0.661
Colby Rasmus,BAL,OF,8,21,1,2,1,0,0,0,0,0,1,13,0,0,1,0.095,0.174,0.143,0.317
Brandon Nimmo,NYM,OF,13,21,7,7,1,2,1,2,1,0,6,5,0,0,3,0.333,0.533,0.714,1.247
Kevin Plawecki,NYM,C,7,20,5,3,1,0,0,1,0,0,6,6,0,0,2,0.15,0.393,0.2,0.593
Jesus Sucre,TB,C,6,20,1,5,0,0,0,2,1,0,1,5,1,1,0,0.25,0.273,0.25,0.523
Jeff Mathis,ARI,C,8,19,1,4,1,0,0,1,0,0,4,11,0,0,0,0.211,0.348,0.263,0.611
Jake Smolinski,OAK,OF,10,19,1,1,0,0,0,0,1,0,1,7,0,0,1,0.053,0.143,0.053,0.196
Gift Ngoepe,TOR,2B,12,18,1,1,0,0,0,0,0,0,1,12,0,0,0,0.056,0.105,0.056,0.161
Bruce Maxwell,OAK,C,6,18,2,4,2,0,0,3,0,0,2,4,0,1,0,0.222,0.286,0.333,0.619
Tzu-Wei Lin,BOS,2B,8,18,2,6,2,0,0,1,0,0,3,6,0,0,0,0.333,0.429,0.444,0.873
Rob Refsnyder,TB,2B,9,18,2,2,0,0,0,0,0,0,7,8,0,0,0,0.111,0.36,0.111,0.471
Yairo Munoz,STL,SS,11,18,1,2,1,0,0,1,0,0,2,11,0,0,0,0.111,0.2,0.167,0.367
Jake Lamb,ARI,3B,4,18,2,5,1,0,0,5,0,1,2,6,0,0,0,0.278,0.35,0.333,0.683
Braxton Lee,MIA,OF,8,17,0,3,0,0,0,2,0,0,1,8,0,0,0,0.176,0.222,0.176,0.398
Lane Adams,ATL,OF,15,17,5,4,0,0,1,4,0,0,4,4,0,0,0,0.235,0.381,0.412,0.793
Lonnie Chisenhall,CLE,OF,7,17,3,4,1,0,0,0,1,0,3,4,0,0,1,0.235,0.381,0.294,0.675
Matt Szczur,SD,OF,14,17,3,5,0,0,0,0,1,0,1,5,0,0,0,0.294,0.333,0.294,0.627
Elias Diaz,PIT,C,7,17,4,7,0,0,1,2,0,0,1,2,0,0,0,0.412,0.444,0.588,1.032
John Hicks,DET,1B,5,17,2,3,1,0,1,3,0,0,1,7,0,0,0,0.176,0.222,0.412,0.634
Johnny Field,TB,OF,7,17,3,3,1,0,0,0,0,0,2,5,0,0,0,0.176,0.263,0.235,0.498
Carlos Perez,ATL,C,6,17,0,3,0,0,0,0,0,0,1,5,0,0,0,0.176,0.222,0.176,0.398
Jose Lobaton,NYM,C,8,16,2,1,0,1,0,1,0,0,5,7,0,0,0,0.063,0.286,0.188,0.474
Ehire Adrianza,MIN,SS,7,16,2,4,1,0,0,1,0,0,1,5,0,0,0,0.25,0.294,0.313,0.607
Chris Young,LAA,OF,11,16,1,4,1,0,1,3,0,0,0,6,0,0,0,0.25,0.25,0.5,0.75
A.J. Ellis,SD,C,6,16,1,3,0,0,0,0,0,0,2,6,1,0,1,0.188,0.316,0.188,0.504
Wil Myers,SD,1B,4,16,2,5,0,0,1,1,0,0,0,2,0,0,0,0.313,0.313,0.5,0.813
Ryan LaMarre,MIN,OF,9,15,1,8,0,0,0,2,0,0,0,6,0,0,0,0.533,0.533,0.533,1.066
Scott Schebler,CIN,OF,5,15,3,4,1,0,1,1,1,0,0,2,0,0,2,0.267,0.353,0.533,0.886
Mitch Garver,MIN,C,5,15,3,2,0,0,1,1,0,0,1,6,0,0,0,0.133,0.188,0.333,0.521
Travis d'Arnaud,NYM,C,4,15,1,3,0,0,1,3,0,0,1,5,0,0,0,0.2,0.25,0.4,0.65
Taylor Motter,SEA,SS,8,15,2,4,0,0,1,1,0,0,2,5,0,0,0,0.267,0.353,0.467,0.82
Luis Sardinas,BAL,SS,5,14,2,2,0,0,1,1,0,0,2,3,0,0,0,0.143,0.25,0.357,0.607
Chris Stewart,ATL,C,5,14,3,3,0,0,0,3,0,0,1,1,0,1,0,0.214,0.25,0.214,0.464
Andrew Romine,SEA,3B,10,13,1,0,0,0,0,0,0,0,0,6,0,0,0,0,0,0,0
Blake Swihart,BOS,C,9,13,1,3,1,0,0,1,0,0,1,3,0,0,0,0.231,0.286,0.308,0.594
Yadiel Rivera,MIA,3B,14,12,2,2,0,0,0,0,0,0,2,3,0,0,0,0.167,0.286,0.167,0.453
Matt Reynolds,WAS,3B,9,12,1,1,0,0,0,1,0,0,1,4,0,0,0,0.083,0.154,0.083,0.237
Tomas Nido,NYM,C,8,11,1,2,0,0,0,0,0,0,1,4,0,0,0,0.182,0.25,0.182,0.432
Max Muncy,LAD,2B,4,11,2,2,0,0,1,2,0,0,2,4,0,0,0,0.182,0.308,0.455,0.763
Miguel Montero,WAS,C,4,11,0,0,0,0,0,0,0,0,2,3,0,0,0,0,0.154,0,0.154
Jace Peterson,NYY,OF,3,10,0,3,0,0,0,0,0,1,1,3,0,0,0,0.3,0.364,0.3,0.664
J.T. Realmuto,MIA,C,3,10,2,3,0,0,1,4,0,0,1,3,0,0,0,0.3,0.364,0.6,0.964
Renato Nunez,TEX,OF,3,10,0,2,1,0,0,0,0,0,1,2,0,0,0,0.2,0.273,0.3,0.573
Jedd Gyorko,STL,3B,6,10,3,5,1,0,0,2,1,0,4,2,0,1,1,0.5,0.625,0.6,1.225
Pedro Florimon,PHI,OF,9,10,3,2,1,0,0,0,0,1,2,3,0,0,0,0.2,0.333,0.3,0.633
Victor Reyes,DET,OF,8,8,5,1,0,0,0,0,1,0,0,2,0,0,0,0.125,0.125,0.125,0.25
Lourdes Gurriel,TOR,2B,2,8,0,3,0,0,0,3,0,0,0,2,0,0,0,0.375,0.375,0.375,0.75
Mike Zunino,SEA,C,2,8,1,0,0,0,0,0,0,0,0,5,0,0,1,0,0.111,0,0.111
Tyler Saladino,CWS,SS,6,8,2,2,1,0,0,0,0,0,0,3,1,0,0,0.25,0.25,0.375,0.625
Erik Gonzalez,CLE,2B,8,8,1,1,0,0,0,0,0,0,1,2,0,0,0,0.125,0.222,0.125,0.347
Mac Williamson,SF,OF,2,8,1,2,0,0,1,2,0,0,0,1,0,0,0,0.25,0.25,0.625,0.875
#REF!,TEX,OF,2,7,1,1,0,0,0,0,0,0,1,1,0,0,0,0.143,0.25,0.143,0.393
Trayce Thompson,OAK,OF,3,7,1,1,0,0,0,0,0,0,0,4,0,0,0,0.143,0.143,0.143,0.286
Brett Phillips,MIL,OF,2,7,0,1,0,0,0,0,0,0,0,4,0,0,0,0.143,0.143,0.143,0.286
Garrett Cooper,MIA,1B,4,7,0,1,0,0,0,1,0,0,1,3,0,0,1,0.143,0.333,0.143,0.476
Francisco Pena,STL,C,4,6,1,2,0,0,0,0,0,0,0,1,0,0,0,0.333,0.333,0.333,0.666
Brandon Snyder,TB,3B,2,6,0,1,1,0,0,0,0,0,0,2,0,0,0,0.167,0.167,0.333,0.5
Efren Navarro,CHC,1B,4,6,0,1,0,0,0,0,0,0,0,4,0,0,0,0.167,0.167,0.167,0.334
Christian Walker,ARI,1B,7,6,0,1,1,0,0,1,0,0,1,4,0,0,0,0.167,0.286,0.333,0.619
Max Moroff,PIT,2B,3,6,0,2,1,0,0,1,0,0,0,3,0,0,0,0.333,0.333,0.5,0.833
Johan Camargo,ATL,SS,4,6,1,1,0,1,0,1,0,0,1,4,0,0,0,0.167,0.286,0.5,0.786
Ben Gamel,SEA,OF,4,6,1,0,0,0,0,0,1,0,1,1,0,0,0,0,0.143,0,0.143
Ryan Schimpf,LAA,3B,4,5,2,1,0,0,1,2,0,0,2,3,0,0,0,0.2,0.429,0.8,1.229
Trayce Thompson,CWS,OF,2,5,1,1,0,0,1,1,0,0,0,1,0,0,0,0.2,0.2,0.8,1