name,rank,position,team,salary_2017
Richard Sherman,25,DB,SEA,11431000
Kirk Cousins,1,QB,WAS,23943600
Trumaine Johnson,2,CB,LAR,16742400
Josh Norman,3,CB,WAS,16500000
Von Miller,4,LB,DEN,16500000
Justin Houston,5,LB,KAN,16350000
Matt Ryan,6,QB,ATL,15750000
Carson Palmer,7,QB,ARI,15500000
Muhammad Wilkerson,8,DT,NYJ,14750000
Sam Bradford,9,QB,MIN,14000000
Malik Jackson,10,DT,JAX,13500000
Gerald McCoy,11,DT,TAM,13250000
Cam Newton,12,QB,CAR,13166666
Andy Dalton,13,QB,CIN,13100000
Eli Manning,14,QB,NYG,13000000
Drew Brees,15,QB,NOR,13000000
Dez Bryant,16,WR,DAL,13000000
Janoris Jenkins,17,CB,NYG,12900000
Ezekiel Ansah,18,DE,DET,12734000
Russell Wilson,19,QB,SEA,12600000
Aaron Rodgers,20,QB,GNB,12550000
Le'Veon Bell,21,RB,PIT,12120000
Ben Roethlisberger,22,QB,PIT,12000000
Olivier Vernon,23,DE,NYG,11750000
Julio Jones,24,WR,ATL,11500000
Trent Williams,26,T,WAS,11250000
Philip Rivers,28,QB,LAC,11000000
Aqib Talib,29,DB,DEN,11000000
Larry Fitzgerald,27,WR,ARI,11000000
Alex Smith,30,QB,KAN,10800000
J.J. Watt,31,DE,HOU,10500000
A.J. Green,32,WR,CIN,10300000
Clay Matthews,33,LB,GNB,10100000
Ndamukong Suh,34,DT,MIA,9985000
Patrick Peterson,35,CB,ARI,9750000
Marcell Dareus,36,DT,2TM,9750000
Duane Brown,37,G,2TM,9400000
Calais Campbell,40,DE,JAX,9000000
Vontae Davis,39,DB,IND,9000000
Cordy Glenn,38,T,BUF,9000000
Justin Pugh,41,OG,NYG,8821000
Joe Thomas,42,T,CLE,8800000
Damon Harrison,43,DT,NYG,8750000
Randall Cobb,44,WR,GNB,8600000
Earl Thomas,47,DB,SEA,8500000
Demaryius Thomas,46,WR,DEN,8500000
Byron Maxwell,45,DB,2TM,8500000
Alec Ogletree,48,OLB,LAR,8369000
Ryan Kerrigan,50,DE,WAS,8250000
Joe Staley,51,T,SFO,8250000
Jordy Nelson,49,WR,GNB,8250000
Sheldon Richardson,52,DT,SEA,8069000
Xavier Rhodes,53,CB,MIN,8026000
Corey Liuget,54,DT,LAC,8000000
T.Y. Hilton,55,WR,IND,8000000
DeAndre Hopkins,58,WR,HOU,8000000
Mike Glennon,56,QB,CHI,8000000
Mike Iupati,57,G,ARI,8000000
Mike Pouncey,59,OL,MIA,7950000
Jimmy Graham,60,TE,SEA,7900000
Lane Johnson,61,OT,PHI,7750000
Maurkice Pouncey,63,C,PIT,7500000
Andrew Whitworth,64,T,LAR,7500000
Tyrod Taylor,65,QB,BUF,7500000
Dontari Poe,62,DT,ATL,7500000
Chris Harris,67,CB,DEN,7400000
Jason Witten,66,TE,DAL,7400000
Luke Kuechly,68,ILB,CAR,7363324
Geno Atkins,69,DT,CIN,7300000
Tyrone Crawford,70,DE,DAL,7250000
Vinny Curry,71,DE,PHI,7000000
Cameron Jordan,76,DE,NOR,7000000
Allen Hurns,73,WR,JAX,7000000
Marvin Jones,75,WR,DET,7000000
Akiem Hicks,72,DE,CHI,7000000
Chandler Jones,74,DE,ARI,7000000
Dominique Rodgers-Cromartie,77,DB,NYG,6980000
Pernell McPhee,78,DL,CHI,6950000
Cameron Wake,79,LB,MIA,6875000
Eric Fisher,80,OT,KAN,6857977
Star Lotulelei,81,DT,CAR,6757000
Emmanuel Sanders,82,WR,DEN,6750000
Kelechi Osemele,83,T,OAK,6700000
Bennie Logan,84,DT,KAN,6680000
Vontaze Burfict,85,LB,CIN,6535529
DeSean Jackson,86,WR,TAM,6500000
Michael Bennett,91,DE,SEA,6500000
Brandon Graham,92,DE,PHI,6500000
Rodney Hudson,90,OL,OAK,6500000
Nate Solder,93,T,NWE,6500000
Devin McCourty,96,DB,NWE,6500000
Jermey Parnell,89,T,JAX,6500000
Johnathan Joseph,94,DB,HOU,6500000
Kareem Jackson,95,DB,HOU,6500000
Greg Olsen,87,TE,CAR,6500000
Jared Veldheer,88,T,ARI,6500000
Kyle Williams,97,DT,BUF,6300000
DeMarco Murray,99,RB,TEN,6250000
Michael Crabtree,100,WR,OAK,6250000
Kyle Long,98,OT,CHI,6250000
Brian Orakpo,101,LB,TEN,6200000
Riley Reiff,102,OT,MIN,6200000
Robert Quinn,103,DE,LAR,6161616
Adam Jones,104,DB,CIN,6023529
Derrick Morgan,110,DE,TEN,6000000
Brent Grimes,112,DB,TAM,6000000
Lavonte David,113,OLB,TAM,6000000
Malcolm Jenkins,117,DB,PHI,6000000
Buster Skrine,111,DB,NYJ,6000000
Golden Tate,114,WR,DET,6000000
Darian Stewart,116,DB,DEN,6000000
Kevin Zeitler,108,G,CLE,6000000
Kawann Short,107,DT,CAR,6000000
LeSean McCoy,105,RB,BUF,6000000
Joe Flacco,106,QB,BAL,6000000
Marshal Yanda,109,T,BAL,6000000
Mohamed Sanu,115,WR,ATL,6000000
K.J. Wright,118,LB,SEA,5800000
Donald Penn,119,T,OAK,5800000
Coby Fleener,120,TE,NOR,5800000
Doug Martin,121,RB,TAM,5764706
Tamba Hali,122,DE,KAN,5750000
Alex Mack,123,C,ATL,5750000
Eric Reid,125,FS,SFO,5676000
Kenny Vaccaro,124,FS,NOR,5676000
Julius Thomas,126,TE,MIA,5500000
Brandon Linder,127,OG,JAX,5500000
Lamar Miller,129,RB,HOU,5500000
Haloti Ngata,128,DT,DET,5500000
Derek Wolfe,130,DT,DEN,5500000
Bryan Bulaga,132,T,GNB,5400000
Jerry Hughes,131,DE,BUF,5400000
Carlos Dunlap,133,DE,CIN,5350000
Gabe Jackson,135,OG,OAK,5250000
Travis Benjamin,136,WR,LAC,5250000
Andy Levitre,134,G,ATL,5250000
Kyle Rudolph,137,TE,MIN,5150000
Harrison Smith,138,FS,MIN,5150000
Rishard Matthews,140,WR,TEN,5000000
Logan Ryan,143,CB,TEN,5000000
Mike Mitchell,142,DB,PIT,5000000
Jason Kelce,139,OL,PHI,5000000
Brandon Brooks,150,G,PHI,5000000
Sean Smith,144,DB,OAK,5000000
Derek Carr,146,QB,OAK,5000000
Jay Cutler,147,QB,MIA,5000000
Mark Barron,149,LB,LAR,5000000
Melvin Ingram,145,DE,LAC,5000000
Barry Church,141,DB,JAX,5000000
Tashaun Gipson,148,DB,JAX,5000000
Mitchell Schwartz,151,T,KAN,4900000
Mychal Kendricks,152,ILB,PHI,4850000
Rodger Saffold,153,T,LAR,4847233
Tyler Eifert,154,TE,CIN,4782000
Jeff Allen,157,T,HOU,4750000
Morgan Burnett,159,DB,GNB,4750000
Jamie Collins,158,OLB,CLE,4750000
Mike Wallace,155,WR,BAL,4750000
Tyrann Mathieu,156,CB,ARI,4750000
Josh Sitton,160,G,CHI,4650000
Cliff Avril,164,DE,SEA,4500000
Bruce Irvin,166,DE,OAK,4500000
Stephon Gilmore,161,CB,NWE,4500000
Joe Barksdale,162,OL,LAC,4500000
Antonio Gates,168,TE,LAC,4500000
Chris Ivory,165,RB,JAX,4500000
Whitney Mercilus,167,DE,HOU,4500000
Charles Clay,163,TE,BUF,4500000
James Carpenter,169,OL,NYJ,4450000
Demar Dotson,170,T,TAM,4250000
Rob Gronkowski,171,TE,NWE,4250000
Delanie Walker,172,TE,TEN,4200000
Terron Armstead,173,OT,NOR,4200000
Bobby Massie,174,T,CHI,4200000
Darius Slay,176,CB,DET,4100000
Brooks Reed,175,DL,ATL,4100000
Dustin Colquitt,178,P,KAN,4050000
Clint Boling,177,OL,CIN,4050000
Shawn Lauvao,187,G,WAS,4000000
Robert Ayers,185,DE,TAM,4000000
Bobby Wagner,186,ILB,SEA,4000000
Jeremy Lane,192,CB,SEA,4000000
Marcus Gilbert,182,OL,PIT,4000000
Nigel Bradham,183,OLB,PHI,4000000
Darren Sproles,184,RB,PHI,4000000
Torrey Smith,190,WR,PHI,4000000
Matt Forte,188,RB,NYJ,4000000
Marcedes Lewis,181,TE,JAX,4000000
George Iloka,179,FS,CIN,4000000
Terrell Suggs,180,LB-DE,BAL,4000000
Eric Weddle,189,DB,BAL,4000000
Kenny Britt,191,WR,2TM,4000000
Paul Posluszny,193,LB,JAX,3950000
Malcolm Butler,194,CB,NWE,3910000
Brian Robison,195,DE,MIN,3900000
Ron Parker,196,CB,KAN,3900000
Allen Bailey,197,DL,KAN,3900000
Christian Kirksey,198,OLB,CLE,3797000
Jordan Reed,202,TE,WAS,3750000
J.R. Sweezy,199,G,TAM,3750000
Bilal Powell,203,RB,NYJ,3750000
Jerrell Freeman,200,LB,CHI,3750000
Adrian Clayborn,201,DL,ATL,3750000
Pierre Garcon,204,WR,SFO,3675000
Michael Johnson,205,DE,CIN,3550000
Ben Jones,209,C,TEN,3500000
Tavon Austin,206,WR,LAR,3500000
Frank Gore,208,RB,IND,3500000
Cole Beasley,210,WR,DAL,3500000
Prince Amukamara,207,CB,CHI,3500000
Brandon Mebane,211,DT,LAC,3350000
Greg Robinson,212,OT,DET,3322377
Casey Hayward,213,DB,LAC,3250000
Thomas Davis,214,LB,CAR,3250000
Blake Bortles,215,QB,JAX,3236565
Dan Bailey,217,K,DAL,3200000
Graham Gano,216,K,CAR,3200000
Richie Incognito,218,G,BUF,3175000
Joel Bitonio,219,OT,CLE,3164777
Thomas Morstead,220,P,NOR,3150000
Matt Prater,221,K,DET,3150000
Mark Ingram,222,RB,NOR,3100000
Shawn Williams,223,SS,CIN,3100000
C.J. Fiedorowicz,224,TE,HOU,3097000
Tahir Whitehead,225,OLB,DET,3050000
Terrelle Pryor,237,QB,WAS,3000000
T.J. Ward,228,DB,TAM,3000000
Chris Baker,235,DT,TAM,3000000
William Gholston,243,DE,TAM,3000000
Kam Chancellor,245,DB,SEA,3000000
Jason Peters,230,T,PHI,3000000
Brent Celek,232,TE,PHI,3000000
Fletcher Cox,240,DT,PHI,3000000
Josh McCown,231,QB,NYJ,3000000
Brandon Marshall,241,WR,NYG,3000000
Robert Woods,233,WR,LAR,3000000
Russell Okung,238,T,LAC,3000000
A.J. Bouye,248,CB,JAX,3000000
Johnathan Hankins,247,DT,IND,3000000
T.J. Lang,227,T,DET,3000000
Ricky Wagner,236,OT,DET,3000000
Orlando Scandrick,226,DB,DAL,3000000
Markus Wheaton,234,WR,CHI,3000000
Marcus Cooper,244,CB,CHI,3000000
Ryan Kalil,246,C,CAR,3000000
Tony Jefferson,229,FS,BAL,3000000
Derrick Shelby,242,DE,ATL,3000000
NaVorro Bowman,239,LB,2TM,3000000
Andrew Sendejo,249,DB,MIN,2950000
Andre Branch,250,DE,MIA,2900000
C.J. Anderson,251,RB,DEN,2900000
Steve McLendon,252,DT,NYJ,2875000
Colt McCoy,253,QB,WAS,2800000
Brett Kern,255,P,TEN,2800000
Virgil Green,256,TE,DEN,2800000
Domata Peko,257,DT,DEN,2800000
Kevin Huber,254,P,CIN,2800000
Justin Tucker,258,K,BAL,2800000
Luke Joeckel,266,OT,SEA,2750000
Reggie Nelson,263,DB,OAK,2750000
Jonathan Casillas,259,LB,NYG,2750000
William Hayes,260,DE,MIA,2750000
Kayvon Webster,265,CB,LAR,2750000
Adam Vinatieri,262,K,IND,2750000
Chris Clark,264,T,HOU,2750000
Corey Peters,261,DT,ARI,2750000
Trey Burton,271,TE,PHI,2746000
Wesley Johnson,270,OT,NYJ,2746000
Adam Thielen,276,WR,MIN,2746000
Todd Davis,268,LB,DEN,2746000
Brandon McManus,272,K,DEN,2746000
Isaiah Crowell,273,RB,CLE,2746000
Andrew Norwell,274,G,CAR,2746000
Taylor Gabriel,275,WR,ATL,2746000
Marcus Williams,267,CB,2TM,2746000
Dontrelle Inman,269,WR,2TM,2746000
Stephen Gostkowski,277,K,NWE,2700000
Travis Kelce,278,TE,KAN,2700000
Ramon Foster,279,T,PIT,2675000
Dante Fowler,280,OLB,JAX,2570478
Dre Kirkpatrick,281,CB,CIN,2550000
Drew Stanton,282,QB,ARI,2550000
Cordarrelle Patterson,285,WR,OAK,2500000
Jared Cook,290,TE,OAK,2500000
Morris Claiborne,283,CB,NYJ,2500000
Chris Hogan,284,WR,NWE,2500000
Patrick Chung,291,DB,NWE,2500000
Dwayne Allen,294,TE,NWE,2500000
Jarius Wright,288,WR,MIN,2500000
Abry Jones,296,DT,JAX,2500000
Jabaal Sheard,287,DL,IND,2500000
Brandon Marshall,289,OLB,DEN,2500000
Ronald Leary,292,G,DEN,2500000
Donald Stephenson,293,T,DEN,2500000
Jamar Taylor,295,CB,CLE,2500000
Quintin Demps,286,DB,CHI,2500000
Dwayne Harris,297,WR,NYG,2475000
Zane Beadles,298,T,SFO,2450000
Emmanuel Lamur,299,LB,MIN,2450000
Johnny Hekker,300,P,LAR,2444444
Ryan Succop,301,K,TEN,2400000
Da'Norris Searcy,303,DB,TEN,2400000
Marquette King,302,P,OAK,2400000
Terence Newman,304,DB,MIN,2400000
Tom Johnson,307,DT,MIN,2300000
Micah Hyde,306,CB,BUF,2300000
Sam Koch,305,P,BAL,2300000
Brian Cushing,308,LB,HOU,2264706
Terrell McClain,310,DL,WAS,2250000
Stacy McGee,316,DT,WAS,2250000
Elvis Dumervil,313,DE,SFO,2250000
Arthur Moats,314,LB,PIT,2250000
Chad Henne,309,QB,JAX,2250000
Lane Taylor,312,G,GNB,2250000
James Hanna,315,TE,DAL,2250000
Vincent Rey,311,LB,CIN,2250000
Sam Martin,317,P,DET,2225000
Wesley Woodyard,318,LB,TEN,2200000
Jermaine Kearse,319,WR,NYJ,2200000
Matthew Bosher,320,P,ATL,2200000
Anthony Barr,321,OLB,MIN,2157750
Shane Vereen,322,RB,NYG,2150000
J.J. Wilcox,323,S,PIT,2125000
Vance McDonald,324,TE,PIT,2100000
Mike Daniels,325,DT,GNB,2100000
Vernon Davis,341,TE,WAS,2000000
D.J. Swearinger,345,FS,WAS,2000000
Brice McCain,336,DB,TEN,2000000
Johnathan Cyprien,339,SS,TEN,2000000
Sylvester Williams,343,DT,TEN,2000000
Brynden Trawick,346,S,TEN,2000000
Josh Robinson,331,CB,TAM,2000000
Clinton McDonald,332,DT,TAM,2000000
Kyle Juszczyk,335,FB,SFO,2000000
Vince Williams,330,ILB,PIT,2000000
William Gay,348,DB,PIT,2000000
Ben Ijalana,327,OL,NYJ,2000000
Ted Ginn,352,WR,NOR,2000000
Connor Barwin,328,DE,LAR,2000000
Matt Slauson,342,G,LAC,2000000
D.J. Hayden,334,CB,DET,2000000
Paul Worrilow,350,LB,DET,2000000
J.C. Tretter,349,OG,CLE,2000000
Dion Sims,344,TE,CHI,2000000
Danny Trevathan,347,OLB,CHI,2000000
Lorenzo Alexander,329,LB,BUF,2000000
Brandon Carr,326,DB,BAL,2000000
Robert Alford,337,CB,ATL,2000000
Justin Bethel,333,CB,ARI,2000000
Jermaine Gresham,338,TE,ARI,2000000
Antoine Bethea,340,DB,ARI,2000000
Phil Dawson,351,K,ARI,2000000
Taylor Lewan,353,OT,TEN,1986136
Kenny Stills,354,WR,MIA,1975000
Marquise Goodwin,355,WR,SFO,1950000
Marcus Sherels,357,DB,MIN,1950000
Ed Dickson,356,TE,CAR,1950000
Landry Jones,361,QB,PIT,1900000
Everson Griffen,359,DE,MIN,1900000
Brad Nortman,360,P,JAX,1900000
Kurt Coleman,358,LB,CAR,1900000
Odell Beckham,362,WR,NYG,1839027
Aaron Donald,363,DT,LAR,1802250
Rex Burkhead,364,RB,NWE,1800000
William Compton,369,LB,WAS,1797000
Bashaud Breeland,390,CB,WAS,1797000
Avery Williamson,376,ILB,TEN,1797000
DaQuan Jones,381,DT,TEN,1797000
Kevin Pamphile,377,OT,TAM,1797000
Aaron Lynch,391,DE,SFO,1797000
Chris Hubbard,379,G,PIT,1797000
Justin Ellis,384,DT,OAK,1797000
T.J. Carrie,392,CB,OAK,1797000
Denico Autry,394,DE,OAK,1797000
Devon Kennard,368,OLB,NYG,1797000
Kerry Wynn,374,DE,NYG,1797000
Cameron Fleming,387,OT,NWE,1797000
Shamar Stephen,375,DT,MIN,1797000
Damien Williams,378,RB,MIA,1797000
Michael Thomas,380,S,MIA,1797000
Maurice Alexander,366,SS,LAR,1797000
Michael Schofield,367,OT,LAC,1797000
Korey Toomer,370,ILB,LAC,1797000
Albert Wilson,393,WR,KAN,1797000
Telvin Smith,365,ILB,JAX,1797000
Aaron Colvin,385,CB,JAX,1797000
Donte Moncrief,372,WR,IND,1797000
Andre Hal,395,CB,HOU,1797000
Corey Linsley,397,C,GNB,1797000
Nevin Lawson,396,CB,DET,1797000
Anthony Hitchens,383,OLB,DAL,1797000
Russell Bodine,382,OG,CIN,1797000
Charles Leno,389,OG,CHI,1797000
E.J. Gaines,371,CB,BUF,1797000
Ryan Jensen,386,T,BAL,1797000
Terrance West,388,RB,BAL,1797000
John Brown,373,WR,ARI,1797000
Zach Fulton,398,OG,KAN,1788500
Spencer Long,399,OG,WAS,1787000
Richard Rodgers,400,TE,GNB,1787000
Travis Swanson,401,C,DET,1772000
Preston Brown,402,ILB,BUF,1762000
Niles Paul,407,WR,WAS,1750000
Matt Cassel,408,QB,TEN,1750000
Ryan Fitzpatrick,403,QB,TAM,1750000
Joe Hawley,405,G,TAM,1750000
Alan Branch,404,DT,NWE,1750000
Matt Moore,410,QB,MIA,1750000
Scott Tolzien,409,QB,IND,1750000
Allen Barbre,406,T,DEN,1750000
Ereck Flowers,411,OT,NYG,1743338
Kyle Fuller,412,CB,CHI,1740955
Jared Goff,413,QB,LAR,1719894
Ryan Shazier,414,OLB,PIT,1716438
Max Unger,415,C,NOR,1700000
Zach Strief,416,G,NOR,1700000
Larry Warford,417,OG,NOR,1700000
A.J. Klein,418,ILB,NOR,1700000
Ryan Hewitt,419,FB,CIN,1700000
Luke Stocker,420,TE,2TM,1700000
Todd Gurley,421,RB,LAR,1691653
Carson Wentz,422,QB,PHI,1662561
Earl Mitchell,423,DT,SFO,1650000
Josh Hill,424,TE,NOR,1650000
Britton Colquitt,425,P,CLE,1650000
Zack Martin,426,OT,DAL,1642882
C.J. Mosley,427,ILB,BAL,1618365
Trae Waynes,428,CB,MIN,1611761
Giovani Bernard,429,RB,CIN,1600000
Steven Hauschka,430,K,BUF,1600000
Eric Ebron,431,TE,DET,1590337
Calvin Pryor,432,FS,JAX,1587716
Ezekiel Elliott,433,RB,DAL,1584379
Ja'Wuan James,434,OT,MIA,1569327
Zach Brown,438,OLB,WAS,1550000
Garrett Celek,435,TE,SFO,1550000
Josh Martin,436,LB,NYJ,1550000
Derek Anderson,437,QB,CAR,1550000
Desmond Trufant,439,CB,ATL,1526000
Austin Howard,440,T,BAL,1525000
Jalen Ramsey,441,FS,JAX,1511409
Chris Conte,442,DB,TAM,1500000
Bryan Anger,444,P,TAM,1500000
Robbie Gould,461,K,SFO,1500000
Alejandro Villanueva,457,OL,PIT,1500000
Jamize Olawale,462,FB,OAK,1500000
Kelvin Beachum,448,T,NYJ,1500000
Keenan Robinson,445,OLB,NYG,1500000
D.J. Fluker,449,OT,NYG,1500000
Mike Gillislee,453,RB,NWE,1500000
Duron Harmon,460,FS,NWE,1500000
Anthony Fasano,443,TE,MIA,1500000
Jahleel Addae,456,S,LAC,1500000
Chris Hairston,458,OL,LAC,1500000
Lerentee McCray,455,LB,JAX,1500000
Barkevious Mingo,465,OLB,IND,1500000
John Simon,466,DE,IND,1500000
Shane Lechler,446,P,HOU,1500000
Davon House,447,DB,GNB,1500000
Menelik Watson,464,OT,DEN,1500000
Benson Mayowa,463,DE,DAL,1500000
Jason McCourty,454,DB,CLE,1500000
Zach Miller,451,TE,CHI,1500000
Jordan Poyer,452,CB,BUF,1500000
Ryan Groy,459,OG,BUF,1500000
Levine Toilolo,450,TE,ATL,1500000
Danny Shelton,467,DT,CLE,1498970
Jermon Bushrod,468,T,MIA,1475000
Deone Bucannon,469,SS,ARI,1471255
Jeff Heath,470,S,DAL,1471000
Andrus Peat,471,OT,NOR,1470773
Robert Golden,472,S,PIT,1465000
Matt Bryant,473,K,ATL,1450000
DeVante Parker,474,WR,MIA,1423776
Melvin Gordon,475,RB,LAC,1404980
Josh Kline,477,OL,TEN,1400000
Jurrell Casey,478,DL,TEN,1400000
Garry Gilliam,479,T,SFO,1400000
Mike Remmers,476,T,MIN,1400000
Nate Allen,481,DB,MIA,1400000
Alex Boone,480,T,ARI,1400000
Ronnie Stanley,482,OT,BAL,1381106
Greg Zuerlein,483,K,LAR,1375000
Eddie Lacy,484,RB,SEA,1365000
Teddy Bridgewater,485,QB,MIN,1354023
Eric Decker,491,WR,TEN,1350000
Erik Walden,492,DE,TEN,1350000
Marshawn Lynch,490,RB,OAK,1350000
Marcus Cannon,487,OL,NWE,1350000
Nathan Stupar,486,OLB,NOR,1350000
Michael Hoomanawanui,489,TE,NOR,1350000
Jordan Mills,488,OT,BUF,1350000
Kevin Johnson,493,CB,HOU,1348583
Arik Armstead,494,DE,SFO,1329785
Marcus Peters,495,CB,KAN,1306287
Johnson Bademosi,501,DB,NWE,1300000
Nick Perry,497,DE,GNB,1300000
Sean Lee,498,LB,DAL,1300000
T.J. Johnson,496,C,CIN,1300000
Patrick DiMarco,499,FB,BUF,1300000
Andre Roberts,500,WR,ATL,1300000
Morgan Moses,503,OT,WAS,1297000
Devonta Freeman,502,RB,ATL,1297000
Travis Frederick,504,C,DAL,1296000
Cameron Erving,505,OT,KAN,1292188
Nelson Agholor,506,WR,PHI,1287489
Cedric Ogbuehi,507,OT,CIN,1282789
Ethan Westbrooks,508,DE,LAR,1282175
DeForest Buckner,509,DE,SFO,1276863
Senio Kelemete,511,T,NOR,1275000
Tyron Smith,510,OT,DAL,1275000
Bud Dupree,512,DE,PIT,1273390
Shane Ray,513,DE,DEN,1263991
Tyler Bray,514,QB,KAN,1252500
Karl Klug,516,DL,TEN,1250000
Daren Bates,525,LB,TEN,1250000
Aldrick Robinson,533,WR,SFO,1250000
Joe Haden,515,DB,PIT,1250000
Tyson Alualu,530,DT,PIT,1250000
Chris Maragos,521,DB,PHI,1250000
Donnie Jones,532,P,PHI,1250000
Jason Pierre-Paul,531,DE,NYG,1250000
Dont'a Hightower,519,ILB,NWE,1250000
Danny Amendola,528,WR,NWE,1250000
Michael Brockers,522,DT,LAR,1250000
Al Woods,529,DT,IND,1250000
Akeem Spence,517,DT,DET,1250000
Kyle Wilber,523,OLB,DAL,1250000
Andre Smith,524,T,CIN,1250000
Brandon LaFell,527,WR,CIN,1250000
Kendall Wright,534,WR,CHI,1250000
Ben Watson,520,TE,BAL,1250000
Kemal Ishmael,518,DB,ATL,1250000
Jack Crawford,526,DE,ATL,1250000
D.J. Humphries,535,OT,ARI,1245192
Cornelius Washington,536,DE,DET,1237500
Shaq Thompson,537,OLB,CAR,1235793
Breshad Perriman,538,WR,BAL,1226392
Mason Foster,539,LB,WAS,1225000
Byron Jones,540,CB,DAL,1216995
Laken Tomlinson,541,OG,SFO,1212296
Harry Douglas,544,WR,TEN,1200000
Darrius Heyward-Bey,543,WR,PIT,1200000
Ryan Allen,545,P,NWE,1200000
Dion Lewis,546,RB,NWE,1200000
Marcus Gilchrist,547,DB,HOU,1200000
Alfred Morris,542,RB,DAL,1200000
Xavier Su'a-Filo,548,OG,HOU,1177036
Phillip Dorsett,549,WR,NWE,1174583
Jack Conklin,550,OT,TEN,1172621
Demarcus Lawrence,551,DE,DAL,1170907
Leonard Floyd,552,OLB,CHI,1167403
Damarious Randall,553,FS,GNB,1154612
Linval Joseph,554,DT,MIN,1150000
Jahri Evans,556,T,GNB,1150000
Eric Wood,555,C,BUF,1150000
Eli Apple,557,CB,NYG,1138742
Malcom Brown,558,DT,NWE,1127112
Marqise Lee,559,WR,JAX,1125549
Brad Wing,560,P,NYG,1125000
Cody Davis,561,S,LAR,1111111
Lamarcus Joyner,562,CB,LAR,1105934
Craig Robertson,563,LB,NOR,1105000
DeAngelo Hall,568,DB,WAS,1100000
Tress Way,570,P,WAS,1100000
Jacquizz Rodgers,571,RB,TAM,1100000
Tank Carradine,574,DE,SFO,1100000
David DeCastro,564,G,PIT,1100000
Demetrius Harris,565,TE,KAN,1100000
Anthony Sherman,572,RB,KAN,1100000
Margus Hunt,569,DE,IND,1100000
L.P. Ladouceur,573,DE,DAL,1100000
Russell Shepard,566,WR,CAR,1100000
Jonathan Stewart,567,RB,CAR,1100000
Jordan Matthews,575,WR,BUF,1094900
Vernon Hargreaves,576,CB,TAM,1094439
Weston Richburg,577,C,NYG,1085093
Eddie Pleasant,578,SS,HOU,1078000
Kiko Alonso,579,ILB,MIA,1075000
Theo Riddick,580,RB,DET,1075000
Josh Gordon,581,WR,CLE,1068406
Paul Richardson,582,WR,SEA,1062659
DeShawn Shead,584,DB,SEA,1050000
Marshall Newhouse,583,"G,T",OAK,1050000
Sheldon Rankins,585,DT,NOR,1031893
Bradley Roby,586,CB,DEN,1018072
Timmy Jernigan,587,DT,PHI,1017284
Laremy Tunsil,588,OT,MIA,1016257
Stephone Anthony,589,ILB,MIA,1004015
Eric Weems,613,WR,TEN,1000000
Beau Brinkley,619,"LS,TE",TEN,1000000
Nick Folk,655,K,TAM,1000000
Brock Coyle,595,LB,SFO,1000000
Dekoda Watson,597,LB,SFO,1000000
Daniel Kilgore,616,OL,SFO,1000000
Brandon Fusco,656,OL,SFO,1000000
Luke Willson,611,TE,SEA,1000000
Jon Ryan,635,P,SEA,1000000
Stephon Tuitt,634,DT,PIT,1000000
Nick Foles,601,QB,PHI,1000000
Corey Graham,602,DB,PHI,1000000
Alshon Jeffery,627,WR,PHI,1000000
Chris Long,637,DE,PHI,1000000
Lee Smith,630,TE,OAK,1000000
Jon Condo,657,LB,OAK,1000000
Brian Winters,598,OG,NYJ,1000000
Ross Cockrell,608,CB,NYG,1000000
Zak DeOssie,638,LB,NYG,1000000
David Harris,617,LB,NWE,1000000
Tom Brady,639,QB,NWE,1000000
John Kuhn,591,FB,NOR,1000000
Joe Berger,649,T,MIN,1000000
Lawrence Timmons,596,LB,MIA,1000000
Lance Dunbar,621,RB,LAR,1000000
Keenan Allen,593,WR,LAC,1000000
Kellen Clemens,622,QB,LAC,1000000
Derrick Johnson,642,LB,KAN,1000000
Kamar Aiken,631,WR,IND,1000000
Anthony Castonzo,645,OL,IND,1000000
Jack Doyle,648,TE,IND,1000000
Darius Butler,651,DB,IND,1000000
Breno Giacomini,628,G,HOU,1000000
Ahmad Brooks,592,LB,GNB,1000000
Mason Crosby,632,K,GNB,1000000
Don Muhlbach,629,C,DET,1000000
Matthew Stafford,646,QB,DET,1000000
Zach Kerr,594,NT,DEN,1000000
Nolan Carroll,590,DB,DAL,1000000
Byron Bell,612,T,DAL,1000000
La'el Collins,615,OT,DAL,1000000
Terrance Williams,624,WR,DAL,1000000
Justin Durant,625,LB,DAL,1000000
Stephen Paea,647,DT,DAL,1000000
Jonathan Cooper,652,OG,DAL,1000000
Pat Sims,609,DT,CIN,1000000
Sherrick McManis,606,DB,CHI,1000000
Willie Young,614,DE,CHI,1000000
Tom Compton,623,T,CHI,1000000
Christian Jones,626,ILB,CHI,1000000
Mitch Unrein,654,DT,CHI,1000000
Matt Kalil,599,OT,CAR,1000000
Charles Johnson,600,DE,CAR,1000000
Mike Adams,610,DB,CAR,1000000
Mario Addison,618,DE,CAR,1000000
Julius Peppers,644,DE,CAR,1000000
Ryan Mallett,605,QB,BAL,1000000
Jeremy Maclin,620,WR,BAL,1000000
Danny Woodhead,633,RB,BAL,1000000
Ryan Schraeder,653,T,ATL,1000000
Frostee Rucker,604,DE,ARI,1000000
Karlos Dansby,607,LB,ARI,1000000
Tramon Williams,636,DB,ARI,1000000
Tyvon Branch,643,DB,ARI,1000000
Andy Lee,650,P,ARI,1000000
Kelvin Benjamin,603,WR,2TM,1000000
Adrian Peterson,640,RB,2TM,1000000
Kasim Edebali,641,OLB,2TM,1000000
Jeremiah Attaochu,658,OLB,LAC,993150
Landon Collins,659,SS,NYG,991415
Kyle Van Noy,660,OLB,NWE,990741
Karl Joseph,661,SS,OAK,990196
Darqueze Dennard,662,CB,CIN,988032
Donovan Smith,663,OT,TAM,986715
Mario Edwards,664,DE,OAK,982015
Corey Coleman,665,WR,CLE,979773
Kyle Nelson,669,TE,SFO,975000
Rhett Ellison,666,FB,NYG,975000
Ted Larsen,667,C,MIA,975000
Don Carey,668,DB,DET,975000
T.J. Yeldon,670,RB,JAX,972617
Troy Niklas,671,TE,ARI,968632
Preston Smith,672,DE,WAS,960395
Dee Ford,673,DE,KAN,957704
Davante Adams,674,WR,GNB,956373
Eddie Goldman,675,DT,CHI,951938
Case Keenum,676,QB,MIN,950000
Reshad Jones,678,DB,MIA,950000
Derek Carrier,677,WR,LAR,950000
Jayrone Elliott,679,LB,DAL,950000
Taylor Decker,680,OT,DET,948499
T.J. McDonald,681,FS,MIA,944445
Keanu Neal,682,FS,ATL,938075
Austin Seferian-Jenkins,683,TE,NYJ,936690
Alex Okafor,684,DE,NOR,935000
Cody Latimer,685,WR,DEN,925725
Ryan Kelly,686,C,IND,925045
John Jerry,687,G,NYG,925000
Benardrick McKinney,688,ILB,HOU,920921
Shaq Lawson,689,DE,BUF,917226
Darron Lee,690,OLB,NYJ,914620
Hau'oli Kikaha,691,OLB,NOR,913755
Will Fuller,692,WR,HOU,912014
Antonio Brown,693,WR,PIT,910000
Jack Mewhort,694,OT,IND,907337
Josh Doctson,695,WR,WAS,906802
Eric Kendricks,696,ILB,MIN,903720
Laquon Treadwell,697,WR,MIN,901590
Nick Sundberg,719,C,WAS,900000
Evander Hood,732,DT,WAS,900000
Phillip Supernaw,712,TE,TEN,900000
Garrison Sanborn,717,C,TAM,900000
LeGarrette Blount,710,RB,PHI,900000
Caleb Sturgis,738,K,PHI,900000
Demario Davis,711,OLB,NYJ,900000
Chandler Catanzaro,723,K,NYJ,900000
Lawrence Guy,729,DT,NWE,900000
Matt Slater,731,WR,NWE,900000
Chase Daniel,740,QB,NOR,900000
Tramaine Brock,713,DB,MIN,900000
Latavius Murray,718,RB,MIN,900000
Rey Maualuga,701,LB,MIA,900000
Sam Young,716,T,MIA,900000
Alterraun Verner,721,DB,MIA,900000
John Denney,739,DE-C,MIA,900000
John Sullivan,730,C,LAR,900000
Mike Windt,737,C,LAC,900000
Eric Berry,700,DB,KAN,900000
Frank Zombo,720,LB,KAN,900000
Roy Miller,728,DT,KAN,900000
Kendall Langford,705,DE,HOU,900000
Jon Weeks,715,C,HOU,900000
Brett Goode,722,LB,GNB,900000
Tavon Wilson,706,FS,DET,900000
Glover Quin,736,DB,DET,900000
Jamaal Charles,726,RB,DEN,900000
Darren McFadden,698,RB,DAL,900000
Connor Barth,714,K,CHI,900000
Captain Munnerlyn,703,DB,CAR,900000
J.J. Jansen,725,C,CAR,900000
Mike Tolbert,702,RB,BUF,900000
Ramon Humber,704,LB,BUF,900000
Joe Webb,707,WR,BUF,900000
Brandon Tate,733,WR,BUF,900000
Colt Anderson,734,DB,BUF,900000
Lardarius Webb,699,DB,BAL,900000
Anthony Levine,708,S,BAL,900000
Morgan Cox,709,C,BAL,900000
Blaine Gabbert,735,QB,ARI,900000
Martellus Bennett,724,TE,2TM,900000
Lamarr Houston,727,DT,2TM,900000
Allen Robinson,741,WR,JAX,898755
Jarvis Landry,742,WR,MIA,893852
Justin Britt,743,OT,SEA,891400
William Jackson,744,CB,CIN,891166
Michael Floyd,745,WR,MIN,887058
Artie Burns,746,CB,PIT,885954
Darryl Tapp,747,DE,TAM,882353
Jeremy Hill,748,RB,CIN,881855
Paxton Lynch,749,QB,DEN,880741
Eric Rowe,750,CB,NWE,878623
Kenny Clark,751,DT,GNB,875529
Ryan Griffin,752,TE,HOU,875000
Jason Verrett,753,CB,LAC,860000
Nate Palmer,759,LB,TEN,850000
Matt Tobin,761,T,SEA,850000
Manti Te'o,755,ILB,NOR,850000
Chris Banjo,758,S,NOR,850000
Fozzy Whittaker,754,RB,CAR,850000
Colton Schmidt,756,P,BUF,850000
Vlad Ducasse,760,G,BUF,850000
LaRoy Reynolds,757,LB,ATL,850000
Chris Johnson,762,RB,ARI,847059
Nate Orchard,763,OLB,CLE,841028
Robert Nkemdiche,764,DT,ARI,840936
Keith Tandy,765,S,TAM,840000
Devin Funchess,766,WR,CAR,836900
Mitch Morse,767,OT,KAN,834826
Denzel Perryman,768,ILB,LAC,831724
Vernon Butler,769,DT,CAR,831660
Jordan Phillips,770,DT,MIA,831628
Germain Ifedi,771,OT,SEA,825687
Nate Ebner,772,DB,NWE,825000
Carlos Hyde,773,RB,SFO,822047
Jimmy Garoppolo,774,QB,SFO,820077
Kony Ealy,775,DE,NYJ,803660
Maxx Williams,776,TE,BAL,803431
Ronald Darby,777,CB,PHI,800426
Sealver Siliga,781,DT,TAM,800000
Blair Walsh,778,K,SEA,800000
Michael Wilhoite,780,LB,SEA,800000
Neiko Thorpe,782,DB,SEA,800000
Bradley McDougald,783,FS,SEA,800000
LaAdrian Waddle,786,T,NWE,800000
James Develin,788,RB,NWE,800000
Robert Turbin,791,RB,IND,800000
Lance Kendricks,784,TE,GNB,800000
Brice Butler,779,WR,DAL,800000
Joe Looney,787,G,DAL,800000
Chris Jones,790,P,DAL,800000
Kevin Minter,789,ILB,CIN,800000
Shareece Wright,785,DB,BUF,800000
Andre Holmes,792,WR,BUF,800000
Trai Turner,793,OG,CAR,797000
Rob Havenstein,794,OT,LAR,795911
Ricky Jean-Francois,795,DT,2TM,794118
Billy Turner,796,OT,DEN,794000
Jaquiski Tartt,797,SS,SFO,792910
Markus Golden,798,OLB,ARI,791212
Ty Sambrailo,799,OT,ATL,784633
Brandin Cooks,800,WR,NWE,781599
Josh Harris,801,LS,ATL,780000
Ha Ha Clinton-Dix,802,FS,GNB,778534
Quinten Rollins,803,CB,GNB,775233
Quinton Dial,804,DE,GNB,775001
Chris Carter,807,DL,WAS,775000
Brian Quick,817,WR,WAS,775000
Junior Galette,866,DE,WAS,775000
Dennis Kelly,831,OT,TEN,775000
Brian Schwenke,848,C,TEN,775000
Robert McClain,854,DB,TAM,775000
Logan Paulsen,805,TE,SFO,775000
Austin Davis,810,QB,SEA,775000
Terence Garvin,816,LB,SEA,775000
Oday Aboushi,839,OT,SEA,775000
Doug Baldwin,868,WR,SEA,775000
Coty Sensabaugh,818,CB,PIT,775000
Cameron Heyward,830,DE,PIT,775000
Justin Hunter,870,WR,PIT,775000
Zach Ertz,820,TE,PHI,775000
Stefen Wisniewski,850,OL,PHI,775000
Rodney McLeod,857,S,PHI,775000
Najee Goode,862,ILB,PHI,775000
Patrick Robinson,872,DB,PHI,775000
EJ Manuel,849,QB,OAK,775000
Julian Stanford,819,LB,NYJ,775000
Bruce Carter,829,LB,NYJ,775000
Jeremy Kerley,860,WR,NYJ,775000
Geno Smith,813,QB,NYG,775000
J.T. Thomas,840,LB,NYG,775000
Darryl Morris,846,CB,NYG,775000
Brandon Bolden,875,RB,NWE,775000
Josh LeRibeus,837,G,NOR,775000
Rafael Bush,838,S,NOR,775000
Sterling Moore,859,CB,NOR,775000
Kevin McDermott,847,LS,MIN,775000
Kai Forbath,856,K,MIN,775000
Ryan Quigley,877,P,MIN,775000
MarQueis Gray,865,TE,MIA,775000
Tyrunn Walker,836,DL,LAR,775000
Jake McQuaide,841,LS,LAR,775000
Nickell Robey-Coleman,852,CB,LAR,775000
Damion Square,874,DE,LAC,775000
Jarvis Jenkins,871,DL,KAN,775000
Arrelious Benn,858,WR,JAX,775000
Patrick Omameh,867,G,JAX,775000
Matt Overton,876,LS,JAX,775000
Brandon Williams,812,TE,IND,775000
Rashaan Melvin,815,CB,IND,775000
Jordan Todman,832,RB,HOU,775000
David Bakhtiari,806,OT,GNB,775000
Brock Osweiler,835,QB,DEN,775000
Randy Bullock,826,K,CIN,775000
Josh Bellamy,809,WR,CHI,775000
John Jenkins,825,DT,CHI,775000
Sam Acho,828,OLB,CHI,775000
Benny Cunningham,842,RB,CHI,775000
Bradley Sowell,863,T,CHI,775000
Colin Jones,808,DB,CAR,775000
Wes Horton,827,DE,CAR,775000
Amini Silatolu,833,T,CAR,775000
Ben Jacobs,851,LB,CAR,775000
Kyle Love,873,DT,CAR,775000
Taiwan Jones,824,RB,BUF,775000
Ryan Davis,845,DE,BUF,775000
Leonard Johnson,861,CB,BUF,775000
Cedric Thornton,864,DT,BUF,775000
Brandon Williams,822,DT,BAL,775000
Jimmy Smith,823,CB,BAL,775000
Blidi Wreh-Wilson,834,CB,ATL,775000
Courtney Upshaw,853,OLB,ATL,775000
Austin Pasztor,855,OL,ATL,775000
Josh Bynes,811,LB,ARI,775000
Jaron Brown,814,WR,ARI,775000
A.Q. Shipley,821,C,ARI,775000
Aaron Brewer,869,LS,ARI,775000
Tony Bergstrom,843,OT,2TM,775000
Andre Ellington,844,RB,2TM,775000
Frank Clark,878,DE,SEA,774294
Jordan Richards,879,SS,NWE,772413
Jake Fisher,880,OT,CIN,772229
Charles Sims,881,RB,TAM,764000
Chance Warmack,882,OG,PHI,760000
Emmanuel Ogbah,883,DE,CLE,750438
Branden Oliver,884,RB,LAC,750000
Josh Mauro,885,DE,ARI,750000
Kevin Dodd,886,DE,TEN,747832
Jaylon Smith,887,OLB,DAL,745226
Hunter Henry,888,TE,LAC,740014
Myles Jack,889,OLB,JAX,737929
Sean Mannion,890,QB,LAR,730037
Asa Jackson,892,CB,SFO,729412
Jeff Locke,893,P,DET,729412
Nick Bellore,894,LB,DET,729412
Steven Johnson,891,LB,2TM,729412
Sean Spence,895,LB,2TM,729412
Jelani Jenkins,896,OLB,HOU,729411
Xavien Howard,897,CB,MIA,728547
Jay Bromley,898,DT,NYG,725000
Noah Spence,899,DE,TAM,724377
A.J. Cann,900,OG,JAX,721000
Sterling Shepard,901,WR,NYG,720208
Reggie Ragland,902,ILB,KAN,715517
Kamalei Correa,903,OLB,BAL,711347
Clive Walford,904,TE,OAK,710646
Kareem Martin,905,DE,ARI,710000
Chris Jones,906,DT,KAN,708238
Austin Johnson,907,DT,TEN,707374
Leon Hall,908,DB,SFO,705882
Terrence Brooks,909,FS,NYJ,705000
Ali Marpet,910,C,TAM,703054
Jihad Ward,911,DE,OAK,701809
Jonotthan Harrison,912,C,NYJ,700000
Jerick McKinnon,915,RB,MIN,700000
Tre Boston,916,FS,LAC,700000
Phillip Gaines,913,CB,KAN,700000
Charcandrick West,918,RB,KAN,700000
Darren Fells,919,TE,DET,700000
Logan Thomas,917,TE,BUF,700000
Michael Campanaro,914,WR,BAL,700000
James Hurst,920,OT,BAL,700000
Derrick Henry,921,RB,TEN,695815
Tyler Lockett,922,WR,SEA,695000
Ty Nsekhe,934,T,WAS,690000
Ryan Grant,940,WR,WAS,690000
Dustin Hopkins,982,K,WAS,690000
David King,961,DE,TEN,690000
Adarius Glanton,962,LB,TAM,690000
Cameron Brate,963,TE,TAM,690000
Will Clarke,967,DE,TAM,690000
Mike Evans,976,WR,TAM,690000
Antone Exum,936,CB,SFO,690000
Jimmie Ward,951,SS,SFO,690000
Dontae Johnson,960,FS,SFO,690000
Marcus Smith,949,DE,SEA,690000
Dewey McDonald,992,S,SEA,690000
Daniel McCullers,945,DT,PIT,690000
Beau Allen,948,DT,PHI,690000
Jaylen Watkins,983,CB,PHI,690000
Steven Means,990,DE,PHI,690000
Keith McGill,964,CB,OAK,690000
Khalil Mack,970,OLB,OAK,690000
Mike Pennel,933,DT,NYJ,690000
Dakota Dozier,965,OT,NYJ,690000
Nat Berhe,953,SS,NYG,690000
Orleans Darkwa,954,RB,NYG,690000
Marquis Flowers,946,OLB,NWE,690000
James White,974,RB,NWE,690000
Jeremiah Sirles,926,OT,MIN,690000
Walt Aikens,950,CB,MIA,690000
Terrence Fede,987,DE,MIA,690000
Cody Parkey,988,K,MIA,690000
Sammy Watkins,966,WR,LAR,690000
Kenny Wiggins,980,T,LAC,690000
Adrian Phillips,984,DB,LAC,690000
Steven Terrell,927,DB,KAN,690000
De'Anthony Thomas,937,RB,KAN,690000
Daniel Sorensen,939,S,KAN,690000
Laurent Duvernay-Tardif,941,OT,KAN,690000
Terrance Mitchell,942,CB,KAN,690000
Kenneth Acker,944,CB,KAN,690000
Kevin Pierre-Louis,971,OLB,KAN,690000
Tyler Shatley,928,OG,JAX,690000
Tommy Bohanon,935,FB,JAX,690000
Peyton Thompson,993,CB,JAX,690000
Pierre Desir,931,CB,IND,690000
Jonathan Bostic,975,LB,IND,690000
Alfred Blue,929,RB,HOU,690000
Tom Savage,938,QB,HOU,690000
Marcus Burley,947,CB,HOU,690000
Bruce Ellington,955,WR,HOU,690000
Brandon Dunn,978,DT,HOU,690000
Jadeveon Clowney,979,DE,HOU,690000
Jay Prosch,985,FB,HOU,690000
Jeff Janis,994,WR,GNB,690000
T.J. Jones,957,WR,DET,690000
Corey Nelson,952,OLB,DEN,690000
Bene Benwikere,924,CB,DAL,690000
Keith Smith,977,LB,DAL,690000
Chris Smith,943,DE,CIN,690000
A.J. McCarron,986,QB,CIN,690000
Andrew DePaola,956,LS,CHI,690000
Pat O'Donnell,968,P,CHI,690000
Jerel Worthy,972,DT,BUF,690000
Joe Banyard,991,RB,BUF,690000
Brent Urban,959,DE,BAL,690000
Luke Bowanko,981,C,BAL,690000
Derrick Coleman,930,RB,ATL,690000
Nick Williams,932,WR,ATL,690000
Jordan Tripp,958,OLB,ATL,690000
Jake Matthews,969,OT,ATL,690000
Ben Garland,973,DL,ATL,690000
Kerwynn Williams,923,RB,ARI,690000
Brittan Golden,989,WR,ARI,690000
Cassius Marsh,925,DE,2TM,690000
John Greco,997,T,NYG,688235
John Hughes,996,DT,NOR,688235
Nick Novak,995,K,LAC,688235
A'Shawn Robinson,998,DT,DET,687892
Ameer Abdullah,999,RB,DET,687830
Hroniss Grasu,1000,C,CHI,687500
Jamon Brown,1001,OT,LAR,686686
Johnthan Banks,1003,CB,HOU,683824
Robert Blanton,1004,CB,BUF,683824
George Johnson,1002,DE,2TM,683824
David Bass,1005,DE,2TM,683824
Damontre Moore,1006,DE,DAL,683823
Michael Thomas,1007,WR,NOR,682681
Tevin Coleman,1008,RB,ATL,680000
Jason Spriggs,1009,OT,GNB,677468
Jarran Reed,1010,DT,SEA,672256
Nick Martin,1011,C,HOU,667044
Deion Jones,1012,OLB,ATL,656620
David Amerson,1013,CB,OAK,650000
Cornelius Lucas,1014,T,LAR,649412
Jordan Devey,1015,T,KAN,649408
Mackensie Alexander,1016,CB,MIN,646196
Jaelen Strong,1017,WR,2TM,644705
Tyler Boyd,1018,WR,CIN,643589
Duke Johnson,1019,RB,CLE,642500
Cody Whitehair,1020,OG,CHI,642026
P.J. Williams,1021,CB,NOR,640000
T.J. Green,1022,FS,IND,639420
Tim Lelito,1023,G,DET,638235
Danielle Hunter,1024,DE,MIN,636000
Sean Davis,1025,FS,PIT,635771
Justin Drescher,1026,C,ARI,635292
Chris Conley,1027,WR,KAN,635000
Eli Harold,1028,OLB,SFO,634000
Jordan Hicks,1029,OLB,PHI,633000
Carl Davis,1030,DT,BAL,630750
Vonn Bell,1031,SS,NOR,630559
Chaz Green,1032,OT,DAL,630375
James Bradberry,1033,CB,CAR,630038
Henry Anderson,1034,DE,IND,629500
Adam Gotsis,1035,DT,DEN,628996
Tyler Kroft,1036,TE,CIN,628000
Ty Montgomery,1037,WR/RB,GNB,625000
Kevin Byard,1038,S,TEN,618566
Steven Nelson,1039,CB,KAN,618500
Carl Nassib,1040,DE,CLE,618110
Quinton Dunbar,1068,WR,WAS,615000
T.J. Clemmings,1073,OT,WAS,615000
Jamison Crowder,1080,WR,WAS,615000
Deshazor Everett,1131,CB,WAS,615000
Brandon Scherff,1141,G,WAS,615000
Martrell Spaight,1143,OLB,WAS,615000
Marcus Mariota,1069,QB,TEN,615000
Jalston Fowler,1070,FB,TEN,615000
Quinton Spain,1119,OG,TEN,615000
Ryan Russell,1041,DE,TAM,615000
Adam Humphries,1042,WR,TAM,615000
Jameis Winston,1088,QB,TAM,615000
Kwon Alexander,1116,OLB,TAM,615000
Trenton Brown,1059,OT,SFO,615000
Bradley Pinion,1071,P,SFO,615000
Raheem Mostert,1104,RB,SFO,615000
K'Waun Williams,1162,DB,SFO,615000
Thomas Rawls,1054,RB,SEA,615000
Justin Coleman,1130,CB,SEA,615000
Mark Glowinski,1138,OG,SEA,615000
Dion Jordan,1157,DE,SEA,615000
D.J. Alexander,1165,OLB,SEA,615000
Jesse James,1072,TE,PIT,615000
Chris Boswell,1103,K,PIT,615000
Martavis Bryant,1128,WR,PIT,615000
Roosevelt Nix,1145,LB,PIT,615000
Leterrius Walton,1166,DT,PIT,615000
Anthony Chickillo,1171,DE,PIT,615000
Jordan Berry,1173,P,PIT,615000
Jon Feliciano,1053,OG,OAK,615000
Amari Cooper,1055,WR,OAK,615000
Seth Roberts,1074,WR,OAK,615000
Dexter McDonald,1152,CB,OAK,615000
Bryce Petty,1045,QB,NYJ,615000
Rontez Miles,1046,FS,NYJ,615000
Neal Sterling,1089,WR,NYJ,615000
Darryl Roberts,1090,CB,NYJ,615000
Will Tye,1093,TE,NYJ,615000
Brent Qvale,1111,T,NYJ,615000
Leonard Williams,1113,DT,NYJ,615000
Brett Jones,1078,C,NYG,615000
Bobby Hart,1086,OG,NYG,615000
Trey Flowers,1056,DE,NWE,615000
David Andrews,1091,C,NWE,615000
Brandon King,1151,DB,NWE,615000
Joe Cardona,1168,LS,NWE,615000
Shaq Mason,1181,C,NWE,615000
Brandon Coleman,1123,WR,NOR,615000
Tyeler Davison,1150,DT,NOR,615000
Willie Snead,1155,WR,NOR,615000
Anthony Harris,1096,DB,MIN,615000
Nick Easton,1121,C,MIN,615000
Stefon Diggs,1140,WR,MIN,615000
Blake Bell,1142,TE,MIN,615000
Mike Hull,1105,LB,MIA,615000
Bobby McCain,1146,CB,MIA,615000
Anthony Steen,1167,OG,MIA,615000
Darrell Williams,1064,T,LAR,615000
Matt Longacre,1085,DE,LAR,615000
Bryce Hager,1159,ILB,LAR,615000
Sean McGrath,1057,TE,LAC,615000
Geremy Davis,1075,WR,LAC,615000
Chris McCain,1094,LB,LAC,615000
Tyrell Williams,1118,WR,LAC,615000
Darius Philon,1122,DT,LAC,615000
Kyle Emanuel,1160,OLB,LAC,615000
Hayes Pullard,1176,ILB,LAC,615000
Craig Mager,1180,CB,LAC,615000
James Winchester,1044,LS,KAN,615000
Ramik Wilson,1134,ILB,KAN,615000
Rakeem Nunez-Roches,1158,DT,KAN,615000
Josh Wells,1062,T,JAX,615000
Jason Myers,1065,K,JAX,615000
James O'Shaughnessy,1107,TE,JAX,615000
Tyler Patmon,1132,CB,JAX,615000
Corey Grant,1156,RB,JAX,615000
Josh Walker,1179,G,JAX,615000
Jeremiah George,1050,ILB,IND,615000
Quan Bray,1076,WR,IND,615000
Denzelle Good,1079,OT,IND,615000
Clayton Geathers,1137,SS,IND,615000
Kendall Lamm,1099,T,HOU,615000
Christian Covington,1106,DT,HOU,615000
Greg Mancz,1120,C,HOU,615000
Brian Peters,1125,LB,HOU,615000
Kurtis Drummond,1170,S,HOU,615000
Aaron Ripkowski,1081,FB,GNB,615000
Brett Hundley,1114,QB,GNB,615000
Joe Thomas,1115,LB,GNB,615000
Jake Ryan,1161,OLB,GNB,615000
Corey Robinson,1048,OT,DET,615000
Quandre Diggs,1163,CB,DET,615000
Zach Zenner,1175,RB,DET,615000
Zac Kerin,1184,C,DET,615000
Jared Abbrederis,1186,WR,DET,615000
Jeff Heuerman,1043,TE,DEN,615000
Matt Paradis,1052,C,DEN,615000
Max Garcia,1063,C,DEN,615000
Shelby Harris,1112,DE,DEN,615000
Bennie Fowler,1126,WR,DEN,615000
Shaquil Barrett,1139,OLB,DEN,615000
Trevor Siemian,1149,QB,DEN,615000
Lorenzo Doss,1154,CB,DEN,615000
Damien Wilson,1124,ILB,DAL,615000
Rod Smith,1164,RB,DAL,615000
Geoff Swaim,1183,TE,DAL,615000
T.Y. McGill,1117,DT,CLE,615000
Jamie Meder,1127,DT,CLE,615000
Sammie Coates,1135,WR,CLE,615000
Charley Hughlett,1178,LS,CLE,615000
C.J. Uzomah,1101,TE,CIN,615000
Josh Shaw,1172,CB,CIN,615000
Tre McBride,1049,WR,CHI,615000
Jonathan Anderson,1082,LB,CHI,615000
Adrian Amos,1100,FS,CHI,615000
Kevin White,1102,WR,CHI,615000
Michael Burton,1129,FB,CHI,615000
Daniel Brown,1148,WR,CHI,615000
Bryce Callahan,1185,CB,CHI,615000
Cameron Artis-Payne,1083,RB,CAR,615000
Greg Van Roten,1095,G,CAR,615000
Daryl Williams,1097,OT,CAR,615000
David Mayo,1136,ILB,CAR,615000
John Miller,1060,OG,BUF,615000
Nick O'Leary,1109,TE,BUF,615000
Khari Lee,1174,TE,BUF,615000
Chris Matthews,1047,WR,BAL,615000
Andrew Donnal,1066,OT,BAL,615000
Za'Darius Smith,1067,DE,BAL,615000
Javorius Allen,1133,RB,BAL,615000
Nick Boyle,1147,TE,BAL,615000
Grady Jarrett,1108,DT,ATL,615000
Justin Hardy,1110,WR,ATL,615000
Ricardo Allen,1144,CB,ATL,615000
Vic Beasley,1153,OLB,ATL,615000
Terron Ward,1169,RB,ATL,615000
Xavier Williams,1058,DT,ARI,615000
Rodney Gunter,1061,DT,ARI,615000
JJ Nelson,1087,WR,ARI,615000
David Johnson,1177,RB,ARI,615000
Derron Smith,1051,FS,2TM,615000
Jay Ajayi,1077,RB,2TM,615000
Ibraheim Campbell,1084,SS,2TM,615000
Ladarius Gunter,1092,CB,2TM,615000
A.J. Derby,1098,TE,2TM,615000
Ayodeji Olatoye,1182,DB,2TM,615000
Maliek Collins,1187,DT,DAL,612500
Deandre Coleman,1188,DT,BUF,608820
Yannick Ngakoue,1189,OLB,JAX,605041
Cody Kessler,1190,QB,CLE,604049
Bronson Kaufusi,1191,DE,BAL,603500
Jonathan Bullard,1192,DE,CHI,599000
Kenyan Drake,1193,RB,MIA,595000
Michael Person,1197,OL,IND,592647
Marcus Cromartie,1194,CB,HOU,592647
Shamarko Thomas,1196,SS,BUF,592647
Earl Watford,1195,OG,ARI,592647
Stevan Ridley,1198,RB,PIT,592644
Zach Line,1199,FB,NOR,592644
Dwight Freeney,1200,DE,2TM,588235
Darian Thompson,1201,FS,NYG,585000
Leger Douzable,1202,DT,SFO,582353
Ahtyba Rubin,1203,NT,2TM,582353
C.J. Spiller,1204,RB,KAN,582253
Jacoby Brissett,1205,QB,IND,580038
Akeem Hunt,1206,RB,KAN,578824
Isaac Seumalo,1207,OG,PHI,574000
KeiVarae Russell,1208,CB,CIN,570000
Kenjon Barner,1209,RB,PHI,568235
Shon Coleman,1210,OT,CLE,568000
C.J. Prosise,1211,RB,SEA,565000
Brandon Williams,1212,CB,ARI,563500
Le'Raven Clark,1213,OT,IND,563000
Nick Vannett,1214,TE,SEA,562000
Javon Hargrave,1215,DT,PIT,560000
Jordan Jenkins,1216,OLB,NYJ,560000
Leonte Carroo,1217,WR,MIA,560000
Kyler Fackrell,1219,OLB,GNB,560000
Daryl Worley,1218,CB,CAR,560000
Graham Glasgow,1220,OG,DET,558500
Kendall Fuller,1221,CB,WAS,557500
Braxton Miller,1222,WR,HOU,557500
Rees Odhiambo,1223,OG,SEA,553000
Gerald Hodges,1224,OLB,NOR,547059
Bobby Rainey,1225,RB,BAL,547056
L.J. Fort,1230,LB,PIT,542647
Geneo Grissom,1227,OLB,NWE,542647
David Parry,1232,NT,NOR,542647
Troy Hill,1228,CB,LAR,542647
Nick Dzubnar,1226,LB,LAC,542647
Matt Jones,1229,RB,IND,542647
John Timu,1231,ILB,CHI,542647
Joe Vellano,1233,DT,ATL,542640
Matthew Ioannidis,1245,DT,WAS,540000
Robert Kelley,1285,RB,WAS,540000
Anthony Lanier,1389,DE,WAS,540000
Tye Smith,1290,CB,TEN,540000
LeShaun Sims,1311,CB,TEN,540000
Kalan Reed,1318,CB,TEN,540000
David Fluellen,1330,RB,TEN,540000
Curtis Riley,1411,CB,TEN,540000
Javien Elliott,1250,CB,TAM,540000
Caleb Benenoch,1295,OT,TAM,540000
Peyton Barber,1337,RB,TAM,540000
Ryan Smith,1350,CB,TAM,540000
Alan Cross,1409,TE,TAM,540000
Leonard Wester,1413,T,TAM,540000
Tanner McEvoy,1270,WR,SEA,540000
J.D. McKissic,1293,WR,SEA,540000
Tyler Ott,1301,LS,SEA,540000
Eli Rogers,1242,WR,PIT,540000
Xavier Grimble,1271,TE,PIT,540000
Tyler Matakevich,1344,ILB,PIT,540000
Kameron Canaday,1385,LS,PIT,540000
B.J. Finney,1408,C,PIT,540000
Rick Lovato,1254,LS,PHI,540000
Wendell Smallwood,1267,RB,PHI,540000
Jalen Mills,1324,CB,PHI,540000
Kamu Grugier-Hill,1325,OLB,PHI,540000
Halapoulivaati Vaitai,1383,OT,PHI,540000
Destiny Vaeao,1418,DT,PHI,540000
James Cowser,1236,LB,OAK,540000
Darius Latham,1246,DT,OAK,540000
Johnny Holton,1252,WR,OAK,540000
Jalen Richard,1321,RB,OAK,540000
Cory James,1334,OLB,OAK,540000
Erik Harris,1338,DB,OAK,540000
DeAndre Washington,1340,RB,OAK,540000
Xavier Woodson-Luster,1357,LB,OAK,540000
Tyrell Adams,1360,LB,OAK,540000
Vadal Alexander,1363,OG,OAK,540000
Antonio Hamilton,1370,CB,OAK,540000
Robby Anderson,1241,WR,NYJ,540000
Brandon Shell,1260,OT,NYJ,540000
Lac Edwards,1262,P,NYJ,540000
Charone Peake,1278,WR,NYJ,540000
Eric Tomlinson,1341,TE,NYJ,540000
Juston Burris,1367,CB,NYJ,540000
Andrew Adams,1234,S,NYG,540000
Paul Perkins,1238,RB,NYG,540000
Romeo Okwara,1266,DE,NYG,540000
Jerell Adams,1317,TE,NYG,540000
B.J. Goodson,1375,OLB,NYG,540000
Robert Thomas,1379,NT,NYG,540000
Roger Lewis,1402,WR,NYG,540000
Elandon Roberts,1248,ILB,NWE,540000
Joe Thuney,1284,OG,NWE,540000
Ted Karras,1299,OG,NWE,540000
Jonathan Jones,1339,DB,NWE,540000
Wil Lutz,1235,K,NOR,540000
David Onyemata,1286,DT,NOR,540000
Ken Crawley,1331,DB,NOR,540000
Tommylee Lewis,1371,WR,NOR,540000
De'Vante Harris,1406,DB,NOR,540000
Stephen Weatherly,1309,OLB,MIN,540000
David Morgan,1313,TE,MIN,540000
Kentrell Brothers,1320,ILB,MIN,540000
Jayron Kearse,1345,SS,MIN,540000
Rashod Hill,1356,T,MIN,540000
Senorise Perry,1244,RB,MIA,540000
Rashawn Scott,1258,WR,MIA,540000
Jake Brendel,1277,C,MIA,540000
Jakeem Grant,1303,WR,MIA,540000
Pharoh Cooper,1329,WR,LAR,540000
Marqui Christian,1364,SS,LAR,540000
Tyler Higbee,1365,TE,LAR,540000
Blake Countess,1376,CB,LAR,540000
Cory Littleton,1384,LB,LAR,540000
Malcolm Brown,1390,RB,LAR,540000
Austin Blythe,1399,C,LAR,540000
Morgan Fox,1410,DL,LAR,540000
Trevor Williams,1237,CB,LAC,540000
Joey Bosa,1251,DE,LAC,540000
Drew Kaser,1264,P,LAC,540000
Derek Watt,1332,FB,LAC,540000
Spencer Pulley,1373,C,LAC,540000
Jatavis Brown,1380,OLB,LAC,540000
Tyreek Hill,1249,WR,KAN,540000
Bryan Witzmann,1261,T,KAN,540000
Eric Murray,1361,CB,KAN,540000
Parker Ehinger,1381,OG,KAN,540000
Demarcus Robinson,1393,WR,KAN,540000
Terrance Smith,1397,LB,KAN,540000
Ben Koyack,1256,TE,JAX,540000
Jarrod Wilson,1259,S,JAX,540000
Michael Bennett,1305,DT,JAX,540000
Luke Rhodes,1239,LB,IND,540000
Christopher Milton,1263,CB,IND,540000
Chester Rogers,1272,WR,IND,540000
Matthias Farley,1274,DB,IND,540000
Hassan Ridgeway,1296,DT,IND,540000
Josh Ferguson,1359,RB,IND,540000
Jeremy Vujnovich,1386,T,IND,540000
Antonio Morrison,1396,ILB,IND,540000
Joe Haeg,1412,OT,IND,540000
Joel Heath,1319,DT,HOU,540000
D.J. Reader,1328,DT,HOU,540000
Ufomba Kamalu,1335,DE,HOU,540000
Stephen Anderson,1354,TE,HOU,540000
Corey Moore,1369,S,HOU,540000
Brennan Scarlett,1387,LB,HOU,540000
Tyler Ervin,1395,RB,HOU,540000
Kyle Murphy,1349,OT,GNB,540000
Kentrell Brice,1362,S,GNB,540000
Dean Lowry,1374,DE,GNB,540000
Josh Hawkins,1378,CB,GNB,540000
Blake Martinez,1391,ILB,GNB,540000
Trevor Davis,1401,WR,GNB,540000
Marwin Evans,1403,S,GNB,540000
Miles Killebrew,1253,SS,DET,540000
Joe Dahl,1297,OG,DET,540000
Dwayne Washington,1304,RB,DET,540000
Brian Mihalik,1308,DE,DET,540000
Anthony Zettel,1372,DE,DET,540000
Jake Rudock,1421,QB,DET,540000
Riley Dixon,1243,P,DEN,540000
Justin Simmons,1265,FS,DEN,540000
Connor McGovern,1279,OG,DEN,540000
Will Parks,1288,S,DEN,540000
Zaire Anderson,1323,LB,DEN,540000
Jordan Taylor,1348,WR,DEN,540000
Casey Kreiter,1377,LS,DEN,540000
Andy Janovich,1382,FB,DEN,540000
Devontae Booker,1394,RB,DEN,540000
Anthony Brown,1282,CB,DAL,540000
Charles Tapper,1287,DE,DAL,540000
Kavon Frazier,1307,FS,DAL,540000
Brian Price,1347,DT,DAL,540000
Dak Prescott,1416,QB,DAL,540000
Dan Vitale,1269,FB,CLE,540000
Joe Schobert,1280,OLB,CLE,540000
Spencer Drango,1281,OG,CLE,540000
Ricardo Louis,1289,WR,CLE,540000
Austin Reiter,1292,C,CLE,540000
Randall Telfer,1316,TE,CLE,540000
Tyrone Holmes,1327,OLB,CLE,540000
Mike Jordan,1342,DB,CLE,540000
Dominique Alexander,1351,LB,CLE,540000
Briean Boddy-Calhoun,1366,DB,CLE,540000
Derrick Kindred,1405,SS,CLE,540000
Seth Devalve,1407,TE,CLE,540000
Kevin Hogan,1414,QB,CLE,540000
Cody Core,1255,WR,CIN,540000
Clayton Fejedelem,1276,FS,CIN,540000
Alex Erickson,1312,WR,CIN,540000
Christian Westerman,1336,OG,CIN,540000
Nick Vigil,1420,ILB,CIN,540000
Jordan Howard,1275,RB,CHI,540000
Cre'von LeBlanc,1310,DB,CHI,540000
Nick Kwiatkoski,1353,ILB,CHI,540000
Deon Bush,1415,FS,CHI,540000
Michael Palardy,1273,P,CAR,540000
Chris Manhertz,1283,TE,CAR,540000
Jeremy Cash,1291,LB,CAR,540000
Tyler Larsen,1322,C,CAR,540000
Kevon Seymour,1388,CB,CAR,540000
Jared Norris,1398,LB,CAR,540000
Damiere Byrd,1404,WR,CAR,540000
Adolphus Washington,1257,DT,BUF,540000
Willie Henry,1306,DT,BAL,540000
Patrick Onwuasor,1326,LB,BAL,540000
Michael Pierce,1333,DT,BAL,540000
Matt Judon,1355,DE,BAL,540000
Chris Moore,1400,WR,BAL,540000
Vince Mayle,1417,WR,BAL,540000
Austin Hooper,1268,TE,ATL,540000
Wes Schweitzer,1294,OT,ATL,540000
De'Vondre Campbell,1315,OLB,ATL,540000
Sharrod Neasman,1352,S,ATL,540000
Brian Poole,1358,S,ATL,540000
Olsen Pierre,1298,DT,ARI,540000
Evan Boehm,1300,C,ARI,540000
John Wetzel,1346,T,ARI,540000
Mack Brown,1240,RB,2TM,540000
Kaelin Clay,1247,WR,2TM,540000
C.J. Goodwin,1302,WR,2TM,540000
Sheldon Day,1314,DT,2TM,540000
Lafayette Pitts,1343,CB,2TM,540000
Rashard Robinson,1368,CB,2TM,540000
Ross Travis,1392,TE,2TM,540000
Dexter McCoil,1419,S,2TM,540000
Ed Stinson,1422,DE,NYJ,527647
Andre Williams,1423,RB,LAC,527644
Freddie Bishop,1424,DE,NYJ,508240
Geronimo Allison,1426,WR,GNB,508235
Emmett Cleary,1429,T,DET,508235
Kyle Peko,1428,DT,DEN,508235
Alex Collins,1425,RB,BAL,508235
D.J. Foster,1427,RB,ARI,508235
Rashard Higgins,1430,WR,CLE,508224
Mark Nzeocha,1432,OLB,SFO,506471
Ulrick John,1431,OT,GNB,506471
Deontae Skinner,1433,LB,NYG,506464
Bryce Harris,1434,T,NOR,501471
Michael Mauti,1437,OLB,NOR,501471
Andrew Gachkar,1436,OLB,CAR,501471
Deonte Thompson,1435,WR,2TM,501471
Griff Whalen,1438,WR,BAL,501468
Demetrius McCray,1440,CB,OAK,487059
Tavarres King,1439,WR,NYG,487059
Seantrel Henderson,1441,OT,BUF,487058
Arthur Jones,1444,DT,WAS,476471
Garrison Smith,1443,DT,SEA,476471
DeAndre Houston-Carson,1442,FS,CHI,476471
Brian Hoyer,1445,QB,2TM,476471
Eric Winston,1446,T,CIN,470588
Obum Gwacham,1449,DE,NYJ,470294
Tenny Palepoi,1447,DT,LAC,470294
Ben Heeney,1448,ILB,HOU,470294
David Irving,1450,DE,DAL,470294
Dezmen Southward,1451,SS,CAR,470288
Jonathan Allen,1511,DT,WAS,465000
Montae Nicholson,1513,SS,WAS,465000
Joshua Holsey,1539,CB,WAS,465000
Jeremy Sprinkle,1550,TE,WAS,465000
Samaje Perine,1566,RB,WAS,465000
Tyler Catalina,1569,OG,WAS,465000
Stefan McClure,1611,S,WAS,465000
Fabian Moreau,1624,CB,WAS,465000
Chase Roullier,1667,C,WAS,465000
Ryan Anderson,1697,OLB,WAS,465000
Josh Harvey-Clemons,1709,SS,WAS,465000
Jonnu Smith,1483,TE,TEN,465000
Taywan Taylor,1529,WR,TEN,465000
Josh Carraway,1564,DE,TEN,465000
Corey Davis,1606,WR,TEN,465000
Jayon Brown,1618,ILB,TEN,465000
Adoree' Jackson,1620,CB,TEN,465000
Evan Dietrich-Smith,1455,G,TAM,465000
O.J. Howard,1472,TE,TAM,465000
Justin Evans,1478,SS,TAM,465000
Kendell Beckwith,1506,ILB,TAM,465000
Devante Bond,1521,OLB,TAM,465000
Chris Godwin,1530,WR,TAM,465000
Antony Auclair,1538,TE,TAM,465000
George Kittle,1454,TE,SFO,465000
Trent Taylor,1471,WR,SFO,465000
Kendrick Bourne,1499,WR,SFO,465000
Solomon Thomas,1510,DE,SFO,465000
Lorenzo Jerome,1525,DB,SFO,465000
Pita Taumoepenu,1558,OLB,SFO,465000
Matt Breida,1584,RB,SFO,465000
Ahkello Witherspoon,1602,CB,SFO,465000
C.J. Beathard,1615,QB,SFO,465000
Erik Magnuson,1616,OT,SFO,465000
Adrian Colbert,1647,SS,SFO,465000
Victor Bolden,1687,WR,SFO,465000
D.J. Jones,1712,DT,SFO,465000
Reuben Foster,1714,ILB,SFO,465000
Tedric Thompson,1456,SS,SEA,465000
Amara Darboh,1460,WR,SEA,465000
Tre Madden,1487,RB,SEA,465000
Ethan Pocic,1518,C,SEA,465000
Nazair Jones,1535,DT,SEA,465000
Delano Hill,1571,FS,SEA,465000
Chris Carson,1640,RB,SEA,465000
Jordan Roos,1649,OG,SEA,465000
Shaquill Griffin,1681,DB,SEA,465000
Brian Allen,1488,CB,PIT,465000
T.J. Watt,1492,OLB,PIT,465000
James Conner,1502,RB,PIT,465000
Matt Feiler,1582,T,PIT,465000
Terrell Watson,1660,RB,PIT,465000
Mike Hilton,1721,CB,PIT,465000
JuJu Smith-Schuster,1726,WR,PIT,465000
Jerald Hawkins,1732,OT,PIT,465000
Mack Hollins,1466,WR,PHI,465000
Rasul Douglas,1508,CB,PHI,465000
Shelton Gibson,1541,WR,PHI,465000
Corey Clement,1605,RB,PHI,465000
Elijah Qualls,1610,DT,PHI,465000
Marcus Johnson,1635,WR,PHI,465000
Sidney Jones,1659,CB,PHI,465000
Jake Elliott,1665,K,PHI,465000
Joe Walker,1674,ILB,PHI,465000
Derek Barnett,1724,DE,PHI,465000
Eddie Vanderdoes,1469,DT,OAK,465000
Giorgio Tavecchio,1500,K,OAK,465000
Treyvon Hester,1514,DT,OAK,465000
Gareon Conley,1560,CB,OAK,465000
David Sharpe,1587,OT,OAK,465000
Nicholas Morrow,1595,LB,OAK,465000
Marquel Lee,1607,ILB,OAK,465000
Shalom Luani,1613,SS,OAK,465000
Jylan Ware,1656,OT,OAK,465000
Derrick Jones,1489,CB,NYJ,465000
Marcus Maye,1495,FS,NYJ,465000
Dylan Donahue,1546,DL,NYJ,465000
Chad Hansen,1625,WR,NYJ,465000
Jamal Adams,1633,SS,NYJ,465000
Elijah McGuire,1711,RB,NYJ,465000
ArDarius Stewart,1718,WR,NYJ,465000
Thomas Hennessy,1738,LS,NYJ,465000
Calvin Munson,1453,OLB,NYG,465000
Chad Wheeler,1464,OT,NYG,465000
Shane Smith,1531,FB,NYG,465000
Aldrick Rosas,1594,K,NYG,465000
Avery Moss,1612,DE,NYG,465000
Evan Engram,1623,TE,NYG,465000
Wayne Gallman,1646,RB,NYG,465000
Dalvin Tomlinson,1679,DT,NYG,465000
Jacob Hollister,1522,TE,NWE,465000
Adam Butler,1524,DT,NWE,465000
Harvey Langi,1570,ILB,NWE,465000
Cole Croston,1677,OT,NWE,465000
Deatrich Wise Jr.,1716,DE,NWE,465000
Mitchell Loewen,1470,DE,NOR,465000
Austin Carr,1542,WR,NOR,465000
Trey Hendrickson,1548,DE,NOR,465000
Alex Anzalone,1553,OLB,NOR,465000
Taysom Hill,1589,QB,NOR,465000
Zach Wood,1590,DE,NOR,465000
Trey Edmunds,1603,RB,NOR,465000
Marcus Williams,1653,S,NOR,465000
Marshon Lattimore,1661,CB,NOR,465000
Alvin Kamara,1663,RB,NOR,465000
Al-Quadin Muhammad,1670,DE,NOR,465000
Ryan Ramczyk,1690,OT,NOR,465000
Danny Isidora,1490,OG,MIN,465000
C.J. Ham,1497,RB,MIN,465000
Pat Elflein,1517,C,MIN,465000
Eric Wilson,1549,ILB,MIN,465000
Ben Gedeon,1578,ILB,MIN,465000
Tashawn Bower,1627,OLB,MIN,465000
Jaleel Johnson,1630,DT,MIN,465000
Dalvin Cook,1636,RB,MIN,465000
Stacy Coley,1689,WR,MIN,465000
Aviante Collins,1704,OG,MIN,465000
Rodney Adams,1707,WR,MIN,465000
Torry McTyer,1476,CB,MIA,465000
Maurice Smith,1505,FS,MIA,465000
Matt Haack,1554,P,MIA,465000
Davon Godchaux,1583,DT,MIA,465000
Cordrea Tankersley,1593,CB,MIA,465000
Vincent Taylor,1632,DT,MIA,465000
Charles Harris,1668,DE,MIA,465000
Jesse Davis,1686,T,MIA,465000
Isaac Asiata,1701,OG,MIA,465000
Chase Allen,1735,LB,MIA,465000
Gerald Everett,1557,TE,LAR,465000
John Johnson,1559,S,LAR,465000
Ejuan Price,1576,OLB,LAR,465000
Justin Davis,1622,RB,LAR,465000
Dominique Hatfield,1652,CB,LAR,465000
Josh Reynolds,1676,WR,LAR,465000
Cooper Kupp,1694,WR,LAR,465000
Samson Ebukam,1717,OLB,LAR,465000
Tanzel Smart,1743,DT,LAR,465000
Sean Culkin,1458,TE,LAC,465000
Desmond King,1482,FS,LAC,465000
Mike Williams,1545,WR,LAC,465000
Austin Ekeler,1572,RB,LAC,465000
Dan Feeney,1631,OG,LAC,465000
James Onwualu,1648,OLB,LAC,465000
YoungHoe Koo,1651,K,LAC,465000
Rayshawn Jenkins,1688,FS,LAC,465000
Sam Tevi,1706,OT,LAC,465000
Ukeme Eligwe,1462,OLB,KAN,465000
Jehu Chesson,1475,WR,KAN,465000
Patrick Mahomes,1567,QB,KAN,465000
Kareem Hunt,1654,RB,KAN,465000
Tanoh Kpassagnon,1731,DE,KAN,465000
Cam Robinson,1520,OT,JAX,465000
Keelan Cole,1556,WR,JAX,465000
Donald Payne,1638,LB,JAX,465000
Leonard Fournette,1658,RB,JAX,465000
Blair Brown,1713,ILB,JAX,465000
Eli Ankou,1720,DT,JAX,465000
Max McCaffrey,1722,WR,JAX,465000
Jalen Myrick,1730,CB,JAX,465000
Dawuane Smoot,1733,DE,JAX,465000
Deyshawn Bond,1465,C,IND,465000
Tarell Basham,1474,DE,IND,465000
Kenny Moore,1496,CB,IND,465000
Rigoberto Sanchez,1544,K,IND,465000
Nate Hairston,1573,CB,IND,465000
Anthony Walker,1599,LB,IND,465000
Marlon Mack,1600,RB,IND,465000
Grover Stewart,1604,DT,IND,465000
Malik Hooker,1609,FS,IND,465000
Adam Redmond,1672,G,IND,465000
Quincy Wilson,1678,CB,IND,465000
Darrell Daniels,1682,TE,IND,465000
Carlos Watkins,1457,DT,HOU,465000
D'Onta Foreman,1509,RB,HOU,465000
Deshaun Watson,1536,QB,HOU,465000
Julie'n Davenport,1537,OT,HOU,465000
Zach Cunningham,1586,OLB,HOU,465000
Treston Decoud,1596,CB,HOU,465000
Ka'imi Fairbairn,1629,K,HOU,465000
Kyle Fuller,1662,C,HOU,465000
Dylan Cole,1666,LB,HOU,465000
Justin Vogel,1452,P,GNB,465000
Montravius Adams,1473,DT,GNB,465000
Aaron Jones,1485,RB,GNB,465000
Josh Jones,1512,S,GNB,465000
Lucas Patrick,1563,G,GNB,465000
Devante Mays,1577,RB,GNB,465000
Justin McCray,1634,G,GNB,465000
Jamaal Williams,1671,RB,GNB,465000
Lenzy Pipkins,1684,CB,GNB,465000
Chris Odom,1698,DE,GNB,465000
Kevin King,1725,CB,GNB,465000
Jeremiah Ledbetter,1461,DT,DET,465000
Teez Tabor,1468,CB,DET,465000
Kenny Golladay,1486,WR,DET,465000
Alex Barrett,1503,DE,DET,465000
Jeremiah Valoaga,1527,DE,DET,465000
Jalen Reeves-Maybin,1533,OLB,DET,465000
Jamal Agnew,1673,CB,DET,465000
Steve Longa,1705,LB,DET,465000
Tion Green,1715,RB,DET,465000
Michael Roberts,1719,TE,DET,465000
Kasey Redfern,1728,P,DET,465000
Charles Washington,1737,DB,DET,465000
Jarrad Davis,1740,ILB,DET,465000
Tyrique Jarrett,1519,DT,DEN,465000
DeMarcus Walker,1543,DE,DEN,465000
Garett Bolles,1574,OT,DEN,465000
Brendan Langley,1617,CB,DEN,465000
Isaiah McKenzie,1655,WR,DEN,465000
De'Angelo Henderson,1657,RB,DEN,465000
Jamal Carter,1710,S,DEN,465000
Ryan Switzer,1523,WR,DAL,465000
Taco Charlton,1534,DE,DAL,465000
Cooper Rush,1561,QB,DAL,465000
Jourdan Lewis,1592,CB,DAL,465000
Chidobe Awuzie,1608,CB,DAL,465000
Noah Brown,1644,WR,DAL,465000
Xavier Woods,1699,SS,DAL,465000
Zach Banner,1480,OG,CLE,465000
Kasen Williams,1504,WR,CLE,465000
Myles Garrett,1555,DE,CLE,465000
Trevon Coley,1580,DL,CLE,465000
David Njoku,1588,TE,CLE,465000
Matthew Dayes,1626,RB,CLE,465000
James Burgess,1645,LB,CLE,465000
Larry Ogunjobi,1664,DT,CLE,465000
Kai Nacua,1675,FS,CLE,465000
DeShone Kizer,1692,QB,CLE,465000
B.J. Bello,1693,LB,CLE,465000
Caleb Brantley,1727,DT,CLE,465000
Zane Gonzalez,1729,K,CLE,465000
Jabrill Peppers,1734,SS,CLE,465000
Hardy Nickerson,1459,ILB,CIN,465000
Joe Mixon,1463,RB,CIN,465000
Carl Lawson,1493,DE,CIN,465000
Ryan Glasgow,1501,DT,CIN,465000
Cethan Carter,1532,TE,CIN,465000
Jordan Evans,1540,ILB,CIN,465000
Jordan Willis,1562,DE,CIN,465000
Alex Redmond,1614,G,CIN,465000
Andrew Billings,1621,DT,CIN,465000
Trey Hopkins,1628,G,CIN,465000
Josh Malone,1695,WR,CIN,465000
John Ross,1723,WR,CIN,465000
Tanner Gentry,1526,WR,CHI,465000
Mitch Trubisky,1551,QB,CHI,465000
Roy Robertson-Harris,1552,LB,CHI,465000
Adam Shaheen,1643,TE,CHI,465000
Eddie Jackson,1696,SS,CHI,465000
Tarik Cohen,1700,RB,CHI,465000
Taquan Mizzell,1702,RB,CHI,465000
Christian McCaffrey,1479,RB,CAR,465000
Taylor Moton,1481,OT,CAR,465000
Demetrious Cox,1641,FS,CAR,465000
Curtis Samuel,1650,WR,CAR,465000
Daeshon Hall,1703,DE,CAR,465000
Eddie Yarbrough,1467,DE,BUF,465000
Zay Jones,1491,WR,BUF,465000
Dion Dawkins,1498,OG,BUF,465000
Matt Milano,1515,OLB,BUF,465000
Tanner Vallejo,1579,ILB,BUF,465000
Deon Lacey,1585,LB,BUF,465000
Reid Ferguson,1598,LS,BUF,465000
Nathan Peterman,1619,QB,BUF,465000
Conor McDermott,1708,OT,BUF,465000
TreDavious White,1742,CB,BUF,465000
Chris Wormley,1477,DT,BAL,465000
Tim Williams,1507,OLB,BAL,465000
Jaylen Hill,1516,CB,BAL,465000
Tyus Bowser,1528,OLB,BAL,465000
Bam Bradley,1597,OLB,BAL,465000
Marlon Humphrey,1639,CB,BAL,465000
Patrick Ricard,1642,DE,BAL,465000
Chuck Clark,1739,FS,BAL,465000
Jermaine Eluemunor,1741,OG,BAL,465000
Eric Saubert,1565,TE,ATL,465000
Duke Riley,1680,OLB,ATL,465000
Damontae Kazee,1685,CB,ATL,465000
Takkarist McKinley,1736,OLB,ATL,465000
Haason Reddick,1484,OLB,ARI,465000
Elijhaa Penny,1547,RB,ARI,465000
Rudy Ford,1568,S,ARI,465000
Will Holden,1575,OT,ARI,465000
Budda Baker,1581,FS,ARI,465000
Ifeanyi Momah,1591,WR,ARI,465000
Chad Williams,1669,WR,ARI,465000
Daniel Munyer,1691,OL,ARI,465000
Nigel Harris,1637,OLB,3TM,465000
Trae Elston,1494,DB,2TM,465000
Jermaine Grace,1601,LB,2TM,465000
Brian Hill,1683,RB,2TM,465000
Orlando Franklin,1745,OL,WAS,455882
Gavin Escobar,1747,TE,BAL,455882
Sean Weatherspoon,1746,LB,ATL,455882
Jonathan Freeny,1744,DE,3TM,455882
Khyri Thornton,1748,DT,DET,452941
Jacquies Smith,1749,DE,2TM,446471
Curtis Grant,1750,LB,NYG,437648
Elijah Lee,1754,OLB,SFO,437647
Mike Davis,1752,RB,SEA,437647
Lawrence Thomas,1757,DE,NYJ,437647
Michael Davis,1751,,LAC,437647
Evan Baylis,1756,TE,HOU,437647
Adam Pankey,1755,OG,GNB,437647
Tony McRae,1753,CB,2TM,437647
Kelvin Sheppard,1758,LB,NYG,423529
Louis Murphy,1759,WR,SFO,423528
Jordan Lucas,1760,SS,MIA,421941
Chris Reed,1761,G,JAX,412945
Deon King,1762,LB,CLE,412945
Scooby Wright,1763,ILB,ARI,412945
Branden Jackson,1765,DE,SEA,412941
Quinton Jefferson,1766,DT,SEA,412941
Mike Thomas,1767,WR,LAR,412941
Bryce Treggs,1764,WR,CLE,412941
Jordan Leslie,1768,WR,CLE,410295
Reggie Porter,1769,CB,CLE,410295
Devin Taylor,1777,DE,NYG,410294
Justin Hardee,1771,WR,NOR,410294
T.J. Yates,1774,QB,HOU,410294
Don Barclay,1773,G,DET,410294
Alex Armah,1776,FB,CAR,410294
Matt Skura,1770,C,BAL,410294
Ricky Seals-Jones,1775,WR,ARI,410294
Travaris Cadet,1772,RB,2TM,410294
Robert Nelson,1778,FS,NYJ,405882
David Fales,1779,QB,MIA,405880
Jairus Byrd,1780,DB,CAR,404648
Michael Ola,1782,T,LAC,397941
Josh Lambo,1781,K,JAX,397941
A.J. Francis,1783,DL,WAS,397936
Aaron Wallace,1784,OLB,TEN,383824
Chris Thompson,1785,RB,WAS,382942
Chris Thompson,1786,WR,HOU,382942
Harrison Butker,1787,K,KAN,382941
Taybor Pepper,1788,LS,GNB,382941
Bryan Cox,1789,DE,CAR,382941
Patrick Murray,1791,K,TAM,381176
Shilique Calhoun,1790,DE,OAK,381176
Darnell Sankey,1793,LB,IND,381176
Justin March-Lillard,1792,LB,3TM,381176
Will Beatty,1794,T,PHI,370588
Dannell Ellerbe,1795,LB,PHI,370588
Cam Thomas,1796,DT,KAN,370587
Brenton Bersin,1797,WR,CAR,365292
Jeff Cumberland,1798,TE,LAC,364706
Ronald Blair,1800,DE,SFO,363000
Deiondre' Hall,1801,CB,CHI,363000
Maurice Canady,1799,CB,BAL,363000
Arie Kouandjio,1802,OG,WAS,361765
Trevor Reilly,1803,OLB,NWE,361765
Isaiah Johnson,1805,S,TAM,355589
Jon Halapio,1804,OG,NYG,355589
Kyle Kalis,1807,OG,IND,355588
Henry Krieger-Coble,1809,TE,IND,355588
Isaiah Irving,1808,OLB,CHI,355588
Greg Mabin,1806,CB,2TM,355588
Darrelle Revis,1810,DB,KAN,352941
Jermaine Whitehead,1812,DB,GNB,349415
Joe Callahan,1813,QB,GNB,349415
Richard Ash,1811,DT,DAL,349415
Daniel Lasco,1814,RB,NOR,349412
Cameron Sutton,1815,CB,PIT,348000
Obi Melifonwu,1816,SS,OAK,348000
Jeremy Clark,1818,CB,NYJ,348000
Dede Westbrook,1817,WR,JAX,348000
Vince Biegel,1820,OLB,GNB,348000
Marquez Williams,1819,FB,CLE,348000
Donte Deayon,1823,DB,NYG,328236
Adam Bighill,1824,LB,NOR,328236
Tani Tupou,1821,DT,ATL,328236
Marvin Hall,1822,WR,ATL,328236
Cole Hikutini,1825,TE,SFO,328235
Xavier Coleman,1826,CB,NYJ,328235
Travis Rudolph,1827,WR,NYG,328235
Ed Eagan,1828,WR,NYG,328235
Marcus Kemp,1829,WR,KAN,328235
Tyreek Burwell,1830,T,IND,325588
Angelo Blackson,1833,DT,HOU,325588
Xavier Cooper,1831,DT,2TM,325588
Josh Keyes,1832,LB,2TM,325588
Cyrus Kouandjio,1834,OT,DEN,324706
Akeem Ayers,1835,LB,NYG,319118
Harlan Miller,1836,CB,ARI,319118
Joshua Perry,1837,OLB,IND,317647
Matt Lengel,1838,TE,CLE,317647
Nathan Gerry,1843,SS,PHI,300883
Jaydon Mickens,1842,WR,JAX,300883
Elijah Wilkinson,1839,OT,DEN,300883
Jerrol Garcia-Williams,1841,LB,DEN,300883
Hunter Sharp,1840,WR,2TM,300883
Nick Rose,1844,K,2TM,300882
Ray-Ray Armstrong,1845,LB,2TM,294118
Freddie Martino,1846,WR,TAM,289408
Nate Sudfeld,1847,QB,PHI,285882
D.J. White,1848,CB,IND,285882
Jace Billingsley,1850,WR,DET,273530
Dan Skipper,1851,OT,DET,273530
Kevin Snyder,1852,LB,DEN,273530
Blake Jarwin,1849,TE,DAL,273530
Elijah Hood,1853,RB,OAK,273529
Joey Mbu,1854,NT,IND,254120
Ben Braunecker,1855,TE,CHI,254120
Max Tuerk,1856,C,ARI,254118
Zach Vigil,1857,ILB,WAS,253235
Deiontrez Mount,1859,OLB,DEN,253232
Terrence Magee,1858,RB,ATL,253232
Darrell Williams,1864,OL,SFO,246177
Derek Hart,1861,LS,GNB,246177
Donatello Brown,1862,CB,GNB,246177
Marshall Koehn,1863,K,CIN,246177
Bryson Albright,1860,LB,ARI,246177
Demetrius Rhaney,1866,C,WAS,243529
Fitzgerald Toussaint,1865,RB,PIT,243529
Cairo Santos,1867,K,2TM,243529
Mike Nugent,1868,K,2TM,235294
Tim Barnes,1870,C,SFO,227941
Chris Prosinski,1869,DB,CHI,227941
Datone Jones,1871,DE,2TM,227941
Byron Marshall,1872,RB,WAS,222353
Joe Kerridge,1873,FB,GNB,222353
Vinston Painter,1874,OT,ARI,222353
Kalif Raymond,1875,WR,2TM,222353
Brandon Banks,1884,DL,WAS,218824
Maurice Harris,1888,WR,WAS,218824
Josh Forrest,1877,ILB,SEA,218824
Jojo Natson,1882,WR,NYJ,218824
Zach Sterup,1878,OL,MIA,218824
Johnny Mundt,1881,TE,LAR,218824
Chunky Clements,1887,DT,HOU,218824
Joseph Jones,1883,OLB,DEN,218824
Lewis Neal,1876,DE,DAL,218824
Daniel Ross,1879,DT,DAL,218824
Darius Hillary,1885,CB,CLE,218824
Josh Tupou,1880,DT,CIN,218824
Brandon Wilson,1886,CB,CIN,218824
Neville Hewitt,1891,LB,MIA,217059
Howard Jones,1890,LB,CHI,217059
Dexter McDougle,1889,CB,2TM,217059
Orson Charles,1892,TE,KAN,202940
Colin Holba,1894,LS,JAX,191471
Larry Pinkard,1895,WR,JAX,191471
Austin Traylor,1893,TE,DEN,191471
Cobi Hamilton,1896,WR,HOU,190590
Christian Ringo,1897,DE,DET,190588
Spencer Paysinger,1898,LB,CAR,182353
Bradley Marquez,1899,WR,DET,180882
Khalif Barnes,1900,T,ARI,176471
Pete Robertson,1904,LB,WAS,164118
LeShun Daniels,1905,RB,WAS,164118
David Moore,1903,WR,SEA,164118
Eric Lee,1901,LB,NWE,164118
Kevin Peterson,1907,CB,LAR,164118
Jason Vander Laan,1906,TE,IND,164118
Justin Currie,1902,S,CLE,164118
Brandon Dixon,1908,CB,NYG,158825
Carlos Thompson,1910,LB,LAR,158825
Gabe Martin,1909,LB,ARI,158825
Bronson Hill,1911,RB,ARI,158825
Bryan Braman,1912,LB,PHI,158824
Nic Grigsby,1913,LB,NWE,158824
Anthony Fabiano,1914,OL,IND,158824
Anthony Johnson,1917,DT,IND,144706
MyCole Pruitt,1916,TE,HOU,144706
Cameron Lynch,1915,LB,2TM,144706
Pat O'Connor,1922,DE,TAM,136765
Mike Liedtke,1928,OL,TAM,136765
Jesus Wilson,1937,WR,TAM,136765
Jeremy McNichols,1918,RB,SFO,136765
Rodney Coe,1919,DT,SEA,136765
Isaac Whitney,1935,WR,OAK,136765
Garrett Griffin,1921,TE,NOR,136765
Arthur Maulet,1934,CB,NOR,136765
Cameron Malveaux,1929,DE,MIA,136765
De'Veon Smith,1933,RB,MIA,136765
Travis Coons,1923,K,LAC,136765
Carroll Phillips,1930,OLB,JAX,136765
K.J. Brent,1920,WR,IND,136765
LaTroy Lewis,1924,LB,HOU,136765
Gimel President,1931,DE,HOU,136765
Chad Slade,1936,G,HOU,136765
Michael Clark,1932,WR,GNB,136765
Marcus Rios,1927,CB,DEN,136765
Lavar Edwards,1925,DE,CLE,136765
Bernard Reedy,1926,WR,2TM,136765
Stanley Jean-Baptiste,1938,CB,BAL,127060
Darius Powe,1939,WR,NYG,127059
Keith Reaser,1940,CB,2TM,121765
Robert Davis,1945,WR,WAS,109412
DeAndrew White,1943,WR,HOU,109412
Rashaad Coward,1942,DT,CHI,109412
Nordly Capi,1941,LB,2TM,109412
Justin Hamilton,1944,DT,2TM,109412
Isaiah Johnson,1947,DB,LAR,108529
Taylor Heinicke,1946,QB,HOU,108529
Kapri Bibbs,1948,RB,WAS,108528
John Phillips,1949,TE,NOR,105882
Kyle Carter,1950,TE,MIN,100800
Tyvis Powell,1952,FS,SFO,95294
Paul Dawson,1954,OLB,SEA,95294
Matt Hazel,1955,WR,IND,95294
C.J. Smith,1951,CB,CLE,95294
Gabe Holmes,1953,TE,ARI,95294
Cameron Lee,1956,G,CHI,93600
Otha Peters,1962,LB,WAS,82059
Riley Bullough,1959,ILB,TAM,82059
Kache Palacio,1963,LB,SEA,82059
Ryan Murphy,1958,FS,NYG,82059
Isaac Rochell,1961,DE,LAC,82059
Leon McQuay,1965,S,KAN,82059
Dymonte Thomas,1957,SS,DEN,82059
Brandon Bell,1964,OLB,CIN,82059
Jarveon Williams,1967,HB,CIN,82059
Breon Borders,1966,CB,BUF,82059
Matt LaCosse,1960,TE,2TM,82059
Caraun Reid,1968,DT,DET,81176
James Stone,1971,C,OAK,72353
Ronald Martin,1970,S,IND,72353
David Quessenberry,1969,OT,HOU,72353
Channing Ward,1973,DE,TAM,63529
Michael Hunter,1972,CB,NYG,63529
Tony McDaniel,1974,DT,2TM,58824
James Harrison,1975,LB,2TM,58824
Fish Smithson,1982,S,WAS,54706
Dare Ogunbowale,1985,RB,WAS,54706
David Rivers,1977,CB,TAM,54706
Pharaoh Brown,1981,TE,OAK,54706
Brady Sheldon,1987,LB,OAK,54706
Sam Ficken,1980,K,LAR,54706
Brett Boyko,1984,T,LAC,54706
Ryan Malleck,1976,TE,HOU,54706
Reggie Gilbert,1986,LB,GNB,54706
Kent Perkins,1978,OT,CIN,54706
Mose Frazier,1979,WR,CAR,54706
Andy Jones,1983,WR,2TM,54706
Krishawn Hogan,1988,WR,IND,38294
Edmond Robinson,1990,OLB,NYJ,36176
Marcus Murphy,1989,RB,BUF,36176
Marquis Bundy,1991,WR,NYG,31765
Hakeem Valles,1992,TE,DET,31765
Derrick Mathews,1995,LB,NYG,27353
Jeff Overbaugh,1994,LS,MIN,27353
Aaron Neary,1998,C,LAR,27353
Garrett Sickels,1999,DE,LAR,27353
Emanuel Byrd,1997,TE,GNB,27353
Rickey Hatley,1996,DT,BUF,27353
Quincy Adeboyejo,1993,WR,BAL,27353