name,team,salary,cap_hit
Jonathan Toews,CHI,13800000,10500000
Patrick Kane,CHI,13800000,10500000
Anze Kopitar,LAK,13000000,10000000
Jamie Benn,DAL,13000000,9500000
Shea Weber,MTL,12000000,7857143
P.K. Subban,NSH,11000000,9000000
Sidney Crosby,PIT,10900000,8700000
Corey Perry,ANA,10000000,8625000
Jakub Voracek,PHI,10000000,8250000
Brent Burns,SJS,10000000,8000000
Evgeny Kuznetsov,WSH,10000000,7800000
Alex Ovechkin,WSH,10000000,9538462
Evgeni Malkin,PIT,9500000,9500000
Steven Stamkos,TBL,9500000,8500000
Mikko Koivu,MIN,9180000,6750000
Ryan Getzlaf,ANA,9025000,8250000
Zach Parise,MIN,9000000,7538462
Ryan O'Reilly,BUF,9000000,7500000
Claude Giroux,PHI,9000000,8275000
Ryan Suter,MIN,9000000,7538462
Aaron Ekblad,FLA,9000000,7500000
Leon Draisaitl,EDM,9000000,8500000
Henrik Lundqvist,NYR,9000000,8500000
Brent Seabrook,CHI,9000000,6875000
Patrice Bergeron,BOS,8750000,6875000
Patrick Marleau,TOR,8500000,6250000
Kevin Shattenkirk,NYR,8000000,6650000
T.J. Oshie,WSH,8000000,5750000
Joe Thornton,SJS,8000000,8000000
Loui Eriksson,VAN,8000000,6000000
Milan Lucic,EDM,8000000,6000000
David Backes,BOS,8000000,6000000
Alexander Radulov,DAL,8000000,6250000
Ryan Johansen,NSH,8000000,8000000
Brad Marchand,BOS,8000000,6125000
Victor Hedman,TBL,8000000,7875000
Dustin Byfuglien,WPG,8000000,7600000
David Pastrnak,BOS,8000000,6666666
Kyle Okposo,BUF,8000000,6000000
Phil Kessel,PIT,7650000,6800000
Drew Doughty,LAK,7600000,7000000
David Krejci,BOS,7500000,7250000
Keith Yandle,FLA,7500000,6350000
Nicklas Backstrom,WSH,7500000,6700000
Andrew Ladd,NYI,7500000,5500000
Tuukka Rask,BOS,7500000,7000000
Jason Spezza,DAL,7500000,7500000
Bobby Ryan,OTT,7250000,7250000
Kris Letang,PIT,7250000,7250000
Pekka Rinne,NSH,7000000,7000000
Erik Karlsson,OTT,7000000,6500000
David Clarkson,VEG,7000000,5250000
Johnny Boychuk,NYI,7000000,6000000
Henrik Sedin,VAN,7000000,7000000
Derek Stepan,ARI,7000000,6500000
Alex Pietrangelo,STL,7000000,6500000
"Steen, Alexander",STL,7000000,5750000
Henrik Zetterberg,DET,7000000,6083333
Daniel Sedin,VAN,7000000,7000000
Vladimir Tarasenko,STL,7000000,7500000
Braden Holtby,WSH,7000000,6100000
Jonathan Quick,LAK,7000000,5800000
Ben Bishop,DAL,7000000,4916667
Carey Price,MTL,7000000,6500000
Mark Scheifele,WPG,6750000,6125000
Johnny Gaudreau,CGY,6750000,6750000
Mark Giordano,CGY,6750000,6750000
Ryan Kesler,ANA,6675000,6875000
Oliver Ekman-Larsson,ARI,6500000,5500000
Bo Horvat,VAN,6500000,5500000
Colton Parayko,STL,6500000,5500000
Sean Monahan,CGY,6500000,6375000
Travis Zajac,NJD,6500000,5750000
Sergei Bobrovsky,CBJ,6500000,7425000
Jonathan Drouin,MTL,6500000,5500000
Dmitry Orlov,WSH,6500000,5100000
Ryan Callahan,TBL,6500000,5800000
Jeff Carter,LAK,6500000,5272727
Dustin Brown,LAK,6500000,5875000
Brandon Saad,CHI,6250000,6000000
Jonathan Huberdeau,FLA,6200000,5900000
Alex Goligoski,ARI,6100000,5475000
Logan Couture,SJS,6000000,6000000
Alexander Edler,VAN,6000000,5000000
Mikhail Grabovski,VEG,6000000,5000000
Mika Zibanejad,NYR,6000000,5350000
Ryan Nugent-Hopkins,EDM,6000000,6000000
Erik Johnson,COL,6000000,6000000
Frans Nielsen,DET,6000000,5250000
Gabriel Landeskog,COL,6000000,5571429
Mike Green,DET,6000000,6000000
Tyler Seguin,DAL,6000000,5750000
Tomas Tatar,VEG,6000000,5300000
Filip Forsberg,NSH,6000000,6000000
Cory Schneider,NJD,6000000,6000000
Jeff Skinner,CAR,6000000,5725000
John Tavares,NYI,6000000,5500000
Hampus Lindholm,ANA,6000000,5205556
Artemi Panarin,CBJ,6000000,6000000
Taylor Hall,NJD,6000000,6000000
Jordan Staal,CAR,6000000,6000000
Jordan Eberle,NYI,6000000,6000000
Evander Kane,SJS,6000000,5250000
Shayne Gostisbehere,PHI,6000000,4500000
Corey Crawford,CHI,6000000,6000000
Karl Alzner,MTL,6000000,4625000
Matt Duchene,OTT,6000000,6000000
Joe Pavelski,SJS,6000000,6000000
Reilly Smith,VEG,6000000,5000000
Marc Staal,NYR,6000000,5700000
Jeff Petry,MTL,6000000,5500000
Brandon Dubinsky,CBJ,5850000,5850000
Blake Wheeler,WPG,5800000,5600000
Matt Niskanen,WSH,5750000,5750000
Nathan MacKinnon,COL,5750000,6300000
Marc-Andre Fleury,VEG,5750000,5750000
Toby Enstrom,WPG,5750000,5750000
Dougie Hamilton,CGY,5750000,5750000
Semyon Varlamov,COL,5750000,5900000
Roberto Luongo,FLA,5706900,4533333
Mike Hoffman,OTT,5650000,5187500
Ondrej Palat,TBL,5600000,5300000
Jared Spurgeon,MIN,5500000,5187500
Dave Bolland,ARI,5500000,5500000
Nick Foligno,CBJ,5500000,5500000
Danny DeKeyser,DET,5500000,5000000
Jaden Schwartz,STL,5500000,5350000
Andrej Sekera,EDM,5500000,5500000
Torey Krug,BOS,5500000,5250000
Justin Faulk,CAR,5500000,4833333
Brooks Orpik,WSH,5500000,5500000
Zach Bogosian,BUF,5500000,5142857
Justin Schultz,PIT,5500000,5500000
Jay Bouwmeester,STL,5400000,5400000
Rasmus Ristolainen,BUF,5400000,5400000
Seth Jones,CBJ,5400000,5400000
Tyson Barrie,COL,5250000,5500000
Gustav Nyquist,DET,5250000,4750000
Nikolai Kulemin,NYI,5250000,4187500
Martin Hanzal,DAL,5250000,4750000
Aleksander Barkov,FLA,5250000,5900000
Mikael Granlund,MIN,5250000,5750000
Andrew MacDonald,PHI,5250000,5000000
Dion Phaneuf,LAK,5250000,5250000
Ryan McDonagh,TBL,5100000,4700000
Marian Gaborik,OTT,5075000,4875000
Bryan Little,WPG,5000000,4700000
Justin Abdelkader,DET,5000000,4250000
Chris Kreider,NYR,5000000,4625000
Nazem Kadri,TOR,5000000,4500000
"Tanev, Christopher",VAN,5000000,4450000
Artem Anisimov,CHI,5000000,4550000
Andrew Shaw,MTL,5000000,3900000
Roman Josi,NSH,5000000,4000000
James Neal,VEG,5000000,5000000
Nick Leddy,NYI,5000000,5500000
Brayden Schenn,STL,5000000,5125000
Carl Soderberg,COL,5000000,4750000
Max Pacioretty,MTL,5000000,4500000
Justin Williams,CAR,5000000,4500000
Jimmy Howard,DET,5000000,5291667
Tyler Johnson,TBL,5000000,5000000
Adam Henrique,ANA,5000000,4000000
Sami Vatanen,NJD,5000000,4875000
Duncan Keith,CHI,5000000,5538462
Jack Johnson,CBJ,5000000,4357143
Andy Greene,NJD,5000000,5000000
Jason Pominville,BUF,5000000,5600000
Frederik Andersen,TOR,5000000,5000000
Devan Dubnyk,MIN,5000000,4333333
Valtteri Filppula,PHI,5000000,5000000
Cal Clutterbuck,NYI,5000000,3500000
Morgan Rielly,TOR,5000000,5000000
James van Riemsdyk,TOR,5000000,4250000
Jaroslav Halak,NYI,5000000,4500000
Kris Russell,EDM,5000000,4000000
Kari Lehtonen,DAL,5000000,5900000
Marc Methot,DAL,4900000,4900000
Alex Galchenyuk,MTL,4900000,4900000
Travis Hamonic,CGY,4875000,3857143
Ryane Clowe,NJD,4850000,4850000
"Brodie, TJ",CGY,4838000,4650400
Mikkel Boedker,SJS,4800000,4000000
Wayne Simmonds,PHI,4750000,3975000
Patric Hornqvist,PIT,4750000,4250000
Scott Darling,CAR,4750000,4150000
Lars Eller,WSH,4750000,3500000
Marcus Johansson,NJD,4750000,4583333
Jason Demers,ARI,4725000,3937500
Patrik Berglund,STL,4700000,3850000
Jori Lehtera,PHI,4700000,4700000
Evgeni Dadonov,FLA,4650000,4000000
Nino Niederreiter,MIN,4600000,5250000
Connor Murphy,CHI,4600000,3850000
Anders Lee,NYI,4500000,3750000
Kyle Palmieri,NJD,4500000,4650000
Adam Larsson,EDM,4500000,4166667
Troy Brouwer,CGY,4500000,4500000
Nikita Kucherov,TBL,4500000,4766667
Mark Stone,OTT,4500000,3500000
Anton Stralman,TBL,4500000,4500000
Vincent Trocheck,FLA,4500000,4750000
Nikita Zaitsev,TOR,4500000,4500000
Mathieu Perreault,WPG,4500000,4125000
Darren Helm,DET,4500000,3850000
Mats Zuccarello,NYR,4500000,4500000
Jonas Brodin,MIN,4500000,4166667
Mike Smith,CGY,4500000,4250000
Cam Atkinson,CBJ,4500000,3500000
Alex Killorn,TBL,4450000,4450000
Paul Martin,SJS,4400000,4850000
Tyler Toffoli,LAK,4400000,4600000
Dmitry Kulikov,WPG,4333333,4333333
Jonathan Ericsson,DET,4250000,4250000
Marc-Edouard Vlasic,SJS,4250000,4250000
Viktor Arvidsson,NSH,4250000,4250000
Craig Smith,NSH,4250000,4250000
Brandon Sutter,VAN,4250000,4375000
Cam Talbot,EDM,4150000,4166667
Nick Bonino,NSH,4100000,4100000
Rick Nash,BOS,4100000,3900000
Steve Mason,WPG,4100000,4100000
Jake Muzzin,LAK,4100000,4000000
Brian Dumoulin,PIT,4100000,4100000
Olli Maatta,PIT,4083300,4083333
Jake Gardiner,TOR,4050000,4050000
Michael Frolik,CGY,4000000,4300000
Colin Wilson,COL,4000000,3937500
Victor Rask,CAR,4000000,4000000
Kevin Bieksa,ANA,4000000,4000000
Cam Fowler,ANA,4000000,4000000
John Carlson,WSH,4000000,3966667
Sean Couturier,PHI,4000000,4333333
David Savard,CBJ,4000000,4250000
Josh Bailey,NYI,4000000,3300000
Zdeno Chara,BOS,4000000,4000000
Niklas Hjalmarsson,ARI,4000000,4100000
Alec Martinez,LAK,4000000,4000000
Marco Scandella,BUF,4000000,4000000
Tyler Bozak,TOR,4000000,4200000
Robin Lehner,BUF,4000000,4000000
Trevor Daley,DET,4000000,3166667
Kyle Turris,NSH,4000000,3500000
Vladimir Sobotka,STL,4000000,3500000
Luca Sbisa,VEG,4000000,3600000
Josh Gorges,BUF,3900000,3900000
Nick Bjugstad,FLA,3850000,4100000
Cody Eakin,VEG,3850000,3850000
Jake Allen,STL,3850000,4350000
Rickard Rakell,ANA,3800000,3789444
Justin Braun,SJS,3800000,3800000
Matt Murray,PIT,3750000,3750000
Jakob Silfverberg,ANA,3750000,3750000
David Perron,VEG,3750000,3750000
Paul Stastny,WPG,3750000,3500000
Braydon Coburn,TBL,3700000,3700000
Carl Hagelin,PIT,3667000,4000000
Tyler Ennis,MIN,3650000,4600000
Ron Hainsey,TOR,3600000,3000000
Mikael Backlund,CGY,3575000,3575000
Jamie McGinn,FLA,3500000,3333333
Alexander Wennberg,CBJ,3500000,4900000
Charlie Coyle,MIN,3500000,3200000
Niklas Kronwall,DET,3500000,4750000
Jacob Trouba,WPG,3500000,2812500
Eric Staal,MIN,3500000,3500000
Matt Read,PHI,3500000,3625000
Oscar Klefbom,EDM,3500000,4167000
Michael Stone,CGY,3500000,3500000
Brock Nelson,NYI,3500000,2500000
Tanner Pearson,LAK,3500000,3750000
Tyler Myers,WPG,3500000,5500000
Radko Gudas,PHI,3500000,3350000
Erik Gudbranson,VAN,3500000,3500000
John Klingberg,DAL,3500000,4250000
Mattias Ekholm,NSH,3500000,3750000
Brenden Dillon,SJS,3400000,3270000
Jacob Markstrom,VAN,3400000,3666667
Cody Ceci,OTT,3350000,2800000
Calvin de Haan,NYI,3300000,3300000
Patrick Eaves,ANA,3300000,3150000
Andrew Cogliano,ANA,3300000,3000000
Joel Ward,SJS,3275000,3275000
Dan Girardi,TBL,3250000,3000000
Zack Smith,OTT,3250000,3250000
Clayton Stoner,VEG,3250000,3250000
Alexei Emelin,NSH,3200598,2982375
Tomas Hertl,SJS,3200000,3000000
James Reimer,FLA,3200000,3400000
Cam Ward,CAR,3100000,3300000
Craig Anderson,OTT,3100000,4200000
Thomas Hickey,NYI,3100000,2200000
Ryan Strome,EDM,3000000,2500000
Martin Jones,SJS,3000000,3000000
Andrei Vasilevskiy,TBL,3000000,3500000
Adam McQuaid,BOS,3000000,2750000
Conor Sheary,PIT,3000000,3000000
Ryan Ellis,NSH,3000000,2500000
Michael Del Zotto,VAN,3000000,3000000
Casey Cizikas,NYI,3000000,3350000
Dan Hamhuis,DAL,3000000,3750000
Anders Nilsson,VAN,3000000,2500000
Brian Boyle,NJD,3000000,2750000
Thomas Greiss,NYI,3000000,3333333
Leo Komarov,TOR,2950000,2950000
Matt Calvert,CBJ,2900000,2200000
Boone Jenner,CBJ,2900000,2900000
Elias Lindholm,CAR,2900000,2700000
Carl Gunnarsson,STL,2900000,2900000
Teuvo Teravainen,CAR,2860000,2860000
Ryan Murray,CBJ,2825000,2825000
Ryan Spooner,NYR,2825000,2825000
Richard Panik,ARI,2800000,2800000
Ben Hutton,VAN,2800000,2800000
Ben Lovejoy,NJD,2750000,2666667
Erik Haula,VEG,2750000,2750000
Jonathan Bernier,COL,2750000,2750000
Sam Gagner,VAN,2750000,3150000
Andre Burakovsky,WSH,2750000,3000000
"Dumba, Matt",MIN,2750000,2550000
Brendan Gallagher,MTL,2750000,3750000
J.T. Miller,TBL,2750000,2750000
Jean-Gabriel Pageau,OTT,2600000,3100000
Kevin Hayes,NYR,2600000,2600000
Dale Weise,PHI,2550000,2350000
Kevan Miller,BOS,2500000,2500000
Ian Cole,CBJ,2500000,2100000
Matt Martin,TOR,2500000,2500000
Damon Severson,NJD,2500000,4166666
Michal Neuvirth,PHI,2500000,2500000
Matt Hunwick,PIT,2500000,2250000
Brian Elliott,PHI,2500000,2750000
Tomas Plekanec,TOR,2500000,3000000
Chad Johnson,BUF,2500000,2500000
Matt Stajan,CGY,2500000,3125000
Lee Stempniak,CAR,2500000,2500000
Alexandre Burrows,OTT,2500000,2500000
Radim Vrbata,FLA,2500000,2500000
Antoine Roussel,DAL,2400000,2000000
Jannik Hansen,SJS,2400000,2000000
Blake Comeau,COL,2400000,2400000
Michael Raffl,PHI,2350000,2350000
Nathan Beaulieu,BUF,2300000,2400000
Connor Hellebuyck,WPG,2250000,2250000
Tom Wilson,WSH,2250000,2000000
David Schlemko,MTL,2250000,2100000
Brad Richardson,ARI,2250000,2083333
Esa Lindell,DAL,2200000,2200000
Nate Schmidt,VEG,2150000,2225000
Shawn Matthias,WPG,2125000,2125000
Connor Brown,TOR,2100000,2100000
Nikita Zadorov,COL,2100000,2150000
Derick Brassard,PIT,2100000,3000000
John Gibson,ANA,2100000,2300000
Tobias Rieder,LAK,2082500,1891250
Riley Sheahan,PIT,2075000,2075000
Petr Mrazek,PHI,2075000,2000000
Zach Hyman,TOR,2000000,2250000
Radek Faksa,DAL,2000000,2200000
Matt Beleskey,NYR,2000000,1900000
Trevor Lewis,LAK,2000000,2000000
Thomas Vanek,CBJ,2000000,2000000
Sven Baertschi,VAN,2000000,1850000
Luke Glendening,DET,2000000,1800000
Eric Fehr,SJS,2000000,2000000
Jason Zucker,MIN,2000000,2000000
Ryan Miller,ANA,2000000,2000000
Chris Kunitz,TBL,2000000,2000000
Melker Karlsson,SJS,2000000,2000000
Marcus Foligno,MIN,2000000,2875000
Vladislav Namestnikov,NYR,1975000,1937500
Mark Pysyk,FLA,1950000,2733333
John Moore,NJD,1950000,1666667
Sam Bennett,CGY,1950000,1950000
Andrej Sustr,TBL,1950000,1950000
Joonas Donskoi,SJS,1900000,1900000
Zack Kassian,EDM,1850000,1950000
"Petrovic, Alex",FLA,1850000,1850000
Nick Holden,BOS,1800000,1650000
Mark Letestu,CBJ,1800000,1800000
Brayden McNabb,VEG,1800000,1700000
Calle Jarnkrok,NSH,1800000,2000000
Jake McCabe,BUF,1775000,1600000
Jesper Fast,NYR,1750000,1850000
Kris Versteeg,CGY,1750000,1750000
Jay Beagle,WSH,1750000,1750000
Jordan Martinook,ARI,1750000,1800000
Antoine Vermette,ANA,1750000,1750000
Jordan Weal,PHI,1750000,1750000
Micheal Ferland,CGY,1700000,1750000
Mike Condon,OTT,1700000,2400000
Kyle Clifford,LAK,1700000,1600000
Brett Ritchie,DAL,1700000,1750000
Nate Thompson,LAK,1650000,1650000
Michael Grabner,NJD,1650000,1650000
Derek MacKenzie,FLA,1650000,1375000
Oscar Lindberg,VEG,1600000,1700000
Josh Anderson,CBJ,1600000,1850000
Zemgus Girgensons,BUF,1600000,1600000
Patrick Maroon,NJD,1575000,1500000
Brandon Davidson,NYI,1550000,1425000
Brett Connolly,WSH,1500000,1500000
Eddie Lack,NJD,1500000,1375000
Luke Schenn,ARI,1500000,1250000
Andrew Hammond,COL,1500000,1350000
Philipp Grubauer,WSH,1500000,1500000
Ryan Dzingel,OTT,1500000,1800000
Pierre-Edouard Bellemare,VEG,1450000,1450000
Derek Ryan,CAR,1425000,1425000
Johan Larsson,BUF,1400000,1475000
Andreas Athanasiou,DET,1387500,1387500
Michael Hutchinson,WPG,1300000,1150000
Joakim Nordstrom,CAR,1300000,1275000
Ondrej Pavelec,NYR,1300000,1300000
Torrey Mitchell,LAK,1300000,1200000
"Merrill, Jon",VEG,1275000,1137500
Jason Chimera,ANA,1250000,1125000
Adam Lowry,WPG,1250000,1125000
Dennis Seidenberg,NYI,1250000,1250000
J.T. Brown,ANA,1250000,1250000
Chris Kelly,ANA,1250000,1250000
Sven Andrighetto,COL,1250000,1400000
Ben Chiarot,WPG,1200000,1400000
Keith Kinkaid,NJD,1200000,1250000
Anton Khudobin,BOS,1200000,1200000
Joel Edmundson,STL,1200000,1050000
Xavier Ouellet,DET,1200000,1250000
Mark Borowiecki,OTT,1200000,1100000
Paul Byron,MTL,1200000,1166667
Anthony Duclair,CHI,1200000,1200000
Benoit Pouliot,BUF,1150000,1150000
Robert Bortuzzo,STL,1150000,1150000
Ryan Reaves,VEG,1125000,1125000
Chris Stewart,CGY,1100000,1150000
Louis Domingue,TBL,1100000,1050000
Roman Polak,TOR,1100000,1100000
Colin Miller,VEG,1100000,1000000
Jussi Jokinen,VAN,1100000,1100000
Jordie Benn,MTL,1100000,1100000
Kevin Connauton,ARI,1050000,1000000
Peter Budaj,TBL,1025000,1025000
Francois Beauchemin,ANA,1000000,1000000
Jordan Nolan,BUF,1000000,950000
Deryk Engelland,VEG,1000000,1000000
Brandon Manning,PHI,1000000,975000
Scott Hartnell,NSH,1000000,1000000
Al Montoya,EDM,1000000,1062500
Johnny Oduya,PHI,1000000,1000000
Mike Fisher,NSH,1000000,1000000
Austin Watson,NSH,1000000,1100000
Tom Pyatt,OTT,1000000,1100000
"Nieto, Matt",COL,1000000,1000000
Matt Cullen,MIN,1000000,1000000
Ales Hemsky,MTL,1000000,1000000
Yanni Gourde,TBL,1000000,1000000
Tyler Pitlick,DAL,1000000,1000000
Dmitrij Jaskin,STL,1000000,1000000
William Karlsson,VEG,1000000,1000000
Carter Hutton,STL,1000000,1125000
Dominic Moore,TOR,1000000,1000000
Mike Cammalleri,EDM,1000000,1000000
Antti Raanta,ARI,1000000,1000000
David Desharnais,NYR,1000000,1000000
Joel Armia,WPG,975000,925000
Jamie Oleksiak,PIT,964688,964688
Phillip Danault,MTL,950000,912500
Nick Cousins,ARI,950000,1000000
Colton Sceviour,FLA,950000,950000
Patrik Nemeth,COL,945000,945000
Eric Robinson,CBJ,925000,925000
Joseph Anderson,NJD,925000,925000
Jack Eichel,BUF,925000,925000
Zach Aston-Reese,PIT,925000,925000
Zach Whitecloud,VEG,925000,925000
Patrik Laine,WPG,925000,925000
Jakob Chychrun,ARI,925000,925000
Eeli Tolvanen,NSH,925000,925000
Shane Gersich,WSH,925000,925000
Mikko Rantanen,COL,925000,894167
Mathew Barzal,NYI,925000,863333
Travis Dermott,TOR,925000,863333
Victor Antipin,BUF,925000,925000
Nico Hischier,NJD,925000,925000
Troy Terry,ANA,925000,925000
Joel Eriksson Ek,MIN,925000,894167
Travis Konecny,PHI,925000,894167
"Benning, Matthew",EDM,925000,925000
Anders Bjork,BOS,925000,925000
Artturi Lehkonen,MTL,925000,839167
Jesse Puljujarvi,EDM,925000,925000
Brock Boeser,VAN,925000,925000
Sebastian Aho,CAR,925000,925000
Blake Hillman,CHI,925000,925000
Jordan Schmaltz,STL,925000,925000
J.T. Compher,COL,925000,925000
Anthony Beauvillier,NYI,925000,894167
Timo Meier,SJS,925000,894167
"Werenski, Zachary",CBJ,925000,925000
Miles Wood,NJD,925000,925000
Oskar Lindblom,PHI,925000,925000
Noah Juulsen,MTL,925000,863333
Adrian Kempe,LAK,925000,894167
Drake Caggiula,EDM,925000,925000
Troy Stecher,VAN,925000,925000
Jakub Jerabek,WSH,925000,925000
Dylan Larkin,DET,925000,925000
Neal Pionk,NYR,925000,925000
Jan Rutta,CHI,925000,925000
Sean Kuraly,BOS,925000,808750
Mitch Reinke,STL,925000,925000
Daniel Brickley,LAK,925000,925000
Henrik Borgstr√∂m,FLA,925000,925000
Dylan Gambrell,SJS,925000,925000
Jacob Larsson,ANA,925000,894166
Jack Roslovic,WPG,925000,894166
Tage Thompson,STL,925000,925000
Alexander Kerfoot,COL,925000,925000
Luke Kunin,MIN,925000,925000
Mark Jankowski,CGY,925000,925000
Nolan Patrick,PHI,925000,925000
Thomas Chabot,OTT,925000,863333
Alex Iafallo,LAK,925000,925000
Connor McDavid,EDM,925000,925000
Devin Shore,DAL,925000,870000
Brady Skjei,NYR,925000,925000
Jake Debrusk,BOS,925000,863333
Louis Belpedio,MIN,925000,925000
Alex Tuch,VEG,925000,925000
Dominic Toninato,COL,925000,925000
Matthew Tkachuk,CGY,925000,925000
Noah Hanifin,CAR,925000,925000
Vladislav Kamenev,COL,925000,833333
Christian Wolanin,OTT,925000,925000
Jimmy Vesey,NYR,925000,925000
"Rempal, Sheldon",LAK,925000,925000
Dylan Sikura,CHI,925000,925000
Auston Matthews,TOR,925000,925000
Anton Slepyshev,EDM,925000,925000
Matt Grzelcyk,BOS,925000,858750
Rob O'Gara,NYR,925000,925000
"Marner, Mitchell",TOR,925000,894167
Danton Heinen,BOS,925000,872500
Brandon Montour,ANA,925000,925000
Kyle Connor,WPG,925000,925000
Carson Soucy,MIN,925000,925000
Mikhail Sergachev,TBL,925000,894166
Nick Shore,CGY,925000,925000
Pavel Buchnevich,NYR,925000,925000
Steven Santini,NJD,925000,925000
Nick Schmaltz,CHI,925000,925000
Pierre-Luc Dubois,CBJ,925000,894166
Pavel Zacha,NJD,925000,894167
Casey Mittelstadt,BUF,925000,925000
Charlie McAvoy,BOS,925000,916667
Ian McCoshen,FLA,925000,925000
Tucker Poolman,WPG,925000,925000
"Matheson, Michael",FLA,925000,925000
Andy Welinski,ANA,925000,925000
Ivan Provorov,PHI,925000,894167
Will Butcher,NJD,925000,925000
Riley Nash,BOS,900000,900000
Adam Gaudette,VAN,900000,916666
Andrew Copp,WPG,900000,1000000
Michal Kempny,WSH,900000,900000
Chris Thorburn,STL,900000,900000
Jordan Greenway,MIN,900000,916666
Trevor van Riemsdyk,CAR,900000,825000
Clayton Keller,ARI,900000,885833
Korbinian Holzer,ANA,900000,900000
Kyle Brodziak,STL,900000,950000
Tyson Jost,COL,900000,885833
Shane Prince,NYI,900000,850000
Brett Pesce,CAR,892500,809167
Christian Dvorak,ARI,892500,839167
Brock McGinn,CAR,875000,887500
Scott Laughton,PHI,875000,962500
Adam Pelech,NYI,875000,1600000
Nail Yakupov,COL,875000,875000
Ryan Donato,BOS,875000,900000
Christian Folin,LAK,850000,850000
Greg Pateryn,DAL,850000,800000
Marko Dano,WPG,850000,850000
Klas Dahlbeck,CAR,850000,850000
Curtis McElhinney,TOR,850000,850000
Curtis Lazar,CGY,850000,950000
Connor Carrick,TOR,850000,750000
Markus Nutivaara,CBJ,842500,817500
Nolan Stevens,STL,842500,842500
Andreas Johnsson,TOR,842500,750833
Frank Vatrano,FLA,842500,792500
Nick Ritchie,ANA,832500,894167
Robert Hagg,PHI,832500,894167
Brendan Perlini,ARI,832500,863333
Anthony Mantha,DET,832500,863333
Ryan Pulock,NYI,832500,863333
Anthony DeAngelo,NYR,832500,863333
Max Domi,ARI,832500,863333
Jared McCann,FLA,832500,894167
Nikita Scherbak,MTL,832500,863333
Kasperi Kapanen,TOR,832500,863333
Julius Honka,DAL,832500,863333
"Morrissey, Joshua",WPG,832500,863333
Adam Erne,TBL,832500,874167
William Nylander,TOR,832500,894167
Nikolaj Ehlers,WPG,832500,894167
Sonny Milano,CBJ,832500,863333
Sam Reinhart,BUF,832500,894167
Travis Sanheim,PHI,832500,863333
Ryan Hartman,NSH,832500,863333
Darnell Nurse,EDM,832500,863333
Shea Theodore,VEG,832500,863333
Kevin Fiala,NSH,832500,863333
Jake Virtanen,VAN,832500,894167
Jakub Vrana,WSH,832500,863333
Marcus Pettersson,ANA,825000,794167
Josh Manson,ANA,825000,825000
Cedric Paquette,TBL,825000,812500
Taylor Chorney,CBJ,825000,800000
Vinnie Hinostroza,CHI,817500,717500
Brandon Carlo,BOS,817500,789167
Christian Fischer,ARI,817500,821666
Taylor Leier,PHI,806558,806558
Alex Biega,VAN,800000,750000
Micheal Haley,FLA,800000,825000
Stephen Johns,DAL,800000,725000
Derrick Pouliot,VAN,800000,800000
Chris Wideman,OTT,800000,800000
Tomas Jurco,CHI,800000,800000
Magnus Paajarvi,OTT,800000,800000
Slater Koekkoek,TBL,800000,800000
Patrick Sharp,CHI,800000,800000
Lukas Sedlak,CBJ,800000,825000
Nick Jensen,DET,800000,812500
Nikita Soshnikov,STL,800000,736666
Drew Stafford,NJD,800000,800000
Scottie Upshall,STL,800000,800000
Justin Kloos,MIN,792500,792500
Jaccob Slavin,CAR,792500,742500
Nicolas Deslauriers,MTL,775000,775000
Tim Schaller,BOS,775000,775000
Mirco Mueller,NJD,775000,850000
Madison Bowey,WSH,750000,703333
Tommy Wingels,BOS,750000,750000
Spencer Martin,COL,750000,728333
William Carrier,VEG,750000,689167
Gabriel Bourque,COL,750000,750000
Cody McLeod,NYR,750000,800000
Duncan Siemens,COL,750000,750000
Laurent Dauphin,ARI,750000,745000
Connor Brickley,FLA,750000,750000
"Marchessault, Jonathan",VEG,750000,750000
Brayden Point,TBL,742500,686667
John Gilmour,NYR,742500,742500
Vince Dunn,STL,742500,722500
Maxim Letunov,SJS,742500,833750
Victor Mete,MTL,742500,748333
Alex DeBrincat,CHI,742500,778333
Anthony Cirelli,TBL,742500,728333
Anton Lindholm,COL,742500,717500
Nick Seeler,MIN,742500,717500
Samuel Girard,COL,742500,728333
Dominik Simon,PIT,742500,692500
Sami Niku,WPG,742500,775000
Brian Pinho,WSH,742500,833750
Kevin Labanc,SJS,742500,717500
Jake Guentzel,PIT,742500,734167
Juuse Saros,NSH,742500,692500
Chris Tierney,SJS,735000,735000
Jesper Bratt,NJD,732500,749167
Maxim Mamin,FLA,732500,757500
Iiro Pakarinen,EDM,725000,725000
Jacob de La Rose,MTL,725000,725000
Daniel Carr,MTL,725000,725000
Phillip Di Giuseppe,CAR,725000,725000
Ondrej Kase,ANA,720000,670000
Denis Malgin,FLA,715000,690000
Kurtis Gabriel,MIN,715000,715000
Ross Johnston,NYI,710000,666667
Luke Witkowski,DET,700000,750000
Brandon Tanev,WPG,700000,700000
Ryan Murphy,MIN,700000,700000
Joonas Korpisalo,CBJ,700000,900000
Oliver Bjorkstrand,CBJ,700000,655833
Jimmy Hayes,NJD,700000,700000
Mattias Janmark,DAL,700000,700000
Dylan Ferguson,VEG,700000,716666
Zac Rinaldo,ARI,700000,700000
Cal O'Reilly,MIN,700000,700000
Jacob Josefson,BUF,700000,700000
Dylan DeMelo,SJS,700000,650000
Jake Dotchin,TBL,700000,812500
Anton Forsberg,CHI,700000,750000
Marcus Sorensen,SJS,700000,700000
Reto Berra,ANA,700000,700000
Yohann Auvitu,EDM,700000,700000
Niklas Svedberg,MIN,700000,700000
Kyle Rau,MIN,700000,700000
Antti Niemi,MTL,700000,700000
Mark Barberio,COL,700000,750000
Brendan Gaunce,VAN,700000,750000
Brian Gionta,BOS,700000,700000
Dean Kukan,CBJ,700000,700000
Casey DeSmith,PIT,700000,675000
Ty Rattie,EDM,700000,700000
David Booth,DET,700000,700000
Noel Acciari,BOS,700000,725000
Matt Hendricks,WPG,700000,700000
Reid Boucher,VAN,687500,687500
Mike Reilly,MTL,675000,725000
Scott Mayfield,NYI,675000,625000
Aaron Dell,SJS,675000,625000
Andy Andreoff,LAK,675000,677500
Gustav Olofsson,MIN,675000,725000
Oskar Sundqvist,STL,675000,675000
MacKenzie Weegar,FLA,675000,675000
Blake Coleman,NJD,660000,660000
Stefan Noesen,NJD,660000,660000
Scott Wilson,BUF,660000,625000
Daniel Winnik,MIN,660000,660000
Tom Kuhnhackl,PIT,660000,625000
Bryan Rust,PIT,660000,640000
Alex Chiasson,WSH,660000,660000
Marek Hrivik,CGY,650000,650000
Fredrik Claesson,OTT,650000,650000
Alex Broadhurst,CBJ,650000,650000
Josh Leivo,TOR,650000,612500
Matt Bartkowski,CGY,650000,612500
Zane McIntyre,BOS,650000,650000
David Warsofsky,COL,650000,675000
Erik Gustafsson,CHI,650000,650000
Derek Forbort,LAK,650000,650000
Tomas Nosek,VEG,650000,612500
Chad Ruhwedel,PIT,650000,650000
Tanner Glass,CGY,650000,650000
Nic Dowd,VAN,650000,640000
Freddie Hamilton,ARI,650000,612500
Travis Boyd,WSH,650000,650000
Ben Harpur,OTT,650000,653333
Paul Carey,NYR,650000,650000
Anthony Bitetto,NSH,650000,612500
Gemel Smith,DAL,650000,650000
Brett Kulak,CGY,650000,650000
Carter Rowney,PIT,650000,612500
Byron Froese,MTL,650000,650000
Malcolm Subban,VEG,650000,650000
Max McCormick,OTT,650000,650000
Ryan Carpenter,VEG,650000,650000
Garnet Hathaway,CGY,650000,650000
Brendan Leipsic,VAN,650000,650000
Josh Archibald,ARI,650000,675000
Chandler Stephenson,WSH,650000,650000
Peter Holland,NYR,650000,675000
"Morrow, Joe",WPG,650000,650000
Matt Irwin,NSH,650000,650000
Markus Hannikainen,CBJ,650000,675000
Evan Rodrigues,BUF,650000,650000
Joakim Ryan,SJS,650000,650000
Charles Hudon,MTL,650000,650000
Miikka Salomaki,NSH,650000,612500
Pheonix Copley,WSH,650000,650000
Darren Archibald,VAN,650000,650000
Devante Smith-Pelly,WSH,650000,650000
Alan Quine,NYI,650000,612500
Barclay Goodrow,SJS,650000,650000
Alex Stalock,MIN,650000,650000
Yannick Weber,NSH,650000,650000
Logan Shaw,MTL,650000,650000
Pontus Aberg,EDM,650000,650000
Colton Sissons,NSH,650000,625000
Martin Frk,DET,650000,650000
Jack Campbell,LAK,650000,612500
Scott Harrington,CBJ,650000,675000
Chris Wagner,NYI,650000,637500
Derek Grant,ANA,650000,650000
Brad Hunt,VEG,650000,650000
Anders Lindback,NSH,650000,650000
Jujhar Khaira,EDM,650000,675000
Darcy Kuemper,ARI,650000,650000
Tyler Bertuzzi,DET,650000,661667
Ryan Sproul,NYR,650000,625000
Ivan Barbashev,STL,650000,741667
Cory Conacher,TBL,650000,650000
Brian Gibbons,NJD,650000,650000
Christian Djoos,WSH,650000,650000
Mark Alt,COL,650000,650000
Steven Kampfer,NYR,650000,650000
Jordan Oesterle,CHI,650000,650000
Kevin Gravel,LAK,650000,650000
Nate Prosser,MIN,650000,650000
Justin Falk,BUF,650000,650000
Jeff Zatkoff,CBJ,450000,450000