name,rank,rank_last_week,events,avg_points,total_points,points_lost,points_gained,country
Dustin Johnson,1,1,45,9.85,443.08,-143.63,118.31,USA
Justin Thomas,2,2,51,9.46,482.46,-98.29,146.00,USA
Jordan Spieth,3,3,48,8.77,420.91,-112.08,91.02,USA
Jon Rahm,4,4,46,8.73,401.57,-67.40,146.80,ESP
Justin Rose,5,5,45,7.54,339.14,-72.40,58.83,ENG
Rickie Fowler,6,6,47,7.29,342.55,-72.47,88.85,USA
Rory McIlroy,7,7,41,6.73,276.08,-80.04,130.59,NIR
Hideki Matsuyama,8,8,47,6.64,312.08,-106.12,30.14,JPN
Brooks Koepka,9,9,40,5.73,229.24,-70.51,2.30,USA
Sergio Garcia,10,10,44,5.62,247.47,-70.11,68.33,ESP
Patrick Reed,11,11,52,5.53,287.56,-59.68,153.12,USA
Tommy Fleetwood,12,12,52,5.47,284.51,-50.64,98.10,ENG
Jason Day,13,13,40,5.44,217.66,-80.90,86.75,AUS
Henrik Stenson,14,14,44,5.40,237.77,-82.28,60.40,SWE
Paul Casey,15,15,48,5.34,256.27,-63.00,89.48,ENG
Marc Leishman,16,16,52,4.95,257.59,-56.83,48.49,AUS
Alex Noren,17,17,51,4.78,243.71,-58.42,95.07,SWE
Bubba Watson,18,18,46,4.61,212.04,-28.88,169.59,USA
Tyrrell Hatton,19,19,52,4.49,233.22,-58.81,60.55,ENG
Phil Mickelson,20,20,47,4.47,210.26,-42.96,128.00,USA
Matt Kuchar,21,21,52,4.18,217.36,-67.80,41.74,USA
Pat Perez,22,22,40,4.08,163.14,-35.20,27.52,USA
Brian Harman,23,23,52,3.91,203.38,-39.14,69.66,USA
Kevin Kisner,24,24,52,3.84,199.85,-40.62,66.46,USA
Rafa Cabrera Bello,25,25,52,3.84,199.84,-57.34,46.22,ESP
Charley Hoffman,26,26,52,3.48,180.85,-47.08,31.89,USA
Satoshi Kodaira,27,27,52,3.47,180.23,-24.35,82.98,JPN
Xander Schauffele,28,28,52,3.44,178.77,-33.21,32.56,USA
Ian Poulter,29,29,49,3.40,166.44,-22.80,81.83,ENG
Louis Oosthuizen,30,30,43,3.39,145.90,-47.82,28.82,RSA
Kiradech Aphibarnrat,31,31,52,3.26,169.33,-23.99,70.86,THA
Francesco Molinari,32,32,51,3.23,164.94,-49.59,22.29,ITA
Tony Finau,33,33,52,3.22,167.61,-33.64,67.23,USA
Patrick Cantlay,34,34,40,3.15,126.15,-18.54,40.16,USA
Branden Grace,35,35,52,3.15,163.96,-46.55,49.99,RSA
Gary Woodland,36,36,52,3.07,159.73,-35.56,79.12,USA
Daniel Berger,37,37,50,2.99,149.68,-46.91,33.72,USA
Matthew Fitzpatrick,38,38,52,2.95,153.19,-41.65,32.08,ENG
Si Woo Kim,39,39,52,2.89,150.23,-37.48,54.91,KOR
Cameron Smith,40,40,52,2.89,150.18,-20.73,61.30,AUS
Webb Simpson,41,41,52,2.83,147.30,-31.76,55.68,USA
Ross Fisher,42,42,52,2.78,144.59,-34.02,36.90,ENG
Kevin Chappell,43,43,52,2.71,140.87,-47.50,38.34,USA
HaoTong Li,44,44,52,2.63,137.00,-24.84,54.60,CHN
Adam Hadwin,45,45,52,2.63,136.97,-29.05,55.36,CAN
Brendan Steele,46,46,48,2.58,124.04,-31.69,38.83,USA
Kyle Stanley,47,47,52,2.53,131.62,-26.34,35.10,USA
Bryson DeChambeau,48,48,52,2.48,129.16,-20.28,72.96,USA
Chez Reavie,49,49,52,2.45,127.20,-19.31,68.43,USA
Russell Henley,50,50,51,2.41,122.70,-29.63,31.05,USA
Dylan Frittelli,51,51,52,2.37,123.41,-24.93,31.04,RSA
Thomas Pieters,52,52,48,2.36,113.12,-35.96,22.47,BEL
Luke List,53,53,52,2.33,120.91,-16.47,74.48,USA
Jason Dufner,54,54,49,2.28,111.96,-34.70,20.76,USA
Jhonattan Vegas,55,55,52,2.27,117.92,-35.68,23.70,VEN
Patton Kizzire,56,56,52,2.26,117.71,-16.04,67.48,USA
Bernd Wiesberger,57,57,52,2.22,115.57,-37.74,18.02,AUT
Zach Johnson,58,58,49,2.20,107.90,-32.04,20.53,USA
Adam Scott,59,59,41,2.18,89.21,-51.23,15.74,AUS
Yuta Ikeda,60,60,52,2.17,113.09,-37.01,6.48,JPN
Yusaku Miyazato,61,61,52,2.17,113.06,-20.45,12.40,JPN
Charl Schwartzel,62,62,48,2.12,101.57,-43.19,8.19,RSA
Charles Howell III,63,63,49,2.11,103.44,-26.13,35.12,USA
Ryan Moore,64,64,47,2.09,98.08,-33.57,30.53,USA
Peter Uihlein,65,65,47,2.06,96.59,-20.40,14.33,USA
Alexander Levy,66,66,46,2.04,93.90,-22.38,32.01,FRA
James Hahn,67,67,52,2.01,104.71,-28.17,50.87,USA
Paul Dunne,68,68,52,2.00,104.22,-18.41,31.05,IRL
Emiliano Grillo,69,69,52,2.00,103.94,-32.49,41.86,ARG
Julian Suri,70,70,40,1.97,78.95,-13.13,9.66,USA
Chesson Hadley,71,71,52,1.94,100.78,-16.73,29.78,USA
Shubhankar Sharma,72,72,43,1.94,83.22,-5.32,53.12,IND
Kevin Na,73,73,51,1.89,96.60,-26.15,40.65,USA
Keegan Bradley,74,74,52,1.88,97.68,-23.29,25.94,USA
Joost Luiten,75,75,51,1.82,92.91,-25.78,34.92,NED
Bill Haas,76,76,49,1.82,88.95,-35.89,11.48,USA
Shane Lowry,77,77,50,1.74,87.05,-26.17,8.55,IRL
Billy Horschel,78,78,49,1.69,82.69,-27.20,20.89,USA
"Ted Potter, Jr.",79,79,52,1.67,86.87,-7.86,57.90,USA
Byeong Hun An,80,80,52,1.66,86.25,-25.21,34.64,KOR
Brandt Snedeker,81,81,44,1.66,72.90,-33.85,12.81,USA
Chris Paisley,82,82,52,1.61,83.60,-9.67,59.14,ENG
Beau Hossler,83,83,40,1.60,63.87,-4.30,43.19,USA
Ollie Schniederjans,84,84,52,1.59,82.78,-18.05,33.40,USA
Hideto Tanihara,85,85,52,1.56,81.37,-30.01,13.05,JPN
George Coetzee,86,86,52,1.54,80.26,-15.99,31.87,RSA
Seungsu Han,87,87,52,1.53,79.65,-11.76,16.09,USA
Jimmy Walker,88,88,47,1.52,71.47,-37.79,17.63,USA
Tiger Woods,89,89,40,1.50,60.06,-1.24,52.01,USA
Anirban Lahiri,90,90,52,1.48,77.14,-25.84,2.76,IND
Jamie Lovemark,91,91,52,1.48,76.85,-22.62,20.98,USA
Jorge Campillo,92,92,52,1.47,76.47,-13.68,46.04,ESP
Martin Kaymer,93,93,50,1.45,72.56,-28.61,9.80,GER
Lucas Glover,94,94,48,1.45,69.48,-19.27,12.46,USA
Wesley Bryan,95,95,52,1.44,75.02,-26.80,6.22,USA
J.B. Holmes,96,96,49,1.44,70.68,-30.87,22.48,USA
Eddie Pepperell,97,97,48,1.44,69.20,-10.65,24.00,ENG
Lee Westwood,98,98,46,1.44,66.13,-30.22,4.09,ENG
Chris Wood,99,99,45,1.42,63.91,-25.76,16.64,ENG
Matt Wallace,100,100,47,1.40,65.93,-13.16,27.15,ENG
Martin Laird,101,101,48,1.39,66.96,-18.27,21.43,SCO
Chan Kim,102,102,42,1.39,58.41,-13.12,,USA
Sung Kang,103,103,52,1.37,71.45,-21.43,5.12,KOR
Sungjae Im,104,104,52,1.36,70.46,-11.12,26.06,KOR
Thorbjørn Olesen,105,105,52,1.35,70.43,-22.83,5.48,DEN
Russell Knox,106,106,52,1.35,70.37,-35.64,19.90,SCO
Wade Ormsby,107,107,41,1.35,55.29,-8.49,1.76,AUS
Grayson Murray,108,108,52,1.34,69.77,-16.38,23.25,USA
Austin Cook,109,109,52,1.34,69.65,-9.88,19.22,USA
Ryan Palmer,110,110,40,1.32,52.81,-15.22,31.69,USA
Shaun Norris,111,111,52,1.31,68.19,-9.78,22.94,RSA
Sean O'Hair,112,112,52,1.30,67.45,-22.96,14.03,USA
Bud Cauley,113,113,50,1.28,64.01,-14.82,18.22,USA
Andrew Landry,114,114,49,1.28,62.62,-10.53,25.56,USA
Shugo Imahira,115,115,52,1.28,66.45,-18.15,1.72,JPN
Jason Kokrak,116,116,52,1.28,66.43,-20.04,22.97,USA
Kevin Streelman,117,117,52,1.28,66.38,-16.15,29.27,USA
Pablo Larrazabal,118,118,52,1.27,66.14,-16.30,26.23,ESP
Victor Dubuisson,119,119,40,1.27,50.65,-12.45,,FRA
Brice Garnett,120,120,52,1.26,65.40,-7.90,31.53,USA
Fabrizio Zanotti,121,121,51,1.25,63.93,-18.20,10.84,PAR
Ryan Fox,122,122,52,1.25,65.15,-17.37,17.25,NZL
Alexander Björk,123,123,52,1.22,63.47,-16.00,10.05,SWE
Paul Peterson,124,124,52,1.21,62.95,-9.97,25.87,USA
Scott Piercy,125,125,46,1.21,55.59,-25.99,23.13,USA
Hudson Swafford,126,126,52,1.21,62.82,-20.73,4.46,USA
David Horsey,127,127,49,1.20,58.92,-17.48,6.31,ENG
Dean Burmester,128,128,52,1.20,62.37,-15.04,15.18,RSA
Jordan L Smith,129,129,52,1.20,62.18,-22.02,1.21,ENG
William McGirt,130,130,52,1.19,62.11,-30.89,10.40,USA
Ryuko Tokimatsu,131,131,46,1.18,54.44,-10.69,6.09,JPN
Andrew Johnston,132,132,47,1.17,54.98,-18.51,27.95,ENG
Steve Stricker,133,133,40,1.16,46.44,-17.69,10.45,USA
Young-han Song,134,134,52,1.16,60.27,-20.40,2.00,KOR
Patrick Rodgers,135,135,52,1.13,58.90,-14.38,21.48,USA
Scott Stallings,136,136,52,1.13,58.55,-9.29,34.22,USA
Graham DeLaet,137,137,40,1.11,44.25,-15.91,,CAN
Nicolas Colsaerts,138,138,52,1.10,57.42,-19.80,3.26,BEL
Stewart Cink,139,139,46,1.10,50.61,-12.28,9.29,USA
Shingo Katayama,140,140,44,1.09,47.84,-12.79,3.12,JPN
Whee Kim,141,141,52,1.08,56.25,-15.02,2.46,KOR
Andy Sullivan,142,142,51,1.08,54.99,-22.22,13.47,ENG
Darren Fichardt,143,143,48,1.08,51.74,-10.60,20.68,RSA
Scott Jamieson,144,144,52,1.07,55.64,-11.08,6.18,SCO
Richie Ramsay,145,145,52,1.07,55.59,-13.78,7.69,SCO
Adrian Otaegui,146,146,52,1.07,55.42,-13.55,13.53,ESP
Brian Gay,147,147,51,1.07,54.34,-8.32,20.26,USA
Hyun-woo Ryu,148,148,52,1.06,55.34,-13.44,,KOR
J.J. Spaun,148,148,52,1.06,55.34,-16.61,4.10,USA
Michael Lorenzo-Vera,150,150,46,1.06,48.74,-12.46,7.52,FRA
Scott Brown,151,151,52,1.05,54.82,-17.39,1.45,USA
Atiwit Janewattanano,152,152,43,1.05,45.07,-9.43,8.80,THA
Jeunghun Wang,153,153,52,1.05,54.39,-25.74,11.81,KOR
Chris Kirk,154,154,52,1.03,53.81,-18.06,23.85,USA
Ryo Ishikawa,155,155,41,1.02,41.77,-8.91,18.91,JPN
Fredrick van Rooyen,156,156,50,1.01,50.56,-9.03,5.89,RSA
K.T. Kim,157,157,52,1.01,52.28,-22.36,6.40,KOR
Kelly Kraft,158,158,52,1.00,52.23,-11.39,19.48,USA
Søren Kjeldsen,159,159,50,1.00,50.17,-23.40,2.54,DEN
Ryan Armour,160,160,52,1.00,51.82,-9.72,11.79,USA
Gaganjeet Bhullar,161,161,40,1.00,39.82,-10.66,5.40,IND
Renato Paratore,162,162,52,.99,51.38,-13.51,12.03,ITA
David Lipsky,163,163,52,.98,51.09,-15.86,10.73,USA
Richard Sterne,164,164,47,.97,45.82,-15.54,6.60,RSA
Julien Guerrier,165,165,52,.97,50.51,-10.28,13.24,FRA
Sam Burns,166,166,40,.96,38.51,-.87,34.11,USA
Matthew Southgate,167,167,52,.95,49.37,-16.04,3.36,ENG
Cameron Davis,168,168,40,.94,37.75,-3.15,7.77,AUS
Jason Scrivener,169,169,52,.94,49.04,-10.81,8.80,AUS
Gavin Kyle Green,170,170,50,.94,46.97,-12.33,8.33,MAS
Matthieu Pavon,171,171,52,.93,48.35,-13.42,5.35,FRA
Graeme Storm,172,172,52,.93,48.11,-14.45,,ENG
Danny Lee,173,173,52,.92,48.00,-21.87,,NZL
Poom Saksansin,174,174,45,.92,41.53,-10.12,6.74,THA
Scott Hend,175,175,52,.92,47.85,-24.64,4.57,AUS
C.T. Pan,176,176,52,.92,47.65,-13.63,9.97,TPE
Lucas Herbert,177,177,40,.91,36.31,-3.96,13.26,AUS
Chris Stroud,178,178,52,.90,47.05,-11.30,10.28,USA
Keith Mitchell,179,179,52,.90,47.04,-5.44,27.18,USA
Ignacio Elvira Mijares,180,180,52,.90,46.94,-14.53,12.16,ESP
Daisuke Kataoka,181,181,52,.90,46.60,-15.46,5.27,JPN
Aaron Rai,182,182,52,.89,46.43,-12.07,6.91,ENG
Rory Sabbatini,183,183,48,.89,42.83,-4.96,25.61,RSA
Mike Hendry,184,184,52,.89,46.24,-17.22,,NZL
Tom Hoge,185,185,52,.89,46.03,-6.11,28.16,USA
Phachara Khongwatmai,186,186,51,.88,45.13,-10.35,2.76,THA
David Lingmerth,187,187,52,.88,45.92,-19.37,,SWE
Sang-hee Lee,188,188,52,.88,45.86,-10.86,3.12,KOR
Abraham Ancer,189,189,52,.88,45.65,-7.44,17.30,MEX
Haydn Porteous,190,190,52,.87,45.07,-10.87,4.57,RSA
Brad Kennedy,191,191,49,.86,42.29,-13.48,5.69,AUS
Harold Varner III,192,192,52,.86,44.81,-16.61,2.19,USA
Marcus Kinhult,193,193,51,.85,43.31,-6.41,15.04,SWE
Callum Shinkwin,194,194,46,.85,38.93,-10.92,2.65,ENG
Harris English,195,195,52,.85,43.99,-17.00,23.82,USA
Aaron Wise,196,196,45,.85,38.06,-7.30,13.26,USA
John Huh,197,197,52,.85,43.96,-8.19,28.74,USA
Mackenzie Hughes,198,198,52,.84,43.68,-16.43,1.21,CAN
Shiv Kapur,199,199,42,.84,35.12,-7.47,3.63,IND
Tapio Pulkkanen,200,200,45,.83,37.48,-6.96,2.82,FIN
Park Sang-eon,201,201,52,.83,43.19,-15.46,3.12,KOR
Padraig Harrington,202,202,48,.82,39.49,-14.78,,IRL
Jung-gon Hwang,203,203,52,.82,42.75,-11.71,2.40,KOR
Sam Saunders,204,204,52,.82,42.63,-8.82,14.78,USA
Jim Furyk,205,205,40,.82,32.66,-16.40,10.81,USA
Prayad Marksaeng,206,206,44,.81,35.71,-9.46,1.73,THA
Luke Donald,207,207,48,.80,38.46,-20.01,2.27,ENG
Brandon Harkins,208,208,50,.80,39.90,-4.44,22.06,USA
Adam Bland,209,209,52,.79,41.12,-8.68,5.58,AUS
Thomas Detry,209,209,52,.79,41.12,-10.72,11.44,BEL
Peter Karmis,211,211,40,.79,31.50,-5.44,13.14,RSA
Ajeetesh Sandhu,212,212,40,.79,31.49,-5.03,1.21,IND
Andrew Dodt,213,213,50,.78,39.17,-11.57,2.16,AUS
Marc Warren,213,213,52,.78,40.73,-10.18,5.07,SCO
Robert Streb,215,215,52,.78,40.48,-15.18,,USA
Nick Taylor,216,216,52,.78,40.47,-11.57,5.44,CAN
Mikko Korhonen,217,217,45,.77,34.87,-8.91,10.51,FIN
Robert Garrigus,218,218,51,.77,39.37,-11.25,14.45,USA
Clément Sordet,219,219,52,.77,40.13,-9.02,2.34,FRA
Oliver Bekker,220,220,52,.77,39.95,-8.22,12.50,RSA
Talor Gooch,221,221,50,.77,38.37,-6.94,10.80,USA
Graeme McDowell,222,222,52,.77,39.87,-16.82,7.76,NIR
Ben Martin,223,223,52,.76,39.61,-11.67,13.63,USA
Kevin Tway,224,224,52,.76,39.48,-11.57,3.74,USA
Panuphol Pittayarat,225,225,42,.76,31.75,-6.97,5.55,THA
Brian Stuard,226,226,52,.74,38.64,-15.46,13.98,USA
Morgan Hoffmann,227,227,50,.74,37.08,-11.88,1.24,USA
Dominic Bozzelli,228,228,45,.74,33.33,-9.70,13.33,USA
Martin Piller,229,229,52,.74,38.46,-7.52,14.90,USA
Aaron Baddeley,230,230,50,.74,36.93,-14.74,10.17,AUS
Robert Rock,231,231,52,.73,37.96,-10.15,7.63,ENG
Sam Ryder,232,232,52,.73,37.88,-8.86,11.52,USA
Andres Romero,233,233,40,.72,28.94,-7.70,,ARG
Lucas Bjerregaard,234,234,52,.72,37.47,-10.97,,DEN
Scott Vincent,235,235,52,.71,37.11,-6.71,13.40,ZIM
Alex Cejka,236,236,52,.70,36.63,-12.11,1.69,GER
Benjamin Hebert,237,237,51,.70,35.89,-10.05,8.18,FRA
Romain Wattel,238,238,52,.70,36.49,-11.02,7.18,FRA
JC Ritchie,239,239,45,.70,31.48,-3.13,22.75,RSA
Jonas Blixt,240,240,50,.69,34.73,-8.80,9.42,SWE
Jinho Choi,241,241,43,.69,29.57,-9.37,3.08,KOR
Oliver Fisher,242,242,52,.68,35.56,-7.07,14.40,ENG
Stephen Gallacher,243,243,48,.68,32.68,-7.25,8.34,SCO
Sam Brazel,244,244,43,.68,29.23,-8.45,6.57,AUS
Atomu Shigenaga,245,245,46,.68,31.24,-5.32,16.00,JPN
Kramer Hickok,246,246,40,.68,27.03,-4.37,4.33,USA
Jaco Ahlers,247,247,50,.67,33.57,-7.09,20.07,RSA
Rob Oppenheim,248,248,52,.67,34.85,-9.13,4.39,USA
Yuki Inamori,249,249,51,.67,34.14,-8.01,2.98,JPN
Julián Etulain,250,250,52,.67,34.59,-6.12,19.10,ARG
Brandon Stone,251,251,52,.66,34.21,-16.90,,RSA
Jim Herman,252,252,47,.66,30.80,-20.76,,USA
Vaughn Taylor,253,253,52,.65,33.76,-12.06,10.20,USA
Paul Waring,254,254,40,.65,25.82,-6.19,1.44,ENG
Roberto Castro,255,255,46,.64,29.66,-17.83,8.40,USA
Daniel Summerhays,256,256,52,.64,33.46,-20.05,,USA
Kyung-Nam Kang,257,257,51,.64,32.72,-9.33,,KOR
Ben Silverman,258,258,49,.64,31.27,-5.74,2.77,CAN
Tom Lovelady,259,259,41,.64,26.12,-3.43,10.83,USA
Austin Connelly,260,260,43,.63,27.26,-6.79,,CAN
Ryan Evans,261,261,52,.63,32.71,-8.15,3.93,ENG
Jacques Kruyswijk,261,261,42,.63,26.42,-5.54,13.49,RSA
Miguel Tabuena,263,263,41,.63,25.72,-7.79,5.78,PHI
Danthai Boonma,264,264,52,.63,32.53,-7.55,9.04,THA
Micah Shin,265,265,40,.62,24.93,-3.75,1.21,USA
Nino Bertasio,266,266,52,.62,32.35,-8.14,8.39,ITA
SSP Chawrasia,266,266,52,.62,32.35,-11.30,,IND
Chad Campbell,268,268,52,.62,32.16,-11.89,5.40,USA
Tyrone Van Aswegen,269,269,52,.62,32.14,-8.61,10.78,RSA
Katsumasa Miyamoto,270,270,52,.62,32.03,-10.65,,JPN
Nicolai Dellingshausen,271,271,40,.62,24.61,-5.46,1.28,GER
Alejandro Cañizares,272,272,44,.62,27.07,-9.98,6.28,ESP
Pedro Oriol,273,273,43,.61,26.40,-5.87,2.95,ESP
Derek Fathauer,274,274,52,.61,31.84,-9.50,13.25,USA
Martin Flores,275,275,52,.61,31.69,-10.61,7.91,USA
Nate Lashley,276,276,52,.61,31.49,-9.43,6.54,USA
Nick Watney,277,277,40,.60,24.20,-4.27,9.98,USA
Koumei Oda,278,278,52,.60,31.21,-8.26,1.29,JPN
Michael Thompson,279,279,42,.60,25.16,-8.11,8.70,USA
Seunghyuk Kim,280,280,52,.60,31.04,-8.25,1.48,KOR
Nicholas Lindheim,281,281,52,.60,30.95,-7.67,6.36,USA
Curtis Luck,282,282,40,.59,23.79,-5.68,5.39,AUS
Anthony Wall,283,283,45,.59,26.75,-9.74,2.59,ENG
Jbe' Kruger,284,284,52,.59,30.69,-9.80,3.36,RSA
Jonathan Byrd,285,285,52,.59,30.61,-7.63,3.55,USA
Rafael Campos,286,286,41,.59,24.06,-4.50,10.99,PUE
Lee Slattery,287,287,52,.59,30.47,-9.27,,ENG
Tatsuya Kodai,288,288,40,.58,23.38,-2.92,4.95,JPN
Thongchai Jaidee,289,289,52,.58,30.38,-18.50,1.24,THA
Matt Jones,290,290,52,.58,30.38,-8.35,1.56,AUS
Oscar Lengden,290,290,46,.58,26.87,-7.58,,SWE
Rattanon Wannasrichan,292,292,48,.58,27.91,-6.76,3.93,THA
Xinjun Zhang,293,293,52,.58,30.15,-7.28,7.93,CHN
Jonathan Randolph,294,294,52,.58,30.03,-9.23,1.56,USA
Sam Horsfield,295,295,40,.58,23.09,,23.09,ENG
Chase Koepka,296,296,40,.58,23.03,-4.16,5.04,USA
Adam Schenk,297,297,52,.57,29.81,-7.57,5.12,USA
Adrien Saddier,298,298,52,.57,29.56,-8.96,5.04,FRA
Joakim Lagergren,299,299,50,.57,28.38,-11.30,,SWE
Tadahiro Takayama,300,300,49,.57,27.81,-8.56,,JPN
James Morrison,301,301,52,.57,29.45,-11.66,1.71,ENG
Yi Keun Chang,302,302,41,.56,23.06,-5.49,2.13,KOR
Stephan Jaeger,303,303,52,.56,29.20,-8.20,2.88,GER
Rod Pampling,304,304,50,.56,28.02,-10.56,3.39,AUS
Charlie Saxon,305,305,47,.56,26.32,-5.58,13.80,USA
Trey Mullinax,306,306,52,.56,29.11,-8.50,10.20,USA
Jens Dantorp,307,307,52,.56,28.96,-6.52,2.92,SWE
David Drysdale,308,308,52,.56,28.90,-8.52,1.35,SCO
Scott Langley,309,309,49,.56,27.21,-3.37,21.06,USA
Maximilian Kieffer,310,310,51,.55,28.19,-7.76,9.79,GER
Richard Bland,311,311,52,.55,28.72,-14.36,1.37,ENG
Keith Horne,312,312,52,.55,28.63,-5.01,12.22,RSA
Grégory Bourdy,313,313,52,.55,28.54,-13.33,,FRA
Jordan Zunic,313,313,40,.55,21.95,-3.85,2.35,AUS
Jamie Donaldson,315,315,49,.55,26.88,-9.36,2.59,WAL
Seung-Yul Noh,316,316,47,.55,25.75,-9.75,,KOR
Matthew Millar,317,317,40,.55,21.89,-3.18,14.34,AUS
Brett Rumford,318,318,52,.55,28.40,-7.99,6.73,AUS
JJ Senekal,319,319,42,.54,22.86,-1.62,16.78,RSA
Marcus Fraser,320,320,48,.54,26.11,-12.68,2.54,AUS
Adam Svensson,321,321,50,.54,27.15,-2.34,20.16,CAN
Hyungjoon Lee,322,322,40,.54,21.52,-6.66,,KOR
John Catlin,323,323,48,.54,25.78,-3.48,12.00,USA
Smylie Kaufman,324,324,52,.53,27.79,-12.53,,USA
Ryan Blaum,325,325,52,.53,27.78,-7.43,9.45,USA
Yoshinori Fujimoto,326,326,49,.53,26.16,-9.71,1.29,JPN
José de Jesús Rodríguez,327,327,40,.53,21.27,-3.94,5.75,MEX
Daniel Nisbet,328,328,40,.53,21.17,-1.83,15.00,AUS
Seamus Power,329,329,52,.53,27.46,-9.01,8.76,IRL
Tirawat Kaewsiribandt,330,330,44,.53,23.21,-4.86,1.29,THA
Ashun Wu,331,331,52,.53,27.42,-9.74,4.57,CHN
Andrew Putnam,332,332,50,.53,26.36,-6.90,8.98,USA
Robert Karlsson,333,333,50,.53,26.35,-7.47,2.06,SWE
Jaco Van Zyl,334,334,40,.52,20.91,-12.06,,RSA
Kyoung-Hoon Lee,335,335,52,.52,27.07,-9.06,7.14,KOR
Sihwan Kim,336,336,45,.52,23.25,-3.02,10.01,USA
Victor Perez,337,337,42,.51,21.56,-4.89,1.89,FRA
Chris Hanson,338,338,52,.51,26.68,-8.25,6.06,ENG
Marcel Siem,339,339,50,.51,25.62,-8.32,,GER
J.T. Poston,340,340,52,.51,26.55,-9.12,1.68,USA
Rhein Gibson,341,341,52,.51,26.48,-6.57,12.01,AUS
Sebastian Heisele,342,342,52,.50,26.22,-6.42,3.72,GER
Oliver Farr,343,343,52,.50,25.93,-6.51,,WAL
Takumi Kanaya,344,344,40,.50,19.93,-3.29,,JPN
Brendan Jones,345,345,46,.50,22.85,-6.72,,AUS
Retief Goosen,346,346,40,.49,19.75,-7.16,8.10,RSA
Danny Willett,347,347,44,.49,21.70,-37.39,,ENG
Taylor Moore,348,348,46,.49,22.68,-4.55,11.76,USA
D.A. Points,349,349,50,.49,24.60,-7.70,2.36,USA
Billy Hurley III,350,350,52,.49,25.47,-15.28,,USA
Shawn Stefani,351,351,52,.49,25.37,-7.44,4.61,USA
Rikard Karlberg,352,352,40,.49,19.49,-13.93,,SWE
Trevor Fisher Jr,353,353,40,.49,19.41,-4.96,6.86,RSA
Bradley Dredge,354,354,45,.49,21.82,-14.18,,WAL
Joachim B Hansen,355,355,52,.48,25.19,-3.32,11.30,DEN
Mikko Ilonen,356,356,46,.48,22.25,-8.51,2.85,FIN
Richy Werenski,357,357,52,.48,25.05,-11.21,1.72,USA
Sebastián Muñoz,358,358,50,.48,24.08,-5.70,6.52,COL
Chad Collins,359,359,44,.48,21.18,-9.23,,USA
Juvic Pagunsan,360,360,52,.48,24.93,-7.96,1.73,PHI
Nick Cullen,361,361,50,.48,23.83,-5.69,6.53,AUS
Adilson da Silva,362,362,51,.48,24.27,-7.31,6.86,BRA
Troy Merritt,363,363,52,.47,24.40,-8.52,11.50,USA
Toshinori Muto,363,363,52,.47,24.40,-8.06,1.39,JPN
Matthias Schwab,363,363,40,.47,18.77,-2.01,8.77,AUT
Steven Brown,366,366,51,.47,23.89,-5.52,1.71,ENG
Brandon Hagy,367,367,46,.47,21.44,-8.17,,USA
Thomas Aiken,368,368,52,.46,24.11,-11.31,2.95,RSA
Lorenzo Gagli,369,369,52,.46,24.05,-4.17,12.00,ITA
Angelo Que,370,370,52,.46,24.04,-6.91,,PHI
Lanto Griffin,371,371,50,.46,23.08,-4.13,5.10,USA
Jacques Blaauw,372,372,52,.46,23.86,-5.96,13.93,RSA
Rhys Enoch,373,373,44,.46,20.12,-1.38,15.54,WAL
Cody Gribble,374,374,52,.45,23.55,-9.52,1.92,USA
Simon Hawkes,375,375,40,.45,18.10,,18.10,AUS
Dimi Papadatos,376,376,40,.45,18.09,-4.72,2.88,AUS
Edoardo Molinari,377,377,52,.45,23.39,-6.19,3.24,ITA
Yujiro Ohori,378,378,49,.45,21.98,-6.04,,JPN
Ben Campbell,379,379,40,.45,17.91,-2.62,8.49,NZL
Michael Kim,380,380,52,.45,23.23,-9.15,2.86,USA
Tyler Duncan,381,381,52,.44,23.00,-4.74,2.70,USA
Peter Hanson,382,382,40,.44,17.66,-7.89,,SWE
Geoff Ogilvy,383,383,48,.44,21.18,-8.41,1.32,AUS
Marcus Armitage,384,384,52,.44,22.87,-5.75,4.50,ENG
Florian Fritsch,385,385,45,.44,19.74,-6.06,,GER
Prom Meesawat,386,386,52,.44,22.74,-6.07,6.42,THA
Blayne Barber,387,387,48,.44,20.98,-9.21,3.45,USA
Cameron Tringale,388,388,52,.44,22.72,-8.36,1.34,USA
Arjun Atwal,389,389,40,.44,17.42,-2.00,3.86,IND
Alex Haindl,390,390,41,.44,17.85,-2.27,8.31,RSA
Ockert Strydom,391,391,44,.43,19.02,-5.33,3.24,RSA
Alexander Knappe,392,392,52,.43,22.48,-11.33,3.02,GER
Grégory Havret,393,393,52,.43,22.42,-5.67,8.44,FRA
Ricardo Gouveia,394,394,52,.43,22.33,-7.98,1.71,POR
Ricky Barnes,395,395,52,.43,22.26,-10.18,2.28,USA
Namchoak Tantipokakul,396,396,40,.43,17.10,-2.61,,THA
David Hearn,397,397,52,.43,22.19,-11.18,,CAN
Shota Akiyoshi,398,398,40,.43,17.02,-3.30,,
Bronson Burgoon,399,399,40,.42,17.00,-4.28,4.94,USA
Ben Taylor,400,400,42,.42,17.81,-.56,15.23,ENG
Martin Trainer,401,401,40,.42,16.95,-2.17,14.00,USA
Nicholas Fung,402,402,48,.42,20.33,-7.62,,MAS
Lasse Jensen,403,403,52,.42,22.01,-8.47,4.16,DEN
Bernard Ritthammer,404,404,52,.42,21.94,-12.21,,GER
James Nitties,405,405,40,.42,16.75,-1.08,13.80,AUS
David Bransdon,406,406,43,.42,17.95,-2.88,5.18,AUS
Lee Jung-hwan,406,406,40,.42,16.70,-3.87,,KOR
Robin Sciot-Siegrist,408,408,40,.42,16.68,-3.74,,FRA
Berry Henson,409,409,40,.42,16.61,-.25,16.61,USA
Khalin Joshi,410,410,40,.41,16.60,-2.49,7.07,IND
Richard McEvoy,411,411,44,.41,18.23,-6.56,,ENG
Jeff Winther,412,412,48,.41,19.61,-4.96,4.46,DEN
Tomoyo Ikemura,413,413,40,.40,16.18,-1.27,9.50,JPN
Sean Crocker,414,414,40,.40,16.06,-.55,9.81,USA
Kyle Thompson,415,415,51,.40,20.36,-6.54,,USA
Charlie Ford,416,416,52,.40,20.75,-3.85,5.37,ENG
Carlos Pigem,417,417,51,.40,20.34,-8.92,,ESP
Gavin Moynihan,418,418,44,.40,17.47,-4.26,,IRL
Rikuya Hoshino,419,419,40,.39,15.73,-3.14,1.21,JPN
Jens Fahrbring,420,420,49,.39,19.26,-3.41,7.20,SWE
Tano Goya,421,421,40,.39,15.71,-4.48,,ARG
Justin Harding,422,422,50,.39,19.59,-2.88,12.92,RSA
Hiroyuki Fujita,423,423,52,.39,20.31,-6.83,,JPN
Miguel Angel Jiménez,424,424,40,.39,15.59,-3.77,3.36,ESP
Jason Norris,425,425,40,.39,15.59,-3.25,,AUS
Matias Calderon,426,426,40,.39,15.58,-.49,14.00,CHI
Wolmer Murillo,427,427,40,.39,15.53,-3.38,,VEN
Johan Carlsson,428,428,48,.39,18.62,-7.64,,SWE
Chris Lloyd,429,429,40,.39,15.51,-4.18,1.29,ENG
Johannes Veerman,430,430,45,.39,17.42,-6.93,,USA
J.J. Henry,431,431,52,.39,20.05,-4.34,6.76,USA
Hank Lebioda,431,431,40,.39,15.42,-2.62,4.76,USA
Ryutaro Nagano,433,433,52,.38,20.00,-6.91,3.12,JPN
Justin Walters,434,434,52,.38,19.97,-5.47,4.92,ENG
Alvaro Quiros,435,435,44,.38,16.87,-5.16,1.44,ESP
Anthony Quayle,436,436,40,.38,15.29,-1.70,8.06,AUS
Tom Lewis,437,437,40,.38,15.21,-4.36,,ENG
John Chin,438,438,42,.38,15.97,-1.66,10.50,USA
Camilo Villegas,439,439,52,.38,19.60,-7.15,,COL
Carlos Ortiz,440,440,52,.38,19.54,-2.85,11.72,MEX
WC Liang,441,441,46,.38,17.27,-5.30,2.24,CHN
Ashley Hall,442,442,40,.38,15.01,-4.21,5.85,AUS
Mathiam Keyser,443,443,41,.37,15.29,-4.04,,RSA
Hiroshi Iwata,444,444,52,.37,19.37,-5.91,2.75,JPN
Denny McCarthy,445,445,51,.37,18.87,-3.64,8.55,USA
Xiao Bo Wen,446,446,40,.37,14.75,-1.17,,
Johnson Wagner,447,447,52,.37,19.09,-9.37,,USA
Callan O'Reilly,448,448,40,.36,14.54,-1.15,9.53,AUT
Conrad Shindler,449,449,46,.36,16.72,-4.15,1.24,USA
Greg Owen,450,450,40,.36,14.47,-5.95,,ENG
Felipe Aguilar,451,451,52,.36,18.70,-7.30,5.89,CHI
Matt Atkins,452,452,52,.36,18.49,-5.78,1.32,USA
Ben Eccles,452,452,47,.36,16.72,-2.64,5.25,AUS
Zecheng Dou,454,454,52,.36,18.47,-9.01,,CHN
Matteo Manassero,455,455,52,.35,18.45,-8.15,2.31,ITA
Daan Huizing,456,456,48,.35,17.01,-4.39,1.50,NED
Ben Crane,457,457,52,.35,18.42,-6.50,2.58,USA
Vijay Singh,458,458,40,.35,14.11,-8.39,2.60,FIJ
Romain Langasque,459,459,52,.35,18.31,-9.07,1.29,FRA
Kenichi Kuboya,460,460,48,.35,16.85,-3.39,,JPN
Zander Lombard,461,461,52,.35,18.25,-6.53,1.38,RSA
Hyung-Sung Kim,462,462,52,.35,18.22,-6.54,,KOR
Zac Blair,463,463,52,.35,18.15,-7.35,,USA
Michael Johnson,464,464,40,.35,13.95,-2.96,7.06,USA
Jose-Filipe Lima,465,465,48,.35,16.73,-6.70,,POR
Jake McLeod,466,466,40,.35,13.88,-2.79,3.45,AUS
Travis Symth,467,467,40,.35,13.86,-2.47,1.53,AUS
Choi Min-Chel,468,468,40,.34,13.71,-2.41,,KOR
Inn Choon Hwang,469,469,40,.34,13.70,-3.45,,KOR
Toru Taniguchi,470,470,43,.34,14.70,-3.68,,JPN
Hung Chien-yao,471,471,40,.34,13.63,-3.82,,TPE
Ashley Chesters,472,472,52,.34,17.68,-4.70,,ENG
Corey Conners,473,473,52,.34,17.65,-3.66,9.60,CAN
David Oh,473,473,45,.34,15.28,-4.33,,USA
Oliver Lindell,475,475,41,.34,13.91,-5.27,,FIN
Joel Stalter,475,475,52,.34,17.65,-7.23,,FRA
Hur In-hoi,477,477,44,.34,14.93,-4.10,,KOR
Patrick Newcomb,478,478,46,.34,15.51,-3.67,,USA
Brady Schnell,479,479,49,.34,16.44,-3.20,1.23,USA
Danie van Tonder,480,480,45,.33,15.06,-3.73,7.30,RSA
Hyung-seok Seo,481,481,40,.33,13.39,-2.94,,KOR
Daniel Brooks,482,482,52,.33,17.37,-5.12,,ENG
Axel Boasson,483,483,40,.33,13.33,-3.01,,
Jason Gore,483,483,50,.33,16.66,-4.71,5.39,USA
Ben Evans,485,485,52,.33,17.24,-4.64,1.20,ENG
Go-woong Choi,486,486,40,.33,13.24,-2.23,,KOR
Dong Seop Maeng,487,487,40,.33,13.21,-3.12,,KOR
Chase Wright,488,488,40,.33,13.19,-1.32,7.00,USA
Toby Tree,489,489,45,.33,14.83,-2.87,6.20,ENG
Andrew Yun,490,490,51,.33,16.79,-5.09,,USA
Johan Edfors,491,491,40,.33,13.16,-5.10,,SWE
Jarand Ekeland Arnoy,492,492,47,.33,15.46,-3.70,,NOR
Henric Sturehed,492,492,44,.33,14.47,-2.24,5.07,SWE
Robby Shelton,494,494,40,.33,13.13,-3.24,,USA
Jamie Arnold,495,495,41,.33,13.41,-1.93,3.08,AUS
Siddikur Rahman,496,496,40,.33,13.06,-5.13,,BAN
Suradit Yongcharoenchai,497,497,52,.33,16.96,-4.97,1.72,THA
Adrian Meronk,498,498,40,.32,12.93,-2.48,,
Cameron Percy,499,499,49,.32,15.81,-6.16,,AUS
Jared Harvey,500,500,45,.32,14.49,-3.65,,RSA
Jared Wolfe,501,501,40,.32,12.81,-2.25,1.56,USA
Supakorn Utaipat,502,502,44,.32,14.05,-2.73,1.20,THA
Jarin Todd,503,503,40,.32,12.70,-2.07,6.00,USA
Sam Walker,504,504,49,.32,15.55,-8.39,,ENG
Rick Lamb,505,505,49,.32,15.52,-6.19,,USA
Scott Fernandez,506,506,52,.32,16.44,-3.61,1.44,ESP
Birgir Hafthorsson,507,507,40,.32,12.61,-3.11,,ISL
Boo Weekley,508,508,40,.32,12.60,-6.68,,USA
D.H. Lee,509,509,52,.31,16.34,-4.49,,KOR
Augusto Núñez,510,510,48,.31,15.04,-5.65,1.29,ARG
Bradley Neil,511,511,49,.31,15.20,-3.21,,SCO
David Borda,512,512,40,.31,12.40,-2.30,5.20,ESP
Roger Sloan,513,513,47,.31,14.51,-3.95,5.42,CAN
Callum Tarren,514,514,40,.31,12.33,-2.26,2.60,ENG
Joel Dahmen,515,515,51,.31,15.67,-4.94,4.11,USA
Stephen Leaney,516,516,40,.31,12.29,-2.03,2.58,AUS
Roberto Díaz,517,517,52,.31,15.91,-4.29,4.94,MEX
Johnson Poh,518,518,40,.30,12.16,-1.05,8.79,
Richard Lee,519,519,40,.30,12.10,-3.24,,CAN
Chan Shih-chang,520,520,52,.30,15.61,-7.09,1.48,TPE
Chanachok Dejpiratan,521,521,40,.30,11.99,-2.07,,THA
Eun Shin Park,522,522,40,.30,11.96,-2.95,,KOR
Seung-taek Lee,523,523,40,.30,11.90,-2.64,,KOR
Sebastian Soderberg,524,524,46,.30,13.61,-4.21,6.28,SWE
,525,525,40,.30,11.80,-2.50,,ESP
Garrick Porteous,526,526,51,.29,15.04,-5.14,,ENG
Jerry Kelly,527,527,40,.29,11.72,-7.97,4.44,USA
Oscar Fraustro,528,528,40,.29,11.62,-2.31,1.20,MEX
Danny Chia,529,529,42,.29,12.19,-5.88,,MAS
Luke Joy,530,530,40,.29,11.57,-2.80,,
Panawat Muenlek,531,531,40,.29,11.55,-4.14,,THA
Kurt Kitayama,532,532,40,.29,11.48,-.76,9.70,USA
Jean-Paul Strydom,533,533,40,.29,11.46,-1.66,8.40,RSA
Gonzalo Fernandez-Castaño,534,534,52,.29,14.89,-2.24,10.15,ESP
Ben Leong,535,535,40,.29,11.41,-2.58,3.94,MAS
Jin-jae Byun,536,536,40,.28,11.32,-4.25,,KOR
Andres Gonzales,537,537,52,.28,14.69,-7.64,,USA
Mikael Lundberg,538,538,45,.28,12.70,-3.61,,SWE
Mark Anderson,539,539,49,.28,13.80,-4.13,6.39,USA
William Harrold,539,539,45,.28,12.68,-.90,6.20,ENG
Jake Higginbottom,541,541,41,.28,11.44,-2.86,,AUS
Rashid Khan,542,542,40,.28,11.15,-3.88,,IND
Henrik Norlander,543,543,40,.28,11.14,-4.99,,SWE
Daniel Im,544,544,52,.28,14.47,-4.87,,USA
Harrison Endycott,545,545,40,.28,11.13,,11.13,AUS
Masaru Takahashi,546,546,40,.28,11.03,-3.01,,JPN
,547,547,40,.28,11.03,-2.61,,GER
Matt Every,548,548,52,.27,14.27,-2.17,6.48,USA
Daniel Fox,549,549,41,.27,11.25,-1.12,7.00,USA
James Marchesani,549,549,40,.27,10.97,-1.97,,AUS
Todd Sinnott,551,551,40,.27,10.97,-4.28,,AUS
Greg Chalmers,552,552,52,.27,14.23,-7.68,3.66,AUS
Hennie Otto,553,553,40,.27,10.94,-1.94,3.52,RSA
Julien Quesne,554,554,49,.27,13.39,-9.44,,FRA
Fabián Gómez,555,555,50,.27,13.60,-9.70,2.55,ARG
Grant Forrest,556,556,40,.27,10.86,-2.00,1.96,SCO
Aksel Olsen,557,557,40,.27,10.86,-2.33,4.00,NOR
Keenan Davidse,558,558,44,.27,11.93,-1.81,4.90,RSA
Jean Hugo,559,559,48,.27,12.98,-3.08,3.82,RSA
Mark Brown,560,560,40,.27,10.80,-1.60,1.53,NZL
Martin Wiegele,561,561,40,.27,10.79,-2.85,,AUT
Joel Sjöholm,562,562,51,.27,13.69,-3.19,2.00,SWE
Adam Long,563,563,50,.27,13.37,-3.02,4.98,USA
Mito Pereira,564,564,45,.27,12.01,-4.14,1.76,CHI
P. Tangkamolpraser,564,564,52,.27,13.89,-6.84,2.94,THA
Riekus Nortje,566,566,40,.27,10.67,-3.25,,RSA
Christiaan Bezuidenhout,567,567,52,.27,13.87,-4.74,2.69,RSA
Ryan Brehm,568,568,52,.27,13.86,-7.35,,USA
Gi-Whan Kim,568,568,44,.27,11.73,-2.54,,KOR
Yan Wei Liu,570,570,52,.27,13.85,-3.09,,CHN
Justin Hueber,571,571,46,.27,12.23,-1.99,6.25,USA
Andrea Pavan,572,572,50,.27,13.28,-2.38,7.76,ITA
Jarryd Felton,573,573,40,.27,10.62,-3.49,,AUS
Kunihiro Kamii,574,574,40,.26,10.55,-2.38,,JPN
Kalle Samooja,575,575,40,.26,10.49,-1.97,3.76,FIN
Paul Howard,576,576,48,.26,12.57,-3.91,,ENG
Deyen Lawson,577,577,40,.26,10.36,-2.17,4.70,AUS
Josh Teater,578,578,52,.26,13.45,-4.34,4.17,USA
Billy Kennerly,579,579,40,.26,10.33,-2.22,1.20,USA
Oscar Stark,580,580,47,.26,12.10,-4.74,,SWE
Mark Haastrup,581,581,47,.26,12.06,-4.37,4.00,DEN
Cho Min-jun,582,582,52,.26,13.33,-4.55,1.22,KOR
Niklas Lemke,583,583,40,.26,10.24,-2.44,,SWE
Marco Iten,584,584,40,.26,10.23,-2.65,,SUI
Kim Koivu,585,585,40,.26,10.20,,10.20,
Paul Lawrie,586,586,40,.25,10.17,-4.29,,SCO
Christopher Mivis,587,587,52,.25,13.22,-4.26,,BEL
Nicolás Geyger,588,588,46,.25,11.68,-2.15,6.31,CHI
Jonathan Hodge,588,588,40,.25,10.16,-1.99,1.22,USA
Steven Jeffress,588,588,40,.25,10.16,-1.24,7.02,AUS
Max Orrin,591,591,49,.25,12.37,-4.31,1.62,ENG
Brett Coletta,592,592,40,.25,10.07,-3.86,,AUS
Choi Ho-sung,593,593,50,.25,12.56,-3.67,,KOR
Johnny Ruiz,594,594,40,.25,10.03,-2.25,,USA
K.J. Choi,595,595,52,.25,13.03,-7.17,6.43,KOR
,596,596,40,.25,10.02,-.40,8.40,RSA
Hendrik Du Plessis,597,597,43,.25,10.75,-3.23,1.82,RSA
Terry Pilkadaris,598,598,50,.25,12.42,-1.86,9.00,AUS
Pep Angles,599,599,52,.25,12.91,-7.04,,ESP
NattawatSuvana Suvanajanak,600,600,40,.25,9.92,-2.02,,THA
Edward Loar,601,601,40,.25,9.89,,9.89,USA
Thomas Bjørn,602,602,40,.25,9.84,-2.30,3.55,DEN
Adam Blyth,603,603,40,.25,9.83,-5.10,,AUS
Brian Richey,604,604,40,.24,9.71,-1.87,,USA
Minwoo Lee,605,605,40,.24,9.70,-.99,4.49,AUS
Doug McGuigan,606,606,50,.24,12.12,-2.74,,RSA
Mikumu Horikawa,607,607,47,.24,11.38,-2.03,3.72,JPN
Mark Foster,608,608,43,.24,10.41,-2.95,2.24,ENG
Christofer Blomstrand,609,609,49,.24,11.86,-5.37,,SWE
Robbie Van West,610,610,40,.24,9.65,-1.65,5.28,
Per Langfors,611,611,40,.24,9.63,-2.48,1.20,SWE
Jordan Niebrugge,612,612,40,.24,9.62,-2.24,,USA
Hunter Mahan,613,613,52,.24,12.49,-2.68,2.58,USA
Gunn Charoenkul,614,614,40,.24,9.59,-4.82,,THA
Won Joon Lee,615,615,40,.24,9.57,-4.23,,AUS
Ethan Tracy,616,616,50,.24,11.94,-3.62,,USA
Ji-hoon Lee,617,617,40,.24,9.50,-2.86,,KOR
Louis de Jager,618,618,49,.24,11.61,-3.75,1.96,RSA
Neil Schietekat,619,619,50,.24,11.82,-2.38,5.52,RSA
Austin Smotherman,619,619,40,.24,9.45,-.44,6.00,USA
Laurie Canter,621,621,44,.24,10.38,-2.04,2.83,ENG
James Heath,621,621,47,.24,11.09,-4.92,,ENG
Matthew Griffin,623,623,52,.24,12.22,-5.84,,AUS
Joel Girrbach,624,624,40,.23,9.31,-3.36,,SUI
Alex Kang,624,624,44,.23,10.24,-3.71,2.16,USA
Jinichiro Kozuma,626,626,45,.23,10.44,-2.54,1.48,JPN
Jyoti Randhawa,627,627,40,.23,9.24,-2.73,1.29,IND
Lu Wei-chih,627,627,40,.23,9.23,-4.67,,TPE
Cory Crawford,629,629,40,.23,9.19,-.98,5.60,AUS
Bryden MacPherson,630,630,40,.23,9.17,-1.07,,AUS
Masahiro Kawamura,631,631,52,.23,11.90,-4.87,4.30,JPN
Raphael Jacquelin,632,632,52,.23,11.86,-7.01,,FRA
Itthipat Buranatanya,633,633,40,.23,9.09,-1.58,5.44,THA
Tim Wilkinson,633,633,52,.23,11.81,-6.81,1.53,NZL
Taichi Teshima,635,635,47,.23,10.66,-3.38,,JPN
Eric Axley,636,636,52,.23,11.75,-2.84,4.77,USA
Kyle Reifers,637,637,52,.23,11.71,-11.28,,USA
Daniel Pearce,638,638,40,.23,9.00,-2.90,1.33,NZL
Rodolfo Cazaubón,639,639,40,.23,9.00,-3.08,1.35,MEX
Mark Tullo,640,640,40,.22,8.98,-2.71,,CHI
Duncan Stewart,641,641,52,.22,11.66,-6.88,,SCO
Kevin Dougherty,642,642,40,.22,8.95,-.24,7.96,USA
Ernie Els,643,643,52,.22,11.47,-5.48,2.77,RSA
Michael Sim,644,644,40,.22,8.79,-2.18,,AUS
Michio Matsumura,645,645,50,.22,10.89,-2.65,,JPN
Spencer Levin,646,646,52,.22,11.30,-7.69,,USA
Nathan Kimsey,647,647,45,.22,9.76,-2.26,,ENG
Dan McCarthy,648,648,40,.22,8.67,-5.38,2.66,USA
Matt Ford,649,649,48,.22,10.39,-2.88,1.47,ENG
Peter Malnati,650,650,52,.22,11.22,-3.25,3.21,USA
Tag Ridings,651,651,48,.22,10.34,-4.09,,USA
Andre De Decker,652,652,40,.22,8.60,-.92,6.07,RSA
Lee McCoy,653,653,40,.21,8.56,-3.69,1.29,USA
Thomas Linard,654,654,44,.21,9.41,-2.90,,FRA
Kasidit Lepkurte,655,655,40,.21,8.55,-1.40,,THA
Shunya Takeyasu,656,656,40,.21,8.52,-3.25,1.54,JPN
Thanyakorn Khrongpha,657,657,52,.21,11.06,-6.18,,THA
Ryuji Masaoka,658,658,44,.21,9.35,-2.95,,JPN
Steve Marino,659,659,40,.21,8.46,-3.73,7.07,USA
Max Rottluff,660,660,40,.21,8.44,-2.93,,GER
Alex Prugh,661,661,51,.21,10.75,-3.98,,USA
Simon Forsstrom,662,662,40,.21,8.41,-4.07,,SWE
Kelvin Day,663,663,40,.21,8.41,-2.62,,ENG
Casey Wittenberg,664,664,40,.21,8.40,-3.37,,USA
Ryan Ruffels,665,665,40,.21,8.26,-3.53,,AUS
Lionel Weber,666,666,47,.21,9.68,-3.16,1.21,FRA
Tom Murray,667,667,49,.21,10.09,-2.70,,ENG
Minkyu Kim,668,668,40,.21,8.22,-1.62,,
Yi Cao,669,669,40,.20,8.10,-1.01,6.00,CHN
Byungmin Cho,670,670,52,.20,10.49,-5.09,,KOR
Steve Wheatcroft,671,671,50,.20,10.04,-5.55,,USA
Hong-taek Kim,672,672,40,.20,8.02,-1.63,,KOR
Jon Thomson,673,673,40,.20,7.97,-2.21,,
Heung-Chol Joo,674,674,41,.20,8.15,-4.24,,KOR
Anthony Michael,675,675,43,.20,8.54,-1.96,5.02,RSA
Damien Jordan,676,676,40,.20,7.94,-2.61,,AUS
Pontus Widegren,677,677,51,.20,10.10,-2.72,,SWE
Brett Drewitt,678,678,52,.20,10.28,-2.58,5.61,AUS
Michael Hoey,679,679,47,.20,9.29,-3.02,,NIR
Jun-sub Park,680,680,40,.20,7.85,-2.98,,KOR
Mathieu Fenasse,681,681,41,.19,7.99,-3.14,,FRA
Stuart Manley,681,681,40,.19,7.79,-2.90,,WAL
Lyle Rowe,683,683,48,.19,9.31,-4.20,2.38,RSA
Kurt Barnes,684,684,42,.19,8.14,-2.98,,AUS
Willy Wilcox,684,684,40,.19,7.75,-3.23,4.16,USA
Chiragh Kumar,686,686,41,.19,7.94,-2.37,,IND
Vaughn Groenewald,687,687,49,.19,9.48,-2.52,3.18,RSA
Shohei Hasegawa,688,688,40,.19,7.73,,7.73,JPN
Luke Guthrie,689,689,46,.19,8.87,-2.56,2.56,USA
Kazuhiro Yamashita,690,690,47,.19,9.03,-3.43,,JPN
Matt Harmon,691,691,48,.19,9.12,-2.02,1.22,USA
Chris Baker,692,692,50,.19,9.43,-4.43,,USA
Brad Hopfinger,693,693,40,.19,7.54,-1.23,2.87,USA
Rico Hoey,694,694,40,.19,7.53,-1.60,,USA
Craig Lee,694,694,40,.19,7.52,-3.38,,SCO
Daisuke Maruyama,696,696,40,.19,7.52,-2.24,,JPN
Finn Fleer,697,697,40,.19,7.49,-1.63,,GER
Arnond Vongvanij,698,698,40,.19,7.49,-.91,,THA
Scott Gutschewski,699,699,40,.19,7.48,-1.93,,USA
Alessandro Tadini,699,699,46,.19,8.60,-2.94,,ITA
Tee-K Kelly,701,701,40,.19,7.48,-1.57,,USA
Fred Couples,702,702,40,.19,7.47,-1.18,3.45,USA
Christopher Feldborg-Nielsen,702,702,42,.19,7.84,-1.83,1.20,SWE
Benedict Parker,704,704,40,.19,7.45,-2.74,,ENG
Gareth Paddison,705,705,40,.19,7.42,-1.35,2.35,NZL
Kyongjun Moon,706,706,48,.19,8.90,-2.95,,KOR
Lukas Nemecz,706,706,40,.19,7.42,-1.88,,AUT
Masashi Hidaka,708,708,40,.19,7.42,-1.07,1.39,JPN
I J Jang,709,709,50,.19,9.27,-3.03,,KOR
Rak Cho,710,710,40,.18,7.39,-1.68,2.39,KOR
Jack Doherty,711,711,45,.18,8.28,-2.30,,SCO
Antoine Rozner,712,712,40,.18,7.31,-1.59,,FRA
Morten Orum Madsen,713,713,52,.18,9.50,-2.09,,DEN
Tae-woo KIM,714,714,40,.18,7.23,-2.64,,KOR
Anders Albertson,715,715,50,.18,9.01,-3.03,1.20,USA
,715,715,40,.18,7.21,-.03,7.24,RSA
Jeffrey Kang,717,717,40,.18,7.20,,7.20,USA
Francesco Laporta,718,718,50,.18,8.99,-2.42,3.02,ITA
Shun Yat Hak,719,719,40,.18,7.14,-.96,4.34,HKG
Benjamin Rusch,720,720,45,.18,8.03,-.66,5.28,SUI
Brett Stegmaier,721,721,52,.18,9.28,-4.82,1.35,USA
David McKenzie,722,722,40,.18,7.13,-2.24,,AUS
Jacobus Prinsloo,723,723,49,.18,8.73,-2.80,,RSA
Wen-Tang Lin,724,724,40,.18,7.12,-3.67,,TPE
Jeonghyeob Hyun,725,725,40,.18,7.11,-1.82,,KOR
Soomin Lee,725,725,52,.18,9.23,-9.51,2.62,KOR
Nicholas Thompson,727,727,42,.18,7.42,-2.23,,USA
Dodge Kemmer,728,728,40,.18,7.05,-2.27,,USA
José Toledo,729,729,40,.18,7.04,-1.74,,GUA
Stuart Appleby,730,730,50,.18,8.76,-4.72,,AUS
Wallie Coetsee,731,731,46,.17,8.04,-1.47,4.59,RSA
Malcolm Kokocinski,732,732,40,.17,6.99,-1.64,3.60,SWE
Philipp Mejow,732,732,40,.17,6.99,-.86,3.76,GER
Jonathan Caldwell,734,734,40,.17,6.99,-2.31,,NIR
Jon Curran,734,734,43,.17,7.51,-10.87,,USA
Samuel Del Val,736,736,52,.17,9.05,-2.77,3.11,ESP
Kristian Johannessen,737,737,42,.17,7.30,-.98,6.40,NOR
Huilin Zhang,738,738,40,.17,6.91,-2.50,1.23,CHN
Anders Hansen,739,739,40,.17,6.90,-2.55,,DEN
Ludwig Nordeklint,739,739,40,.17,6.90,-1.17,2.40,SWE
Seong-Yong Kim,741,741,40,.17,6.88,-1.87,,KOR
Magnus Carlsson,742,742,46,.17,7.91,-4.70,,SWE
Jamie Elson,742,742,40,.17,6.87,-1.48,,ENG
Tyler McCumber,742,742,40,.17,6.88,-2.37,3.16,USA
Aron Price,742,742,40,.17,6.88,-2.17,2.10,AUS
Tommy Cocha,746,746,40,.17,6.87,-1.05,1.20,ARG
Daniel Jennevret,747,747,40,.17,6.83,-1.50,,SWE
Mark Hubbard,748,748,52,.17,8.84,-3.60,3.78,USA
John Peterson,749,749,40,.17,6.77,-2.06,1.24,USA
Daijiro Izumida,750,750,40,.17,6.74,-1.44,,JPN
Yosuke Tsukada,751,751,52,.17,8.69,-4.82,,JPN
Lee Chang-woo,752,752,41,.17,6.84,-4.44,,KOR
Kristoffer Broberg,753,753,40,.17,6.66,-1.72,2.06,SWE
Ricardo Santos,754,754,44,.17,7.33,-2.30,,POR
Colin Featherstone,755,755,40,.17,6.66,-.82,2.10,USA
Jun-won Park,756,756,52,.17,8.65,-5.70,1.21,KOR
T.J. Vogel,756,756,40,.17,6.65,-1.03,3.45,USA
Nelson Ledesma,758,758,40,.17,6.64,-1.37,1.75,ARG
Wang Wei Lun,758,758,40,.17,6.64,-1.92,,
Thaworn Wiratchant,760,760,40,.17,6.63,-1.66,,THA
Shunsuke Sonoda,761,761,51,.17,8.46,-5.26,,JPN
Davis Love III,762,762,40,.17,6.62,-2.19,,USA
Sebastien Gros,763,763,52,.17,8.60,-1.70,7.07,FRA
Eduardo De La Riva,764,764,44,.17,7.27,-3.92,,ESP
Scott Harrington,765,765,49,.16,8.08,-2.67,,USA
Max Kramer,766,766,40,.16,6.58,-1.72,4.00,GER
Dominic Foos,767,767,40,.16,6.56,-2.58,,GER
Steve Webster,768,768,40,.16,6.54,-2.19,,ENG
Curtis Yonke,769,769,40,.16,6.53,-.98,2.68,USA
Bryce Molder,770,770,40,.16,6.49,-8.49,,USA
Marius Meyer,771,771,44,.16,7.10,-1.37,3.24,RSA
Yosuke Asaji,772,772,40,.16,6.42,-1.43,,JPN
Matthew Baldwin,773,773,52,.16,8.34,-1.22,3.12,ENG
Scott Henry,774,774,52,.16,8.32,-4.10,,SCO
Liam Johnston,774,774,40,.16,6.40,,6.40,SCO
Blake Snyder,776,776,40,.16,6.39,-1.38,,USA
Erik Barnes,777,777,46,.16,7.29,-1.22,5.39,USA
Michael Buttacavoli,778,778,40,.16,6.33,-1.48,,USA
Tyrone Ryan,778,778,40,.16,6.33,-.65,3.11,RSA
Connor Syme,780,780,40,.16,6.32,-.78,2.38,SCO
Julien Foret,781,781,40,.16,6.28,-1.49,1.20,FRA
Matt Ryan,781,781,40,.16,6.28,-.75,1.29,USA
Seth Reeves,783,783,43,.16,6.72,-1.57,1.62,USA
Pedro Figueiredo,784,784,40,.16,6.25,-1.84,,POR
Chapchai Nirat,785,785,52,.16,8.12,-2.72,2.24,THA
John Senden,786,786,40,.16,6.23,-7.43,,AUS
James Adams,787,787,40,.16,6.22,-1.30,,ENG
Jae-Min Hwang,788,788,40,.16,6.21,-1.82,,KOR
Jack Senior,789,789,46,.15,7.12,-2.73,,ENG
Jakraphan Premsirigorn,790,790,40,.15,6.19,-2.04,,THA
Danny Masrin,791,791,40,.15,6.14,-.36,5.68,USA
Michael Davan,792,792,40,.15,6.12,-.86,1.48,USA
Will MacKenzie,793,793,40,.15,6.12,-4.21,,USA
Jonas Kolbing,794,794,43,.15,6.57,-1.01,3.33,
Ugo Coussaud,795,795,40,.15,6.11,-1.52,,
Richard Green,796,796,42,.15,6.40,-3.10,,AUS
Lars Van Meijel,797,797,40,.15,6.09,-1.37,1.28,
Antonio Lascuna,798,798,40,.15,6.05,-2.35,,PHI
William Kropp,799,799,40,.15,6.03,-1.54,,USA
Cristobal Del Solar,800,800,40,.15,6.00,,6.00,CHI
Ben Polland,800,800,40,.15,6.00,,6.00,USA
Gerardo Ruiz,802,802,40,.15,5.98,-.76,2.16,MEX
Bill Lunde,803,803,40,.15,5.97,-2.30,,USA
Ruan de Smidt,804,804,49,.15,7.29,-3.80,,RSA
David Howell,805,805,42,.15,6.23,-3.46,1.21,ENG
Stanislav Matus,806,806,40,.15,5.93,-2.37,,CZE
Nick Marsh,807,807,40,.15,5.92,-1.67,,ENG
Anton Karlsson,808,808,40,.15,5.90,-2.49,1.62,SWE
Steve Lewton,809,809,43,.15,6.32,-1.19,,ENG
Ake Nilsson,810,810,46,.15,6.75,-1.91,,SWE
Casey O'Toole,811,811,40,.15,5.80,-2.06,1.32,USA
David Skinns,812,812,42,.14,6.07,-1.49,,ENG
Daniel Greene,813,813,40,.14,5.77,-1.46,2.52,RSA
Niklas Norgaard Moller,814,814,47,.14,6.77,-1.49,,DEN
Jake Roos,815,815,41,.14,5.90,-1.59,,RSA
,816,816,40,.14,5.75,-.26,2.56,AUS
S. Chikkarangappa,817,817,40,.14,5.75,-3.22,,IND
Brian Campbell,818,818,44,.14,6.31,-4.67,,USA
David Smail,819,819,40,.14,5.72,-.49,5.42,NZL
Victor Osterby,820,820,40,.14,5.71,-1.67,,DEN
Koichi Kitamura,821,821,40,.14,5.69,-1.21,,JPN
Doyeob Mun,822,822,40,.14,5.67,-2.21,,KOR
Woo-Hyun Kim,822,822,40,.14,5.67,-1.47,,
Reinier Saxton,824,824,45,.14,6.36,-1.68,2.70,NED
Brett Rankin,825,825,40,.14,5.64,-1.31,1.35,AUS
Matthew Cort,826,826,40,.14,5.64,-2.71,,ENG
Yoon Jung-ho,827,827,40,.14,5.62,-2.57,,KOR
Justin Lower,828,828,40,.14,5.60,,5.60,USA
Neil O'Briain,828,828,40,.14,5.60,,5.60,IRL
Max McCardle,830,830,40,.14,5.60,-2.55,2.10,AUS
Netipong Sritonginn,831,831,43,.14,5.98,-2.01,,THA
Niclas Fasth,832,832,42,.14,5.79,-2.08,,SWE
Martin Ovesen,833,833,49,.14,6.73,-2.57,,DEN
Jack Maguire,834,834,41,.14,5.62,-2.98,,USA
Ryan Yip,834,834,45,.14,6.17,-.81,4.70,CAN
Jimmy Gunn,836,836,52,.14,7.08,-3.34,,SCO
Wes Roach,837,837,48,.14,6.52,-2.69,1.39,USA
Jack Wilson,838,838,40,.13,5.38,-1.30,,AUS
Hinrich Arkenau,839,839,40,.13,5.38,-1.96,1.33,GER
Joey Garber,840,840,40,.13,5.37,-.39,5.06,USA
Braden Thornberry,841,841,40,.13,5.35,-1.34,,USA
Borja Virto Astudillo,842,842,47,.13,6.28,-2.58,,ESP
Moritz Lampert,843,843,51,.13,6.76,-2.16,3.60,GER
Poosit Supupramai,844,844,40,.13,5.28,-.72,,THA
Anton Wejshag,845,845,40,.13,5.28,-1.20,,SWE
Kodai Ichihara,846,846,50,.13,6.59,-3.59,1.22,JPN
Sejun Yoon,847,847,40,.13,5.26,-.78,3.92,USA
Chris Robb,848,848,40,.13,5.24,-.98,2.40,
Andrew Loupe,849,849,44,.13,5.74,-5.28,,USA
Alexandre Daydou,850,850,40,.13,5.21,-1.57,,FRA
,851,851,40,.13,5.20,-.18,3.00,CAN
Mukesh Kumar,852,852,40,.13,5.17,-2.28,,IND
Merrick Bremner,853,853,45,.13,5.81,-2.02,3.78,RSA
,854,854,40,.13,5.16,,5.16,NZL
Scott Strohmeyer,855,855,40,.13,5.15,-.77,,USA
Rory Hie,856,856,42,.13,5.39,-1.16,,INA
IlHwan Park,857,857,40,.13,5.13,-1.78,,KOR
Tjaart van der Walt,858,858,40,.13,5.13,-1.74,3.02,RSA
John O'Toole,859,859,46,.13,5.89,-2.76,,USA
Jin Park,859,859,50,.13,6.40,-2.16,1.20,KOR
Chinnarat Phadungsil,861,861,41,.13,5.23,-1.20,,THA
Kent Bulle,862,862,43,.13,5.48,-2.06,,USA
Zack Byrd,863,863,40,.13,5.08,-1.34,,USA
Ippei Koike,863,863,49,.13,6.22,-3.57,,JPN
Titch Moore,865,865,48,.13,6.09,-2.84,3.08,RSA
Sutijet Kooratanapis,866,866,42,.13,5.31,-3.30,,THA
,867,867,40,.13,5.05,-.62,1.47,SCO
Sebastian Cappelen,868,868,44,.13,5.54,-2.69,1.76,DEN
Daniel Chopra,869,869,41,.13,5.15,-1.12,,SWE
Mardan Mamat,869,869,41,.13,5.15,-1.39,1.41,SIN
Jimmy Beck,871,871,40,.13,5.00,-1.31,,USA
Bio Kim,871,871,40,.13,5.00,-1.53,,KOR
Colin Nel,873,873,48,.13,6.00,-.66,3.76,RSA
Christiaan Basson,874,874,49,.12,6.10,-1.96,1.96,RSA
Sepp Straka,875,875,41,.12,5.10,-1.31,,AUT
Javier Colomo,876,876,40,.12,4.97,-1.68,1.48,ESP
Harry Bateman,877,877,40,.12,4.96,-.67,1.89,NZL
Victor Riu,878,878,44,.12,5.45,-1.55,1.62,FRA
Marcus Both,879,879,40,.12,4.94,-.69,,AUS
Carlos Sainz Jr,880,880,40,.12,4.94,-.88,1.76,USA
Nitithorn Thippong,880,880,40,.12,4.94,,4.94,THA
Michele Cea,882,882,40,.12,4.89,-.21,4.00,
Guido Migliozzi,882,882,40,.12,4.89,-.98,,ITA
Matthew Guyatt,884,884,40,.12,4.87,-.79,,AUS
Ricardo Gonzalez,885,885,40,.12,4.87,-1.12,,ARG
Max Homa,886,886,44,.12,5.35,-2.87,3.58,USA
Brett Munson,887,887,47,.12,5.70,-2.31,,USA
A.J. McInerney,888,888,40,.12,4.83,-.89,,USA
Dicky Pride,889,889,40,.12,4.80,-1.00,1.22,USA
Julien Brun,890,890,40,.12,4.80,-1.07,1.28,FRA
Jonathan Agren,891,891,40,.12,4.78,-2.22,,SWE
Han Lee,892,892,44,.12,5.25,-1.72,,USA
Edgar Catherine,893,893,40,.12,4.76,-.98,,FRA
Taewoo Kim,893,893,40,.12,4.76,-2.12,1.62,KOR
Y.E. Yang,895,895,40,.12,4.74,-2.83,,KOR
James Sharp,896,896,40,.12,4.72,-1.17,,ENG
SorachutHansap Hansapiban,897,897,40,.12,4.71,-1.55,,THA
James Maw,897,897,40,.12,4.71,-1.85,,ENG
Miguel Angel Carballo,899,899,49,.12,5.76,-3.17,1.73,ARG
,900,900,40,.12,4.69,-1.24,,ISL
Dermot McElroy,901,901,40,.12,4.67,-1.14,,NIR
,902,902,40,.12,4.66,-1.00,,GER
Ross Kellett,902,902,47,.12,5.47,-2.10,,SCO
Marcel Schneider,902,902,49,.12,5.71,-1.63,,GER
Darren Beck,905,905,40,.12,4.66,-1.05,1.35,AUS
Andrew Marshall,905,905,40,.12,4.65,-1.71,,ENG
Jurrian Van der Vaart,905,905,43,.12,5.00,-2.47,1.20,NED
Wyndham Clark,908,908,40,.12,4.64,-.27,2.87,USA
Settee Prakongvech,909,909,40,.12,4.64,-.85,,THA
Honney Baisoya,910,910,40,.12,4.63,-1.14,,IND
Daniel Lokke,910,910,45,.12,5.21,-2.04,,DEN
Brandon Matthews,910,910,40,.12,4.63,-1.37,,USA
Shintaro Kobayashi,913,913,47,.12,5.41,-3.08,,JPN
David Dixon,914,914,40,.12,4.60,-1.72,,ENG
Sangmoon Bae,915,915,40,.11,4.60,,4.60,KOR
Todd Baek,915,915,40,.11,4.60,-1.40,,KOR
Junsung Kim,917,917,40,.11,4.59,-1.87,,KOR
Chieh-Po Lee,918,918,40,.11,4.57,-.77,2.10,TPE
Mark Blakefield,919,919,40,.11,4.57,-.98,,USA
Varut Chomchalam,919,919,40,.11,4.57,-.93,,THA
Dongha Lee,919,919,40,.11,4.57,-1.02,,KOR
John Oda,919,919,40,.11,4.56,-.56,,USA
Tyrone Ferreira,923,923,50,.11,5.65,-1.56,1.82,RSA
Scott Barr,924,924,40,.11,4.52,-1.76,,AUS
Stanislas Gautier,924,924,42,.11,4.75,-1.30,2.40,FRA
Oskar Arvidsson,926,926,40,.11,4.47,-1.81,,SWE
James Byrne,926,926,40,.11,4.47,-1.10,,SCO
Justin Hicks,928,928,40,.11,4.47,-2.63,,USA
Son Joon-eob,929,929,40,.11,4.46,-1.68,,KOR
Alvaro Velasco,930,930,40,.11,4.46,-2.35,,ESP
Christian Brand,931,931,40,.11,4.46,-1.06,,USA
Vince Covello,932,932,40,.11,4.45,-.99,,USA
Brad Gehl,933,933,40,.11,4.43,-.63,,USA
Sebi Garcia,934,934,40,.11,4.43,-1.02,,ESP
Tom Whitney,935,935,40,.11,4.42,-1.75,,USA
Mark Williams,936,936,47,.11,5.17,-2.20,1.76,ZIM
Cameron Champ,937,937,40,.11,4.39,-.69,1.61,USA
Tyson Alexander,938,938,40,.11,4.38,-.53,1.20,USA
Takashi Iwamoto,938,938,43,.11,4.71,-2.85,,JPN
Martin Dive,940,940,40,.11,4.34,-1.45,,
Christopher Korbler,941,941,40,.11,4.34,-.84,,AUT
Michael Wright,941,941,40,.11,4.34,-1.39,1.20,AUS
,943,943,40,.11,4.31,-.65,2.40,GER
Marcelo Rozo,944,944,40,.11,4.30,-.11,3.00,COL
Oscar Zetterwall,945,945,42,.11,4.50,-3.02,1.20,SWE
Paul Barjon,946,946,40,.11,4.28,-1.99,,FRA
R Nachimuthu,947,947,40,.11,4.27,-1.09,,MAS
Dylan Boshart,948,948,41,.11,4.36,-1.26,,
Ross McGowan,948,948,40,.11,4.26,-1.73,1.20,ENG
Michael Putnam,950,950,40,.11,4.24,-1.06,,USA
Maxime Radureau,951,951,40,.11,4.24,-1.17,,FRA
Mathinus Viljoen,952,952,43,.11,4.53,-1.12,,RSA
,953,953,40,.10,4.17,-.98,,FRA
Quincy Quek,954,954,40,.10,4.17,-1.02,2.70,SIN
Thomas Elissalde,955,955,40,.10,4.16,-1.74,,
Josh Younger,956,956,40,.10,4.10,-.57,2.35,AUS
Darius Van Driel,957,957,47,.10,4.80,-3.10,,NED
Chris Swanepoel,958,958,49,.10,5.00,-2.41,,RSA
Andreas Halvorsen,959,959,40,.10,4.08,-.64,,NOR
Jack Munro,959,959,40,.10,4.08,-.51,1.49,AUS
Sean Einhaus,961,961,40,.10,4.05,-.61,1.28,GER
Robin Roussel,961,961,40,.10,4.05,-1.00,,FRA
Byung-Jun Kim,963,963,40,.10,4.04,-1.58,,KOR
Robert Allenby,964,964,43,.10,4.33,-1.63,,AUS
Romain Bechu,965,965,40,.10,4.00,,4.00,FRA
Julien De Poyen,965,965,40,.10,4.00,,4.00,FRA
Michael Hirmer,965,965,40,.10,4.00,,4.00,GER
Jeremy Paul,965,965,40,.10,4.00,,4.00,GER
Jack Singh Brar,965,965,40,.10,4.00,,4.00,ENG
Pawin Ingkhapradit,970,970,40,.10,3.98,-.45,,THA
Anthony Renard,971,971,40,.10,3.96,-.90,,FRA
Ben Kohles,972,972,48,.10,4.73,-1.43,,USA
Jhared Hack,973,973,40,.10,3.94,-1.14,,USA
Max Laier,973,973,40,.10,3.94,-1.21,,GER
Han Min-kyu,973,973,40,.10,3.94,-1.73,,KOR
Niall Kearney,976,976,40,.10,3.93,-.77,,IRL
Manuel Trappel,977,977,40,.10,3.90,-2.16,,AUT
Chris Crabtree,978,978,40,.10,3.90,-.42,,
Jeff Gove,978,978,40,.10,3.90,-1.50,,USA
Blake Windred,978,978,40,.10,3.90,-.42,,AUS
Chris Thompson,981,981,40,.10,3.88,-.59,2.21,USA
Nicolai Tinning,982,982,40,.10,3.88,-1.39,,DEN
Akio Sadakata,983,983,40,.10,3.88,-1.18,,JPN
Armando Favela,984,984,40,.10,3.86,-1.14,,MEX
Bo Hoag,985,985,40,.10,3.85,-.37,2.38,USA
Taichi Nabetani,985,985,40,.10,3.85,-.75,,
Richard Johnson,987,987,40,.10,3.83,-1.26,,SWE
Koki Furuta,988,988,40,.10,3.82,-.47,2.00,JPN
Kieran Muir,989,989,40,.10,3.81,-.39,1.20,NZL
Federico MacCario,990,990,40,.10,3.80,-2.14,,ITA
Ken Looper,991,991,40,.09,3.78,-.99,,USA
Neil Raymond,992,992,40,.09,3.77,-.88,,ENG
Jesper Billing,993,993,40,.09,3.77,-.77,,SWE
Matthew Giles,993,993,40,.09,3.77,-1.89,,AUS
Antti Ahokas,995,995,40,.09,3.74,-.91,,FIN
Azuma Yano,996,996,40,.09,3.73,-3.39,,JPN
Kyle Jones,997,997,40,.09,3.71,,3.71,USA
Colt Knost,998,998,40,.09,3.69,-9.52,,USA