name,rank,ch,age,country,points,win/lose,lose,tournament,prev_tourn,next_pts,max_pts
Rafael Nadal,1,CH,32,ESP1,8770,-,-,Barcelona R32,Monte Carlo W,-,-
Roger Federer,2,1,37,SUI1,8670,-,-,-,-,-,-
Alexander Zverev,3,CH,21,GER1,5195,1,270,-,Lost in Monte Carlo SF,-,-
Marin Čilić,4,3,30,CRO1,4985,-1,-,-,Lost in Monte Carlo QF,-,-
Grigor Dimitrov,5,3,27,BUL1,4950,-,315,Barcelona R32,Lost in Monte Carlo SF,-,-
Juan Martín del Potro,6,4,30,ARG1,4470,-,-,-,-,-,-
Dominic Thiem,7,4,25,AUT1,3755,-,90,Barcelona R32,Lost in Monte Carlo QF,-,-
Kevin Anderson,8,CH,32,RSA1,3390,-,-,-,-,-,-
John Isner,9,CH,33,USA1,3125,-,-,-,-,-,-
David Goffin,10,7,27,BEL1,2930,-,-180,Barcelona R32,Lost in Monte Carlo QF,-,-
Pablo Carreño Busta,11,10,27,ESP2,2305,1,-90,Barcelona R32,-,-,-
Novak Djokovic,12,1,31,SRB1,2220,1,-90,Barcelona R32,Lost in Monte Carlo R16,-,-
Sam Querrey,13,11,31,USA2,2220,1,-,-,-,-,-
Lucas Pouille,14,10,24,FRA1,2200,-3,-210,Budapest R16,Lost in Monte Carlo R32,-,-
Roberto Bautista Agut,15,13,30,ESP3,2175,1,-,Barcelona R32,Lost in Monte Carlo R16,-,-
Jack Sock,16,8,26,USA3,2155,1,-,-,-,-,-
Diego Schwartzman,17,15,26,ARG2,2130,-2,-90,Barcelona R32,Lost in Monte Carlo R32,-,-
Tomáš Berdych,18,4,33,CZE1,2060,-,-80,-,Lost in Monte Carlo R64,-,-
Hyeon Chung,19,CH,22,KOR1,1897,-,-,Barcelona R32,-,-,-
Fabio Fognini,20,13,31,ITA1,1840,-,-,-,Lost in Monte Carlo R32,-,-
Milos Raonic,21,3,27,CAN1,1835,1,70,-,Lost in Monte Carlo R16(R64  ),-,-
Kei Nishikori,22,4,28,JPN1,1835,14,555,Barcelona R32,Lost in Monte Carlo F,-,-
Kyle Edmund,23,CH,23.2,GBR1,1732,-,-25,-,Lost in Monte Carlo R64,-,-
Nick Kyrgios,24,13,22.9,AUS1,1720,1,-,-,-,-,-
Stan Wawrinka,25,3,33,SUI2,1695,-4,-90,-,-,-,-
Filip Krajinović,26,NCH    (27),26.1,SRB2,1616,1,-,-,-,-,-
Adrian Mannarino,27,22,29.8,FRA2,1585,-1,-70,Barcelona R32,Lost in Monte Carlo R64,-,-
Gilles Müller,28,21,34.9,LUX1,1465,-,-,-,Lost in Monte Carlo R32,-,-
Richard Gasquet,29,7,31.8,FRA3,1430,5,90,Budapest R16,Lost in Monte Carlo QF,-,-
Feliciano López,30,12,36.5,ESP4,1420,-,-,Barcelona R32,Lost in Monte Carlo R32,-,-
Andrey Rublev,31,CH,20.5,RUS1,1417,2,39,Barcelona R32,Lost in Monte Carlo R32,-,-
Damir Džumhur,32,29,25.9,BIH1,1415,-1,-,Budapest R16,Lost in Monte Carlo R64,-,-
David Ferrer,33,3,36,ESP5,1405,-1,-,-,-,-,-
Andy Murray,34,1,30.9,GBR2,1360,-5,-90,-,-,-,-
Philipp Kohlschreiber,35,16,34.5,GER2,1320,5,90,-,Lost in Monte Carlo R16,-,-
Fernando Verdasco,36,7,34.4,ESP6,1305,1,25,Barcelona R32,Lost in Monte Carlo R32,-,-
Karen Khachanov,37,29,21.9,RUS2,1300,1,45,Barcelona R32,Lost in Monte Carlo R16,-,-
Borna Ćorić,38,28,21.4,CRO2,1296,1,45,-,Lost in Monte Carlo R32,-,-
Jo-Wilfried Tsonga,39,5,33,FRA4,1290,-4,-10,-,-,-,-
Albert Ramos Viñolas,40,17,30.2,ESP7,1190,-16,-555,Barcelona R32,Lost in Monte Carlo R32(R64  ),-,-
Gaël Monfils,41,6,31.6,FRA5,1175,1,-,-,-,-,-
Yūichi Sugita,42,36,29.5,JPN2,1154,1,-6,Barcelona R64,Lost in Monte Carlo R64,-,-
Denis Shapovalov,43,NCH    (44),19,CAN2,1128,2,10,Budapest R16,Lost in Monte Carlo R64,-,-
Robin Haase,44,33,31,NED1,1120,-,-,-,Lost in Monte Carlo R64,-,-
Leonardo Mayer,45,21,30.9,ARG3,1073,1,-,Barcelona R64,-,-,-
Pablo Cuevas,46,19,32.3,URU1,1040,-5,-170,Barcelona R64,Lost in Monte Carlo R64,-,-
Benoît Paire,47,18,28.9,FRA6,1020,1,-,Barcelona R64,Lost in Monte Carlo R64,-,-
Daniil Medvedev,48,CH,22.1,RUS3,1019,1,35,-,Lost in Monte Carlo R32,-,-
Tennys Sandgren,49,47,26.7,USA4,993,-2,-40,Barcelona R64,Lost in Monte Carlo R64,-,-
Peter Gojowczyk,50,49,28.7,GER3,979,-,-,Barcelona R64,Lost in Monte Carlo R64,-,-
Jared Donaldson,51,48,21.5,USA5,977,-,-,Barcelona R64,Lost in Monte Carlo R64,-,-
Mischa Zverev,52,25,30.6,GER4,977,3,45,Barcelona R64,Lost in Monte Carlo R16(R32  ),-,-
Steve Johnson,53,21,28.3,USA6,975,-1,-,-,-,-,-
Alexandr Dolgopolov,54,13,29.4,UKR1,966,-1,-,-,-,-,-
Andreas Seppi,55,18,34.1,ITA2,951,7,100,Budapest R32,Qual. Monte Carlo WLost in Monte Carlo R16,-,-
Ryan Harrison,56,40,25.9,USA7,945,-2,-,-,-,-,-
Aljaž Bedene,57,43,28.7,SLO1,922,1,45,Budapest R32,Lost in Monte Carlo R32,-,-
Julien Benneteau,58,25,36.3,FRA7,901,-1,10,-,Lost in Monte Carlo R64,-,-
Márton Fucsovics,59,CH,26.2,HUN1,864,-,-,Budapest R32,Lost in Monte Carlo R64,-,-
Guido Pella,60,39,27.9,ARG4,858,-,-,Barcelona R64,Lost in Monte Carlo R64,-,-
Jan Lennard Struff,61,44,27.9,GER5,830,-,-25,Budapest R32,Lost in Monte Carlo R16,-,-
Frances Tiafoe,62,56,20.2,USA8,823,-6,-90,-,-,-,-
Stefanos Tsitsipas,63,NCH    (69),19.6,GRE1,822,8,55,Barcelona R64,Qual. Monte Carlo WLost in Monte Carlo R32(R64  ),-,-
Nicolas Jarry,64,61,22.5,CHI1,822,1,-,Barcelona R64,-,-,-
Taylor Fritz,65,53,20.4,USA9,819,1,-,-,-,-,-
Paolo Lorenzi,66,33,36.3,ITA3,815,-3,-35,Budapest R32,Lost in Monte Carlo R64,-,-
João Sousa,67,28,29,POR1,805,-3,-25,Barcelona R64,-,-,-
Horacio Zeballos,68,39,32.9,ARG5,798,-1,-,-,-,-,-
Guillermo García López,69,23,34.8,ESP8,789,-1,-9,Barcelona R64,Lost in Qual. Monte Carlo R2Lost in Monte Carlo R32,-,-
Gilles Simon,70,6,33.3,FRA8,780,-1,-,Barcelona R64,Lost in Monte Carlo R32,-,-
Viktor Troicki,71,12,32.1,SRB3,775,-1,-,Budapest R32,Lost in Qual. Monte Carlo R1,-,-
Florian Mayer,72,18,34.5,GER6,745,2,16,-,Lost in Qual. Monte Carlo R2Lost in Monte Carlo R64,-,-
Pierre Hugues Herbert,73,63,27,FRA9,734,9,44,-,Qual. Monte Carlo WLost in Monte Carlo R32,-,-
Maximilian Marterer,74,70,22.8,GER7,731,-1,-,Budapest R32,Lost in Qual. Monte Carlo R1,-,-
Ivo Karlović,75,14,39.1,CRO3,715,1,-,Barcelona R64,-,-,-
Federico Delbonis,76,33,27.5,ARG6,710,3,-,Barcelona R64,Lost in Qual. Monte Carlo R1,-,-
Roberto Carballés Baena,77,72,25,ESP9,710,-2,-8,Barcelona R64,Lost in Qual. Monte Carlo R1,-,-
Jiří Veselý,78,35,24.7,CZE2,708,-6,-37,-,-,-,-
Nikoloz Basilashvili,79,51,26.1,GEO1,707,1,7,Budapest R32,Lost in Tunis QF,-,-
Marcos Baghdatis,80,8,32.8,CYP1,699,1,-,-,Lost in Qual. Budapest R1,-,-
Matthew Ebden,81,61,30.4,AUS2,694,-3,-19,-,-,-,-
Vasek Pospisil,82,25,27.8,CAN3,690,-5,-25,Anning R32,-,-,-
Yuki Bhambri,83,CH,25.8,IND1,688,-,-,-,-,-,-
Marius Copil,84,73,27.5,ROU1,680,2,-,Budapest R32,-,-,-
Jérémy Chardy,85,25,31.1,FRA10,675,-1,-10,-,Qual. Monte Carlo WLost in Monte Carlo R64,-,-
Evgeny Donskoy,86,65,27.9,RUS4,673,1,-,Anning R32,Lost in Nanchang QF,-,-
Denis Istomin,87,33,31.6,UZB1,673,1,-,Budapest R32,Lost in Qual. Monte Carlo R1,-,-
Malek Jaziri,88,47,34.2,TUN1,673,-3,-10,Barcelona R64,Lost in Tunis R32,-,-
Mirza Bašić,89,74,26.7,BIH2,669,3,26,Budapest R32,Lost in Qual. Monte Carlo R2Lost in Monte Carlo R64,-,-
Ričardas Berankis,90,50,27.8,LTU1,668,-1,-,-,-,-,-
Dušan Lajović,91,57,27.8,SRB4,664,2,25,Barcelona R64,Qual. Monte Carlo WLost in Monte Carlo R64,-,-
Marco Cecchinato,92,82,25.5,ITA4,664,8,58,Budapest R32,Qual. Monte Carlo WLost in Monte Carlo R32Lost in Qual. Budapest R2,-,-
Nicolás Kicker,93,78,25.6,ARG7,650,-3,-,-,-,-,-
John Millman,94,60,28.8,AUS3,645,-3,-,Budapest R32,-,-,-
Mikhail Kukushkin,95,46,30.3,KAZ1,634,-,-,Barcelona R64,Lost in Qual. Monte Carlo R1,-,-
Dudi Sela,96,29,33,ISR1,629,-2,-9,-,-,-,-
Radu Albot,97,81,28.4,MDA1,626,-1,-,Budapest R32,Lost in Tunis R32,-,-
Jordan Thompson,98,63,24,AUS4,622,1,11,Anning R32,Lost in Nanchang SF,-,-
Thomas Fabbiano,99,70,28.9,ITA5,611,4,25,Budapest R32,Lost in Tunis SF,-,-
Mikhail Youzhny,100,8,35.8,RUS5,610,-3,-6,Budapest R32,-,-,-
Cedrik Marcel Stebe,101,71,27.5,GER8,596,-,-,-,-,-,-
Laslo Djere,102,85,22.8,SRB5,594,-,-,-,-,-,-
Cameron Norrie,103,CH,22.6,GBR3,581,1,-,-,-,-,-
Matteo Berrettini,104,95,22,ITA6,577,1,-,Budapest R32,Qual. Budapest W,-,-
Lukáš Lacko,105,44,30.4,SVK1,540,1,-,-,-,-,-
Bjorn Fratangelo,106,99,24.7,USA10,536,1,-,Barcelona R64,Qual. Barcelona W,-,-
Ruben Bemelmans,107,84,30.2,BEL2,523,1,-,Francavilla R32,-,-,-
Stefano Travaglia,108,NCH   (109),26.3,ITA7,515,1,-,Francavilla R32,Lost in Qual. Monte Carlo R1,-,-
Nicolas Mahut,109,37,36.2,FRA11,514,2,6,-,Lost in Qual. Monte Carlo R2,-,-
Quentin Halys,110,102,21.4,FRA12,514,8,45,Anning R32,Nanchang W,-,-
Gastão Elias,111,57,27.4,POR2,511,-1,-,-,Lost in Tunis R16,-,-
Yen Hsun Lu,112,33,34.6,TPE1,505,-14,-110,-,-,-,-
Taro Daniel,113,85,25.2,JPN3,501,-,-,-,Lost in Sarasota R32,-,-
Alex de Minaur,114,112,19.1,AUS5,497,-2,-8,-,Lost in Qual. Monte Carlo R1,-,-
Ramkumar Ramanathan,115,NCH   (116),23.4,IND2,495,1,6,Anning R32,Lost in Nanchang QF,-,-
Gerald Melzer,116,68,27.7,AUT2,490,-1,-,-,Lost in Qual. Budapest R1,-,-
Ilya Ivashka,117,NCH   (122),24.1,BLR1,485,5,27,Barcelona R64,Qual. Monte Carlo WLost in Monte Carlo R64Qual. Barcelona W,-,-
Pedro Sousa,118,102,29.9,POR3,484,1,17,-,Lost in Tunis QF,-,-
Calvin Hémery,119,NCH   (130),23.2,FRA13,474,11,45,Anning R32,Lost in Nanchang F,-,-
Denis Kudla,120,53,25.6,USA11,471,-3,-10,Tallahassee R32,-,-,-
Yannick Hanfmann,121,112,26.4,GER9,465,-1,-,-,-,-,-
Sergiy Stakhovsky,122,31,32.2,UKR2,463,-1,-,-,Lost in Qual. Monte Carlo R2Lost in Qual. Budapest R1,-,-
Tim Smyczek,123,68,30.3,USA12,450,-,-,-,Lost in Qual. Budapest R1,-,-
Peter Polansky,124,115,29.8,CAN4,448,-,-,Tallahassee R32,Lost in Sarasota R16,-,-
Rogério Dutra Silva,125,63,34.2,BRA1,442,-,-,Barcelona R64,Qual. Barcelona W,-,-
Thiago Monteiro,126,74,23.8,BRA2,438,-,-,-,Lost in Qual. Budapest R2,-,-
Guido Andreozzi,127,109,26.7,ARG8,436,34,90,-,Tunis W,-,-
Carlos Berlocq,128,37,35.2,ARG9,435,-14,-64,-,-,-,-
Marcel Granollers,129,19,32,ESP10,435,-,6,Barcelona R64,Lost in Qual. Monte Carlo R2,-,-
Donald Young,130,38,28.7,USA13,434,1,8,-,Lost in Sarasota R16,-,-
Blaž Kavčič,131,68,31.1,SLO2,433,-4,-,-,-,-,-
Elias Ymer,132,118,22,SWE1,418,1,-,-,Lost in Tunis R32Lost in Qual. Budapest R2,-,-
Jürgen Zopp,133,71,30,EST1,415,4,7,Budapest R32,Lost in Tunis R16Qual. Budapest W,-,-
Yannick Maden,134,128,28.4,GER10,415,-2,-11,Budapest R32,Lost in Qual. Budapest R2,-,-
Henri Laaksonen,135,93,26,SUI3,409,1,-,Tallahassee R32,Lost in Sarasota QF,-,-
Sebastian Ofner,136,129,21.9,AUT3,406,3,-,-,Lost in Tunis R32Lost in Qual. Budapest R1,-,-
Corentin Moutet,137,135,19,FRA14,401,11,17,Barcelona R64,Lost in Tunis QFQual. Barcelona W,-,-
Alexey Vatutin,138,NCH   (141),25.4,RUS6,400,3,-,Barcelona R64,Lost in Qual. Barcelona R2,-,-
Steve Darcis,139,38,34.1,BEL3,396,1,-10,-,-,-,-
Martin Kližan,140,24,28.7,SVK2,396,-12,-35,Barcelona R64,Qual. Barcelona W,-,-
Mackenzie McDonald,141,140,23,USA14,395,1,-,-,Lost in Sarasota R32,-,-
Marcelo Arévalo,142,NCH   (174),27.5,ESA1,393,39,80,Leon R32,Guadalajara W,-,-
Alexander Bublik,143,95,20.8,KAZ2,390,-,-,Budapest R32,-,-,-
Michael Mmoh,144,141,20.2,USA15,388,7,8,Tallahassee R32,Lost in Sarasota R16,-,-
Go Soeda,145,47,33.6,JPN4,388,-7,-20,-,Lost in Nanchang R32,-,-
Jozef Kovalík,146,109,25.4,SVK3,387,6,8,-,Lost in Tunis R16Lost in Qual. Barcelona R2,-,-
Norbert Gombos,147,80,27.6,SVK4,385,-,-,-,-,-,-
Andrej Martin,148,98,28.5,SVK5,384,-3,-2,-,Lost in Qual. Monte Carlo R2Lost in Qual. Barcelona R1,-,-
Ernesto Escobedo,149,67,21.8,USA16,381,-,-,-,Lost in Qual. Barcelona R2,-,-
Thanasi Kokkinakis,150,69,22,AUS6,380,-,-,-,Lost in Monte Carlo R64,-,-
Adrián Menéndez-Maceiras,151,111,32.4,ESP11,380,5,6,Leon R32,Lost in Guadalajara R16,-,-
Andrey Kuznetsov,152,39,27.1,RUS7,376,-17,-35,-,-,-,-
Pablo Andújar,153,32,32.2,ESP12,376,1,-,-,Lost in Qual. Barcelona R2,-,-
Jason Jung,154,143,28.8,TPE2,376,1,-,-,-,-,-
Simone Bolelli,155,36,32.5,ITA8,373,-11,-16,-,-,-,-
Mats Moraing,156,155,25.8,GER11,364,2,9,Leon R32,Lost in Guadalajara QF,-,-
Liam Broady,157,154,24.2,GBR4,359,-,-,Francavilla R32,Lost in Tunis R32,-,-
Oscar Otte,158,129,24.7,GER12,358,-24,-60,-,-,-,-
Lorenzo Sonego,159,157,22.9,ITA9,352,-,-,Budapest R32,Lost in Qual. Monte Carlo R1Qual. Budapest W,-,-
Dustin Brown,160,64,33.3,GER13,343,2,-,-,Lost in Qual. Barcelona R2,-,-
Tommy Paul,161,149,20.9,USA17,342,2,-,-,-,-,-
Alessandro Giannessi,162,84,27.8,ITA10,341,2,-,-,Lost in Qual. Barcelona R1,-,-
Attila Balázs,163,153,29.5,HUN2,337,21,27,Budapest R32,Porto W,-,-
Matthias Bachinger,164,85,31,GER14,336,-4,-14,-,Lost in Qual. Barcelona R1,-,-
Bradley Klahn,165,63,27.6,USA18,335,-,-,-,-,-,-
Stefan Kozlov,166,115,20.2,USA19,334,4,9,-,Lost in Sarasota QF,-,-
Dennis Novikov,167,119,24.4,USA20,334,-,-,Leon R32,Lost in Guadalajara R32,-,-
Víctor Estrella Burgos,168,43,37.7,DOM1,330,3,6,Leon R32,Lost in Guadalajara R16,-,-
Stéphane Robert,169,50,37.9,FRA15,330,-,-,-,-,-,-
Blaž Rola,170,78,27.5,SLO3,330,-4,-5,Tallahassee R32,Lost in Sarasota R16,-,-
Darian King,171,106,25.9,BAR1,329,8,15,Leon R32,Lost in Guadalajara QF,-,-
Hugo Dellien,172,NCH   (229),24.8,BOL1,327,59,90,Tallahassee R32,Sarasota W,-,-
Kevin King,173,171,27.1,USA21,322,-1,-,-,Lost in Guadalajara R32,-,-
Jaume Munar,174,173,20.9,ESP13,322,-1,-,Barcelona R64,-,-,-
Alex Bolt,175,160,25.2,AUS7,322,2,6,Anning R32,Lost in Nanchang R16,-,-
Tatsuma Ito,176,60,29.9,JPN5,321,-30,-65,-,Lost in Nanchang R32,-,-
Kenny de Schepper,177,62,30.8,FRA16,321,-3,-,-,Lost in Qual. Barcelona R1,-,-
Filip Peliwo,178,169,24.2,CAN5,318,2,4,Leon R32,Lost in Guadalajara R16,-,-
Jason Kubler,179,136,24.9,AUS8,316,-3,-,-,-,-,-
Jerzy Janowicz,180,14,27.4,POL1,315,-2,-,-,-,-,-
Viktor Galović,181,179,27.5,CRO4,310,2,-,-,-,-,-
Hubert Hurkacz,182,171,21.1,POL2,309,3,-,Budapest R32,Qual. Budapest W,-,-
Stefano Napolitano,183,152,23,ITA11,308,4,-,-,Lost in Tunis R32Lost in Qual. Budapest R1,-,-
Carlos Taberner,184,175,20.7,ESP14,307,6,-,-,Lost in Tunis R32,-,-
Evan King,185,NCH   (188),26,USA22,305,7,2,Tallahassee R32,Lost in Sarasota R16,-,-
Félix Auger-Aliassime,186,153,17.7,CAN6,304,-11,-13,-,Lost in Monte Carlo R64,-,-
Gleb Sakharov,187,153,29.8,FRA17,304,1,-4,-,-,-,-
Marco Trungelliti,188,126,28.2,ARG10,303,3,-,-,Lost in Cascais QF,-,-
Ernests Gulbis,189,10,29.6,LAT1,302,4,-,-,Lost in Qual. Tunis R3,-,-
João Domingues,190,166,24.5,POR4,302,15,23,Francavilla R32,Lost in Tunis SF,-,-
Bernard Tomic,191,17,25.5,AUS9,301,-9,-10,-,-,-,-
Reilly Opelka,192,125,20.6,USA23,301,19,33,-,Lost in Sarasota SF,-,-
Akira Santillan,193,144,20.9,AUS10,299,-25,-32,Tallahassee R32,Lost in Sarasota R16,-,-
Facundo Bagnis,194,55,28.1,ARG11,296,29,49,Tallahassee R32,Lost in Sarasota F,-,-
Dennis Novak,195,194,24.6,AUT4,294,-1,-,-,Lost in Tunis R32,-,-
Salvatore Caruso,196,156,25.3,ITA12,294,-1,-,Francavilla R32,-,-,-
Nicola Kuhn,197,196,18,ESP15,292,-1,-,-,-,-,-
Benjamin Bonzi,198,176,21.8,FRA18,288,5,8,-,Lost in Tunis R16Lost in Qual. Barcelona R1,-,-
Brayden Schnur,199,183,22.8,CAN7,288,-,2,Leon R32,Lost in Guadalajara SF,-,-
Egor Gerasimov,200,121,25.4,BLR2,287,4,8,-,Lost in Tunis R16Lost in Qual. Barcelona R1,-,-
Miomir Kecmanović,201,176,18.6,SRB6,287,-4,-5,Tallahassee R32,Lost in Sarasota R32,-,-
Juan Ignacio Lóndero,202,186,24.6,ARG12,286,16,31,Tallahassee R32,Lost in Sarasota SF,-,-
Nikola Milojević,203,143,22.8,SRB7,284,-5,-8,-,Lost in Tunis R32,-,-
Enrique López-Pérez,204,162,26.8,ESP16,283,-4,-,Tallahassee R32,-,-,-
Casper Ruud,205,108,19.3,NOR1,281,-4,-,Francavilla R32,Lost in Tunis R32,-,-
Marc Polmans,206,175,20.9,AUS11,280,3,8,Tallahassee R32,Lost in Sarasota R16,-,-
Ricardo Ojeda Lara,207,171,25.2,ESP17,279,-1,-,Barcelona R64,Qual. Barcelona W,-,-
Janko Tipsarević,208,8,33.8,SRB8,276,-55,-100,-,-,-,-
Constant Lestienne,209,164,25.9,FRA19,273,-2,-,-,-,-,-
Renzo Olivo,210,78,26.1,ARG13,272,-21,-35,Francavilla R32,-,-,-
Tommy Robredo,211,5,35.9,ESP18,271,-9,-10,Barcelona R64,Lost in Qual. Monte Carlo R1,-,-
Gonçalo Oliveira,212,194,23.1,POR5,268,-,-,Francavilla R32,Lost in Tunis R32,-,-
Tobias Kamke,213,64,31.9,GER15,265,-,-,-,Lost in Tunis R32,-,-
Nicolás Almagro,214,9,32.6,ESP19,263,-28,-45,-,-,-,-
Soonwoo Kwon,215,168,20.3,KOR2,263,-7,-9,Anning R32,Lost in Nanchang R32,-,-
Peđa Krstin,216,159,23.6,SRB9,263,16,29,Leon R32,Lost in Guadalajara SF,-,-
Duck-hee Lee,217,130,19.8,KOR3,262,-3,-,Anning R32,Lost in Nanchang R32,-,-
Adam Pavlásek,218,72,23.5,CZE3,260,-8,-8,-,-,-,-
Sumit Nagal,219,213,20.6,IND3,260,-4,-,Francavilla R32,-,-,-
Christian Garín,220,187,21.8,CHI2,256,-4,-,Tallahassee R32,Lost in Sarasota R32,-,-
Uladzimir Ignatik,221,129,27.7,BLR3,256,-4,-,-,Lost in Qual. Barcelona R1,-,-
Thomaz Bellucci,222,21,30.3,BRA3,252,2,8,Tallahassee R32,Lost in Sarasota R16,-,-
Mitchell Krueger,223,169,24.2,USA24,252,-4,-,Tallahassee R32,Lost in Sarasota R32,-,-
Aleksandr Nedovyesov,224,72,31.1,KAZ3,250,18,29,Anning R32,Lost in Nanchang SF,-,-
Daniel Gimeno Traver,225,48,32.7,ESP20,249,47,60,Francavilla R32,Qual. Tunis WLost in Tunis F,-,-
Pedro Martínez,226,217,20.9,ESP21,249,-5,-,Barcelona R64,Lost in Qual. Tunis R2,-,-
Jay Clarke,227,219,19.7,GBR5,247,9,16,Tallahassee R32,Qual. Sarasota WLost in Sarasota QF,-,-
John Patrick Smith,228,108,29.2,AUS12,243,10,15,Leon R32,Lost in Guadalajara QF,-,-
Mohamed Safwat,229,187,27.5,EGY1,243,-3,-,Anning R32,Lost in Nanchang R32,-,-
Yasutaka Uchiyama,230,162,25.7,JPN6,242,-2,-,-,-,-,-
Kamil Majchrzak,231,197,22.2,POL3,242,-2,-,Anning R32,Lost in Nanchang R32,-,-
Zdeněk Kolář,232,218,21.5,CZE4,242,-7,-2,Francavilla R32,-,-,-
Dominik Köpfer,233,225,23.9,GER16,241,-3,-,Tallahassee R32,Lost in Sarasota R32,-,-
Andrea Arnaboldi,234,153,30.3,ITA13,241,-12,-8,Tallahassee R32,Lost in Sarasota R32,-,-
Guilherme Clezar,235,153,25.3,BRA4,239,6,17,Tallahassee R32,Lost in Sarasota QF,-,-
Jan Choinski,236,234,21.8,GER17,233,-2,-,Tallahassee R32,Lost in Qual. Sarasota R3Lost in Sarasota R32,-,-
Tallon Griekspoor,237,218,21.8,NED2,232,2,8,Francavilla R32,Lost in Santa Margherita 6 SF,-,-
Christian Harrison,238,217,23.8,USA25,231,-3,-,Tallahassee R32,Lost in Sarasota R32,-,-
Daniel Elahi Galán,239,233,21.8,COL1,228,-6,-5,Leon R32,Lost in Guadalajara R32,-,-
Andrea Collarini,240,186,26.2,ARG14,228,-3,-2,Francavilla R32,Lost in Santa Margherita 6 SFLost in Santa Margherita 7 F,-,-
Aldin Šetkić,241,165,30.3,BIH3,225,-14,-18,Leon R32,Lost in Guadalajara R32,-,-
Lloyd Harris,242,199,21.1,RSA2,223,-2,-,Anning R32,Lost in Nanchang R32,-,-
Antoine Hoang,243,237,22.4,FRA20,220,-,-,Qual. Francavilla R3,Lost in Qual. Tunis R1,-,-
Lorenzo Giustino,244,165,26.6,ITA14,220,23,27,-,Santa Margherita 6 WLost in Madrid R16Lost in Qual. Barcelona R1,-,-
Vincent Millot,245,135,32.2,FRA21,218,-25,-33,Angers R32,-,-,-
Christopher Eubanks,246,NCH   (284),21.9,USA26,218,44,48,-,Lost in Guadalajara F,-,-
Danilo Petrović,247,242,26.2,SRB10,216,-1,9,Leon R32,Lost in Guadalajara QF,-,-
Nino Serdarušić,248,NCH   (256),21.3,CRO5,216,8,15,Francavilla R32,Antalya 14 WAntalya 15 W,-,-
Cem İlkel,249,228,22.6,TUR1,215,-5,-,Anning R32,Lost in Nanchang R32,-,-
Tsung Hua Yang,250,164,27,TPE3,207,4,5,Anning R32,Lost in Nanchang R16,-,-
Václav Šafránek,251,191,23.9,CZE5,205,6,6,Anning R32,Lost in Nanchang R16,-,-
Noah Rubin,252,161,22.1,USA27,205,-5,-,Tallahassee R32,Lost in Orange Park F,-,-
Zhang Ze,253,148,27.8,CHN1,205,-5,-,Anning R32,Lost in Nanchang R32,-,-
Matteo Donati,254,159,23.1,ITA15,204,-4,-,Francavilla R32,-,-,-
Laurynas Grigelis,255,183,26.6,LTU2,203,-4,-,-,Lost in Nanchang R32,-,-
Illya Marchenko,256,49,30.6,UKR3,202,-4,-,-,-,-,-
Alexander Sarkissian,257,157,28,USA28,202,5,6,Leon R32,Lost in Guadalajara R16,-,-
Lukáš Rosol,258,26,32.7,CZE6,199,26,22,Francavilla R32,Qual. Tunis WLost in Tunis QF,-,-
Julien Cagnina,259,239,23.8,BEL4,199,-1,-,-,-,-,-
Prajnesh Gunneswaran,260,213,28.4,IND4,199,6,6,Anning R32,Lost in Nanchang QF,-,-
Jose Hernandez Fernandez,261,179,28.1,DOM2,199,2,3,Leon R32,Lost in Guadalajara R16,-,-
Tomislav Brkić,262,212,28.1,BIH4,198,-2,1,Francavilla R32,Lost in Santa Margherita 6 QFLost in Santa Margherita 7 SF,-,-
João Monteiro,263,237,24.3,POR6,196,-2,-,-,Lost in Porto R32Lost in Cascais QF,-,-
Dmitry Popko,264,178,21.4,KAZ4,196,-5,-1,-,Lost in Santa Margherita 6 R16Lost in Santa Margherita 7 R32,-,-
Ivan Nedelko,265,244,31.9,RUS8,196,-1,-,-,Lost in Antalya 15 R16Lost in Qual. Barcelona R1,-,-
David Guez,266,116,35.3,FRA22,192,2,-,-,Lost in La Grande Motte R32,-,-
Matteo Viola,267,118,30.7,ITA16,192,3,-,Qual. Francavilla R3,-,-,-
Max Purcell,268,246,20,AUS13,191,-13,-10,Tallahassee R32,Lost in Qual. Sarasota R3Qual. Tallahassee W,-,-
Scott Griekspoor,269,NCH   (271),27.2,NED3,190,2,-,-,Lost in Little Rock R32Lost in Qual. Guadalajara R3,-,-
Facundo Argüello,270,104,25.7,ARG15,189,-17,-13,-,Lost in Sarasota R32,-,-
Andrew Whittington,271,160,24.6,AUS14,188,2,-,Anning R32,Lost in Nanchang R32,-,-
Daniel Muñoz de la Nava,272,68,36.2,ESP22,188,2,-,-,Lost in Madrid R16,-,-
Maxime Janvier,273,228,21.5,FRA23,188,12,13,-,Lost in Porto R32Qual. Tunis WLost in Tunis R16,-,-
Carlos Boluda Purkiss,274,270,25.2,ESP23,187,1,-,Majadahonda R32,Lost in Madrid R32,-,-
Javier Martí,275,170,26.2,ESP24,187,-10,-6,Francavilla R32,Lost in Madrid SF,-,-
Martín Cuevas,276,271,26.2,URU2,187,-,-,-,Lost in Qual. Sarasota R3Lost in Qual. Tallahassee R2,-,-
Di Wu,277,140,26.6,CHN2,186,-28,-18,Anning R32,Lost in Nanchang R32,-,-
Yusuke Takahashi,278,238,20.5,JPN7,185,-1,-,-,-,-,-
Sergio Gutiérrez Ferrol,279,173,29.1,ESP25,185,-1,-,-,Lost in Qual. Tunis R1,-,-
Roberto Quiroz,280,220,26.1,ECU1,180,-,-,Qual. Leon R3,Lost in Guadalajara R32,-,-
Grégoire Barrère,281,187,24.1,FRA24,180,-,-,Angers R32,Lost in Porto R16Lost in Cascais QF,-,-
Ante Pavić,282,132,29.1,CRO6,179,6,6,Leon R32,Lost in Guadalajara R16,-,-
Mathias Bourgue,283,140,24.2,FRA25,178,-38,-35,Francavilla R32,Lost in Qual. Tunis R1,-,-
Bernabe Zapata Miralles,284,264,21.2,ESP26,178,-1,-,-,Lost in Guadalajara R32,-,-
Hernan Casanova,285,278,24.2,ARG16,177,-3,-1,Santa Margherita 8 R32,Lost in Santa Margherita 6 R16Santa Margherita 7 WQual. Santa Margherita 8 W,-,-
Christopher Heyman,286,258,24.5,BEL5,175,-17,-17,-,Lost in Guadalajara R32,-,-
Sam Groth,287,53,30.5,AUS15,174,-1,-,-,-,-,-
Arthur De Greef,288,113,26,BEL6,173,-1,-,Francavilla R32,-,-,-
Frederico Ferreira Silva,289,231,23,POR7,173,8,7,-,Lost in Porto SFCascais W,-,-
Geoffrey Blancaneaux,290,266,19.7,FRA26,172,-1,-,-,-,-,-
Austin Krajicek,291,94,27.8,USA29,170,-,-,-,-,-,-
Kaichi Uchida,292,NCH   (296),23.6,JPN8,169,4,2,-,Lost in Little Rock QFQual. Sarasota WLost in Sarasota R32,-,-
Santiago Giraldo,293,28,30.4,COL2,168,-,-,Leon R32,Lost in Guadalajara R32,-,-
Miljan Zekić,294,188,29.7,SRB11,168,-,-,-,-,-,-
Bradley Mousley,295,259,22.3,AUS16,167,-16,-15,Leon R32,Lost in Guadalajara R32,-,-
Carlos Gomez Herrera,296,289,27.9,ESP27,165,-1,-2,-,Lost in Qual. Guadalajara R1,-,-
João Souza,297,69,29.9,BRA5,164,8,3,-,Qual. Guadalajara WLost in Guadalajara R32,-,-
Edan Leshem,298,249,21,ISR2,163,1,-,Leon R32,Lost in Guadalajara R32,-,-
Marek Jaloviec,299,244,24.1,CZE7,163,1,-,-,-,-,-
Teymuraz Gabashvili,300,43,32.9,RUS9,162,1,-,Shymkent 4 R32,Lost in Shymkent 3 SF,-,-
Andrea Basso,301,NCH   (302),24.5,ITA17,162,1,-,-,-,-,-
Lucas Miedler,302,300,21.8,AUT5,162,15,9,Angers R32,Lost in Sharm El Sheikh 13 F,-,-
Dimitar Kuzmanov,303,281,24.7,BUL2,161,1,-,Qual. Francavilla R3,Lost in Qual. Tunis R1,-,-
Franko Škugor,304,145,30.5,CRO7,160,-12,-9,-,-,-,-
Dayne Kelly,305,252,27.7,AUS17,160,2,-,-,-,-,-
Hiroki Moriya,306,143,27.5,JPN9,160,3,1,-,Lost in Matsuyama R16Bukhara W,-,-
Alejandro González,307,70,29.2,COL3,159,1,-,Leon R32,Lost in Qual. Guadalajara R1Lost in Qual. Guadalajara R3Lost in Qual. Leon R2,-,-
Ugo Humbert,308,301,19.8,FRA27,159,-2,-2,Leon R32,Lost in Qual. Guadalajara R3,-,-
Roberto Ortega Olmedo,309,257,26.9,ESP28,159,10,9,Anning R32,Lost in Nanchang QF,-,-
Tim Pütz,310,163,30.4,GER18,158,-,-,-,-,-,-
Thiemo de Bakker,311,40,29.5,NED4,157,-,-,-,-,-,-
Ivan Gakhov,312,275,21.4,RUS10,157,9,8,Shymkent 4 R32,Lost in Shymkent 2 FLost in Shymkent 3 QF,-,-
Markus Eriksson,313,298,28.3,SWE2,154,1,-1,Abuja 2 R32,Lost in Abuja F,-,-
Alexander Ward,314,242,27.9,GBR6,153,1,-,-,-,-,-
Youssef Hossam,315,291,19.8,EGY2,152,-3,-5,Abuja 2 R32,-,-,-
Federico Gaio,316,146,26.1,ITA18,152,4,3,-,Qual. Guadalajara WLost in Guadalajara R32Lost in Qual. Leon R2,-,-
Marcos Giron,317,238,24.7,USA30,151,1,-,-,-,-,-
Frank Dancevic,318,65,33.5,CAN8,149,10,5,-,Qual. Sarasota WLost in Sarasota R32Lost in Qual. Tallahassee R3,-,-
Joris De Loore,319,174,25,BEL7,148,3,-,Qual. Francavilla R3,-,-,-
Pedro Cachín,320,166,23,ARG17,148,30,15,Majadahonda R32,Lost in Porto FLost in Madrid F,-,-
Luca Vanni,321,100,32.8,ITA19,147,3,-,Qual. Francavilla R3,Lost in Santa Margherita 7 R32,-,-
Íñigo Cervantes,322,56,28.3,ESP29,146,3,-,-,Lost in Porto R32Lost in Qual. Tunis R1Lost in Qual. Barcelona R1,-,-
Evgeny Karlovskiy,323,281,23.7,RUS11,146,3,-,-,Lost in Qual. Tunis R1,-,-
Marsel İlhan,324,77,30.8,TUR2,145,-21,-17,-,Lost in Antalya 14 R16Lost in Antalya 15 R32,-,-
Daniel Nguyen,325,189,27.5,USA31,144,4,-,-,-,-,-
Daniel Altmaier,326,210,19.6,GER19,143,-10,-10,-,-,-,-
Steven Diez,327,162,27.1,CAN9,143,3,-,Majadahonda R32,Lost in Madrid QF,-,-
Andrea Pellegrino,328,NCH   (331),21,ITA20,142,3,-,-,-,-,-
Zhe Li,329,210,31.5,CHN3,142,4,1,Anning R32,Lost in Matsuyama R16Lost in Nanchang R32,-,-
Karim Mohamed Maamoun,330,225,27,EGY3,142,2,-,Abuja 2 R32,-,-,-
Nicolaas Scholtz,331,320,27.2,RSA3,141,24,15,-,Lost in Little Rock F,-,-
Hiroyasu Ehara,332,330,26.8,JPN10,141,24,15,-,Lost in Matsuyama F,-,-
JC Aragone,333,330,22.8,USA32,140,1,-,Tallahassee R32,Lost in Sarasota R32,-,-
Yannick Jankovits,334,226,31.2,FRA28,140,12,5,-,Lost in Djerba 8 SFLost in La Grande Motte F,-,-
Marinko Matosevic,335,39,32.7,AUS18,139,3,-,-,-,-,-
Yibing Wu,336,301,18.5,CHN4,138,1,-1,Anning R32,Lost in Nanchang R32,-,-
Roberto Cid Subervi,337,329,24.6,DOM3,138,2,-,Qual. Leon R3,Lost in Qual. Guadalajara R1,-,-
Kimmer Coppejans,338,97,24.2,BEL8,138,-25,-18,Qual. Francavilla R3,-,-,-
Yannick Mertens,339,179,30.8,BEL9,137,-3,-3,-,Lost in Little Rock R32,-,-
Maverick Banes,340,270,26,AUS19,136,3,-,-,-,-,-
Filip Horanský,341,300,25.2,SVK6,136,4,1,Santa Margherita 8 R32,Lost in Santa Margherita 6 QFLost in Santa Margherita 7 SF,-,-
Juan Pablo Ficovich,342,341,21.2,ARG18,136,-1,-1,Santa Margherita 8 R32,Lost in Santa Margherita 6 R16Lost in Santa Margherita 7 R32,-,-
Juan Ignacio Galarza,343,334,24,ARG19,135,1,-,Santa Margherita 8 R32,Lost in Santa Margherita 6 R32Lost in Santa Margherita 7 R32,-,-
Patricio Heras,344,269,29.2,ARG20,134,3,-,Majadahonda R32,Lost in Madrid QF,-,-
Elliot Benchetrit,345,342,19.5,FRA29,134,3,-,Qual. Francavilla R3,-,-,-
Zhizhen Zhang,346,335,21.5,CHN5,133,-4,-3,Qual. Francavilla R3,Lost in Qual. Tunis R2,-,-
Gianluigi Quinzi,347,226,22.2,ITA21,132,-12,-8,-,-,-,-
Dzmitry Zhyrmont,348,201,29.1,BLR4,131,12,6,-,Lost in Shymkent 2 SFLost in Bukhara QF,-,-
Maximilian Neuchrist,349,310,26.7,AUT6,131,2,-,Abuja 2 R32,Lost in Abuja QF,-,-
Alessandro Bega,350,259,27.2,ITA22,130,2,-,-,Lost in Sharm El Sheikh 13 R16Sharm El Sheikh 14 W,-,-
Federico Coria,351,223,26.1,ARG21,130,10,5,Tallahassee R32,Qual. Sarasota WLost in Sarasota R32Qual. Tallahassee W,-,-
Albano Olivetti,352,161,26.4,FRA30,129,-3,-5,-,-,-,-
Renta Tokuda,353,NCH   (385),20,JPN11,128,43,27,-,Matsuyama W,-,-
Mario Vilella Martínez,354,325,22.8,ESP30,128,-27,-17,Majadahonda R32,Madrid W,-,-
Konstantin Kravchuk,355,78,33.1,RUS12,127,-32,-20,-,Lost in Bukhara SF,-,-
Gian Marco Moroni,356,353,20.1,ITA23,127,-3,-,Francavilla R32,-,-,-
Rubin Statham,357,279,30.9,NZL1,127,-3,-,Qual. Leon R3,Lost in Qual. Guadalajara R1,-,-
Gonzalo Escobar,358,281,29.2,ECU2,126,13,7,Qual. Leon R3,Qual. Guadalajara WLost in Guadalajara R16,-,-
Christian Lindell,359,177,26.4,SWE3,126,-2,-,Sao Jose do Rio Preto R32,Lost in Porto R32,-,-
Mikael Ymer,360,310,19.6,SWE4,125,-2,-,-,-,-,-
Yosuke Watanuki,361,343,20,JPN12,125,-2,-,-,-,-,-
Cristian Rodríguez,362,CH,27.8,COL4,123,1,-,-,Lost in Qual. Guadalajara R1,-,-
Alexandre Muller,363,302,21.2,FRA31,123,1,-,-,Lost in Qual. Tunis R3Lost in Qual. Francavilla R2,-,-
Lucas Catarina,364,352,21.6,MON1,122,1,-,Angers R32,Lost in Monte Carlo R64,-,-
Yoshihito Nishioka,365,58,22.5,JPN13,121,1,-,Tallahassee R32,Lost in Qual. Sarasota R2Qual. Tallahassee W,-,-
Evgeny Tyurnev,366,363,21,RUS13,121,4,2,-,Lost in Shymkent 2 QFLost in Bukhara F,-,-
Jan Šátral,367,136,27.7,CZE8,121,-,-,-,-,-,-
Tommy Haas,368,2,40,GER20,120,-70,-45,-,-,-,-
Andrew Harris,369,367,24.1,AUS20,120,-1,-,-,Lost in Qual. Guadalajara R1,-,-
Daniel Dutra da Silva,370,231,29.7,BRA6,119,-30,-18,Sao Jose do Rio Preto R32,-,-,-
João Pedro Sorgi,371,251,24.5,BRA7,119,-9,-5,Tallahassee R32,Lost in Qual. Sarasota R2Lost in Qual. Tallahassee R3,-,-
Paul-Henri Mathieu,372,12,36.2,FRA32,115,-,-,-,-,-,-
Jeremy Jahn,373,197,28,GER21,115,-,-,-,Lost in Qual. Francavilla R2,-,-
Hugo Grenier,374,363,22,FRA33,115,12,9,Anning R32,Qual. Nanchang WLost in Nanchang R16Lost in Qual. Anning R1,-,-
Facundo Mena,375,313,25.5,ARG22,113,-1,-,-,-,-,-
Cheong Eui Kim,376,296,28,KOR4,113,-1,-,-,-,-,-
Axel Michon,377,177,27.3,FRA34,111,-1,-,-,-,-,-
Gianluca Mager,378,290,23.3,ITA24,111,32,15,-,Lost in Santa Margherita 6 FLost in Qual. Francavilla R2,-,-
Antoine Escoffier,379,346,26.1,FRA35,111,-10,-9,-,Qual. Nanchang WLost in Nanchang R16Lost in Qual. Anning R1,-,-
Raymond Sarmiento,380,287,25.7,USA33,110,-2,-,-,-,-,-
Johan Tatlot,381,315,22,FRA36,109,-2,-,Angers R32,-,-,-
Roman Safiullin,382,314,20.7,RUS14,109,-1,-,-,Lost in Bukhara QF,-,-
Guillermo Olaso,383,167,30,ESP31,108,-,-,Majadahonda R32,Lost in Madrid R16,-,-
Filippo Baldi,384,369,22.2,ITA25,108,-2,-1,Francavilla R32,Lost in Qual. Tunis R2,-,-
Boy Westerhof,385,201,32.4,NED5,107,-,1,Angers R32,Lost in Porto R16Lost in Cascais R32,-,-
Daniel Brands,386,51,30.7,GER22,106,42,18,-,Djerba 8 WDjerba 9 W,-,-
Eduard Esteve Lobato,387,CH,23.5,ESP32,106,-,-,Majadahonda R32,Lost in Porto R16Lost in Cascais SF,-,-
Michael Linzer,388,236,28.4,AUT7,105,-11,-6,-,-,-,-
Daniel Masur,389,203,23.4,GER23,105,15,7,-,Lost in Qual. Tunis R3Lost in Tunis R16,-,-
Sanjar Fayziev,390,253,23.7,UZB2,104,-10,-5,-,Lost in Shymkent 2 R16Lost in Bukhara QF,-,-
Yannick Vandenbulcke,391,377,27.7,BEL10,104,6,3,-,Lost in Porto QFLost in Madrid R16,-,-
Pedro Sakamoto,392,389,24.8,BRA8,104,-3,-,-,-,-,-
Igor Sijsling,393,52,30.6,NED6,104,-2,1,-,Lost in Porto R16Lost in Cascais R32,-,-
Mariano Kestelboim,394,387,22.2,ARG23,103,-2,-,-,-,-,-
Alejandro Davidovich Fokina,395,393,18.8,ESP33,102,-2,-,-,Lost in Qual. Barcelona R1,-,-
Gerard Granollers,396,217,29.2,ESP34,102,-8,-2,-,Lost in Qual. Tunis R2Lost in Qual. Barcelona R1,-,-
Fabien Reboul,397,377,22.6,FRA37,102,6,3,Majadahonda R32,Lost in Porto QFLost in Cascais R32,-,-
Arjun Kadhe,398,394,24.2,IND5,102,-4,-,Abuja 2 R32,-,-,-
Tristan Lamasine,399,181,25.1,FRA38,102,-1,1,Angers R32,Lost in Porto R16Lost in Cascais R32,-,-
Shintaro Imai,400,361,24.6,JPN14,102,-5,-,-,Lost in Matsuyama R32,-,-
Jordi Samper-Montaña,401,179,28,ESP35,101,-1,-,-,Lost in Porto R32Lost in Cascais R16,-,-
Marcelo Tomás Barrios Vera,402,387,20.3,CHI3,100,-1,-,-,Orange Park W,-,-
Oriol Roca Batalla,403,193,24.9,ESP36,100,-1,-,-,-,-,-
Sadio Doumbia,404,250,27.6,FRA39,99,-20,-8,Majadahonda R32,Lost in Cascais R16,-,-
Alexei Popyrin,405,NCH   (423),18.7,AUS21,98,18,8,-,Lost in Tunis R16,-,-
Liam Caruana,406,375,20.2,ITA26,97,-,-,-,Lost in Little Rock R32,-,-
Lenny Hampel,407,359,21.3,AUT8,97,-2,-1,Santa Margherita 8 R32,Lost in Santa Margherita 6 R16Lost in Santa Margherita 7 QF,-,-
Ivan Dodig,408,29,33.3,CRO8,96,-1,-,-,-,-,-
Kevin Krawietz,409,270,26.2,GER24,96,-1,-,-,Lost in Qual. Francavilla R2,-,-
Gonzalo Lama,410,160,24.9,CHI4,96,-1,-,-,-,-,-
Jared Hiltzik,411,339,23.7,USA34,96,-21,-8,Tallahassee R32,Lost in Little Rock R32Lost in Qual. Sarasota R2,-,-
Pavel Kotov,412,NCH   (424),19.4,RUS15,95,12,5,-,Lost in Shymkent 2 SFLost in Shymkent 3 F,-,-
Brydan Klein,413,169,28.3,GBR7,95,-14,-6,-,Lost in Qual. Guadalajara R2,-,-
Sora Fukuda,414,378,20.5,JPN15,95,1,3,-,Lost in Matsuyama QF,-,-
Marc Sieber,415,236,30.1,GER25,94,-1,2,-,Lost in Antalya 14 QFLost in Antalya 15 R32,-,-
Marko Tepavac,416,174,24,SRB12,93,-3,-,-,-,-,-
Karue Sell,417,NCH   (508),24.4,BRA9,92,91,27,-,Little Rock W,-,-
Marc Giner,418,245,26.8,ESP37,92,-2,-,Majadahonda R32,Lost in Porto R32Lost in Madrid R32,-,-
Samuel Bensoussan,419,411,26.4,FRA40,92,-2,-,-,Lost in Orange Park SF,-,-
Andreas Haider Maurer,420,47,31,AUT9,91,-2,-,Barcelona R64,-,-,-
Dragoș Dima,421,286,25.8,ROU2,91,-2,-,Santa Margherita 8 R32,-,-,-
Robin Kern,422,350,24.5,GER26,91,-2,-,Angers R32,-,-,-
Riccardo Bonadio,423,402,24.7,ITA27,91,-2,-,-,Lost in Antalya 15 QF,-,-
Evan Song,424,422,25.8,USA35,91,-2,-,-,-,-,-
Juan Pablo Paz,425,284,23.2,ARG24,90,2,1,Santa Margherita 8 R32,Lost in Antalya 14 R16Lost in Santa Margherita 7 R32,-,-
Tobias Simon,426,415,26.9,GER27,90,-1,-,Qual. Leon R3,Lost in Qual. Guadalajara R1,-,-
Edward Corrie,427,215,30.1,GBR8,89,-1,-,-,-,-,-
Baptiste Crepatte,428,421,23.5,FRA41,89,14,5,-,Lost in Djerba 8 SFLost in Djerba 9 F,-,-
Adelchi Virgili,429,394,28.1,ITA28,88,-,-,-,Lost in Cascais R16,-,-
Fabrizio Ornago,430,423,25.9,ITA29,88,-,-,-,Lost in Santa Margherita 6 R32,-,-
Riccardo Bellotti,431,199,26.7,ITA30,87,1,-,-,Lost in Antalya 15 R32,-,-
Wishaya Trongcharoenchaikul,432,427,23,THA1,87,1,-,-,-,-,-
Andres Artunedo Martinavarro,433,293,24.6,ESP38,87,62,18,-,Sharm El Sheikh 13 WLost in Sharm El Sheikh 14 R16,-,-
David Pérez Sanz,434,216,23.9,ESP39,87,1,-,-,Lost in Djerba 8 R16,-,-
Juan Pablo Varillas,435,411,22.5,PER1,87,1,-,-,-,-,-
Maxime Hamou,436,211,22.8,FRA42,86,-5,-1,Majadahonda R32,-,-,-
Paweł Ciaś,437,429,24.1,POL4,86,-,-,-,Lost in Sharm El Sheikh 13 R32,-,-
Benjamin Hassan,438,436,23.2,GER28,86,-,-,Majadahonda R32,Lost in Madrid R32,-,-
Mate Delić,439,150,24.9,CRO9,86,-28,-9,-,Lost in Santa Margherita 6 R32Lost in Santa Margherita 7 QF,-,-
Thomas Statzberger,440,439,25.5,AUT10,86,-1,-,-,Lost in Antalya 14 QF,-,-
Aleksandar Vukic,441,435,22,AUS22,85,-,-,-,-,-,-
Fred Gil,442,62,33,POR8,85,-2,-1,-,Lost in Porto R32Lost in Cascais R16,-,-
Samuel Monette,443,CH,24.2,CAN10,84,-,1,-,Lost in Little Rock R16,-,-
Yaraslav Shyla,444,306,25.1,BLR5,83,-,-,-,Lost in Bukhara SF,-,-
Pol Toledo Bague,445,392,23.3,ESP40,83,-,-,-,Lost in Qual. Tunis R3,-,-
Corentin Denolly,446,389,20.8,FRA43,83,-,-,-,-,-,-
Lukas Klein,447,443,20,SVK7,83,-,-,Santa Margherita 8 R32,Lost in Santa Margherita 7 R32,-,-
Bruno Sant’Anna,448,337,24.7,BRA10,83,5,2,-,Lost in Santa Margherita 6 QFLost in Santa Margherita 7 QF,-,-
Maxime Authom,449,143,31,BEL11,82,-1,-,Majadahonda R32,Lost in La Grande Motte SF,-,-
Niels Desein,450,154,30.8,BEL12,82,1,1,Angers R32,Lost in Santa Margherita 6 R16Lost in Cascais R16,-,-
Alessandro Petrone,451,439,27.3,ITA31,82,-2,-,Santa Margherita 8 R32,Lost in Santa Margherita 7 R32,-,-
Viktor Durasovic,452,396,21,NOR2,82,-2,-,Qual. Leon R3,Lost in Qual. Guadalajara R2,-,-
Zsombor Piros,453,NCH   (471),18.5,HUN3,81,18,5,Budapest R32,Qual. Tunis WLost in Tunis R32,-,-
Luke Saville,454,152,24.3,AUS23,81,-2,-,-,Lost in Qual. Anning R2,-,-
Harri Heliövaara,455,194,28.8,FIN1,80,-1,-,-,-,-,-
Maxime Chazal,456,234,24.9,FRA44,80,-,-,Angers R32,Lost in Qual. Tunis R1,-,-
Harry Bourchier,457,429,22.2,AUS24,80,-23,-7,-,Lost in Little Rock R16,-,-
Dennis Nevolo,458,345,28.3,USA36,79,-3,-1,-,-,-,-
Nam Hoang Ly,459,457,21.1,VIE1,79,-1,-,-,-,-,-
Roberto Marcora,460,178,28.6,ITA32,79,-1,-,-,Lost in Antalya 14 R16Lost in Qual. Francavilla R1,-,-
Pablo Vivero Gonzalez,461,283,22.9,ESP41,79,-,1,Majadahonda R32,Lost in Sharm El Sheikh 13 QFLost in Sharm El Sheikh 14 QF,-,-
Moez Echargui,462,456,25.2,TUN2,79,-2,-,Abuja 2 R32,Lost in Porto R32Lost in Tunis R32,-,-
Sebastian Fanselow,463,323,26.3,GER29,78,-6,-1,-,Lost in Little Rock R32,-,-
Leny Mitjana,464,458,23.7,FRA45,78,-2,-,-,-,-,-
Vladyslav Manafov,465,327,25,UKR4,78,-2,-,-,Lost in Bukhara R16,-,-
Vijay Sundar Prashanth,466,335,31.4,IND6,77,-1,-,-,-,-,-
Nikola Čačić,467,281,27.3,SRB13,77,-1,-,-,Lost in Bukhara R32,-,-
Alexandar Lazov,468,324,27.7,BUL3,77,-1,-,-,Lost in Santa Margherita 7 R16,-,-
Thomas Bréchemier,469,399,21.8,FRA46,77,-1,-,-,Lost in Qual. Tunis R1,-,-
Tung Lin Wu,470,469,19.9,TPE4,77,-1,-,-,-,-,-
Ti Chen,471,184,34.5,TPE5,76,-59,-18,-,Lost in Qual. Anning R1,-,-
Pietro Rondoni,472,471,24.4,ITA33,76,1,-,-,Lost in Antalya 14 R32,-,-
Tom Farquharson,473,429,26.1,GBR9,75,2,-,-,-,-,-
Laurent Lokoli,474,207,23.5,FRA47,75,2,-,Santa Margherita 8 R32,Lost in Qual. Tunis R1,-,-
Evan Furness,475,NCH   (503),19.6,FRA48,75,28,7,-,Lost in Porto SF,-,-
Lloyd Glasspool,476,282,24.4,GBR10,74,2,-,-,Lost in Qual. Guadalajara R2Lost in Qual. Leon R1,-,-
Denis Yevseyev,477,NCH   (523),24.9,KAZ5,74,73,18,Shymkent 4 R32,Shymkent 2 WShymkent 3 W,-,-
Igor Smilansky,478,451,23,ISR3,74,1,-,-,-,-,-
Benjamin Lock,479,401,25.1,ZIM1,74,1,-,-,Lost in Qual. Guadalajara R1Lost in Qual. Leon R1,-,-
Ryan Shane,480,424,24,USA37,73,-3,-1,-,-,-,-
Gianni Mina,481,219,26.1,FRA49,73,-,-,-,-,-,-
Pascal Brunner,482,362,28.8,AUT11,73,1,1,-,Lost in Antalya 14 R16Lost in Antalya 15 QF,-,-
Clément Geens,483,245,22.1,BEL13,72,-1,-1,-,Lost in Antalya 14 R32,-,-
Julian Lenz,484,473,25.1,GER30,71,-,-,-,Lost in Qual. Tunis R1,-,-
Botic Van de Zandschulp,485,308,22.5,NED7,71,-,-,-,-,-,-
Yun-seong Chung,486,NCH   (520),20,KOR5,71,34,9,Anning R32,Qual. Nanchang WLost in Nanchang R16Qual. Anning W,-,-
Altuğ Çelikbilek,487,407,21.6,TUR3,71,-17,-6,-,Lost in Djerba 9 R32,-,-
Sam Barry,488,255,26.2,IRL1,70,-1,-,-,Lost in Cascais QF,-,-
Kento Takeuchi,489,378,30.3,JPN16,70,-,-,Abuja 2 R32,Lost in Matsuyama R32Lost in Abuja R32,-,-
David Pichler,490,390,22.1,AUT12,70,-18,-6,Santa Margherita 8 R32,Lost in Qual. Tunis R2,-,-
Ronnie Schneider,491,489,23.5,USA38,70,-1,-,Abuja 2 R32,Lost in Abuja R16,-,-
Edoardo Eremin,492,292,24.5,ITA34,69,-,-,-,Lost in Santa Margherita 7 R16,-,-
Blake Ellis,493,488,19.2,AUS25,69,-,-,-,-,-,-
Jelle Sels,494,478,22.6,NED8,69,2,-,Abuja 2 R32,Lost in Abuja QF,-,-
Sekou Bangoura,495,213,26.4,USA39,69,2,-,-,Lost in Little Rock R32,-,-
Elmar Ejupovic,496,NCH   (498),25.2,GER31,69,2,-,Santa Margherita 8 R32,Lost in Santa Margherita 6 R32Lost in Santa Margherita 7 R16Qual. Santa Margherita 8 W,-,-
Jonathan Kanar,497,491,23.5,FRA50,69,-6,-1,Angers R32,Lost in Djerba 8 R16Lost in Qual. Tunis R2,-,-
Tom Jomby,498,337,27.1,FRA51,68,21,6,Abuja 2 R32,Lost in Sharm El Sheikh 13 SFLost in Abuja R32,-,-
João Menezes,499,495,21.3,BRA11,68,1,-,Abuja 2 R32,Abuja W,-,-
Gijs Brouwer,500,493,22.1,NED9,68,-1,-,-,Lost in La Grande Motte SF,-,-
Chuhan Wang,501,365,26.1,CHN6,68,-,-,-,Lost in Matsuyama R16,-,-
Grégoire Jacq,502,346,25.4,FRA52,68,-,-,Angers R32,Lost in Qual. Tunis R2,-,-
Adrian Bodmer,503,467,23.1,SUI4,68,1,-,Santa Margherita 8 R32,Lost in Santa Margherita 6 R32,-,-
James McGee,504,146,30.8,IRL2,67,-30,-8,-,-,-,-
Ulises Blanch,505,488,20,USA40,67,-17,-3,-,-,-,-
Jan Mertl,506,163,36.3,CZE9,66,-1,-,-,Lost in Djerba 8 R16Lost in Djerba 9 R32,-,-
Sidharth Rawat,507,496,25,IND7,66,-1,-,-,Lost in Bukhara R32,-,-
Christopher O'Connell,508,219,23.8,AUS26,65,1,-,-,-,-,-
Yannik Reuter,509,195,27.1,BEL14,65,1,-,-,-,-,-
Peter Torebko,510,182,30.1,GER32,65,-24,-5,-,Lost in Qual. Sarasota R3Lost in Qual. Tallahassee R3,-,-
Tomás Lipovsek Puches,511,250,25,ARG25,65,-,-,-,Lost in Antalya 14 R32Lost in Antalya 15 R16,-,-
Javier Barranco Cosano,512,NCH   (522),19.4,ESP42,65,10,3,Majadahonda R32,Qual. Porto WLost in Porto QFLost in Madrid SF,-,-
Shuichi Sekiguchi,513,259,26.7,JPN17,64,-19,-5,-,Qual. Nanchang W,-,-
Rafael Matos,514,512,22.2,BRA12,64,-2,-,Sao Jose do Rio Preto R32,-,-,-
Makoto Ochi,515,370,21.9,JPN18,64,27,7,-,Lost in Matsuyama SF,-,-
Sasi Kumar Mukund,516,396,21.2,IND8,64,-2,1,Anning R32,Lost in Qual. Nanchang R2Lost in Nanchang R16Qual. Anning W,-,-
Cristian Carli,517,481,22,ITA35,63,-2,-,-,-,-,-
Dmitry Tursunov,518,20,35.3,RUS16,62,-2,-,-,-,-,-
Emilio Gómez,519,215,26.3,ECU3,62,-1,-,-,Lost in Qual. Guadalajara R3Lost in Qual. Leon R1,-,-
Oscar Jose Gutierrez,520,NCH   (521),24.9,BRA13,62,1,-,Sao Jose do Rio Preto R32,-,-,-
Jurabek Karimov,521,NCH   (523),19.8,UZB3,61,2,-,-,Lost in Bukhara R32,-,-
Gianluca Di Nicola,522,NCH   (523),22.3,ITA36,61,2,-,-,Lost in Qual. Francavilla R1,-,-
Péter Nagy,523,409,26.1,HUN4,61,2,-,-,Lost in Qual. Budapest R1,-,-
Kuan Yi Lee,524,447,21.6,TPE6,60,-11,-3,-,-,-,-
Rudolf Molleker,525,NCH   (540),17.4,GER33,60,15,2,-,Lost in Antalya 14 QFLost in Antalya 15 F,-,-
Tomislav Jotovski,526,510,27.4,MKD1,60,2,-,-,Lost in Antalya 15 QF,-,-
Jurij Rodionov,527,493,18.9,AUT13,59,2,-,-,-,-,-
Saketh Myneni,528,137,30.5,IND9,59,2,-,-,-,-,-
Omar Jasika,529,239,20.9,AUS27,59,2,-,-,-,-,-
Aleksandr Vasilenko,530,441,23.1,RUS17,59,-3,-1,-,-,-,-
Mor Bulis,531,525,22,ISR4,59,2,-,-,-,-,-
Petr Michnev,532,229,28.7,CZE10,59,14,2,-,Lost in Sharm El Sheikh 13 QFLost in Sharm El Sheikh 14 QF,-,-
Nuno Borges,533,NCH   (534),21.1,POR9,58,1,-,-,-,-,-
Jacob Grills,534,529,22.8,AUS28,58,1,-,-,-,-,-
Jonathan Mridha,535,508,23,SWE5,58,1,-,-,-,-,-
Tomas Papik,536,447,24,CZE11,58,1,-,-,-,-,-
Juan Carlos Sáez,537,230,26.7,CHI5,58,2,-,Majadahonda R32,Lost in Djerba 8 R32Lost in Madrid QF,-,-
Genaro Alberto Olivieri,538,494,19.7,ARG26,58,6,1,-,Lost in Antalya 14 R16,-,-
Aslan Karatsev,539,153,24.6,RUS18,57,2,-,-,-,-,-
Marco Chiudinelli,540,52,36.6,SUI5,57,-76,-20,-,-,-,-
Felipe Mantilla,541,503,24.9,COL5,57,4,-,-,Lost in Qual. Guadalajara R2Lost in Qual. Leon R2,-,-
Dante Gennaro,542,NCH   (547),24.9,ITA37,57,5,-,-,Lost in Qual. Francavilla R2,-,-
Adrian Ungur,543,79,33.2,ROU3,56,5,-,-,-,-,-
Lamine Ouahab,544,114,33.3,Mar1,56,-27,-6,-,Lost in Tunis R32,-,-
Frederik Nielsen,545,190,34.6,DEN1,56,4,-,-,-,-,-
Jonas Merckx,546,481,24.5,BEL15,56,-3,-1,Angers R32,-,-,-
Andrea Vavassori,547,542,22.9,ITA38,56,5,-,-,Lost in Qual. Francavilla R1,-,-
Nicholas S. Hu,548,NCH   (553),23.9,USA41,56,5,-,-,Lost in Little Rock R16,-,-
Alexis Musialek,549,255,29.8,FRA53,56,31,5,Angers R32,Lost in Antalya 14 SF,-,-
Denys Molchanov,550,169,30.9,UKR5,55,-24,-5,-,-,-,-
Artem Smirnov,551,226,30.2,UKR6,55,3,-,-,-,-,-
Takanyi Garanganga,552,288,27.6,ZIM2,55,4,-,Abuja 2 R32,Lost in Abuja R16,-,-
Germain Gigounon,553,185,29,BEL16,55,21,3,-,Qual. Porto WLost in Porto QFLost in Cascais R16,-,-
Danylo Kalenichenko,554,488,24.2,UKR7,55,-3,-1,Abuja 2 R32,Lost in Abuja SF,-,-
Romain Barbosa,555,403,24,BEL17,55,2,-,Majadahonda R32,Lost in Madrid R32,-,-
Maciej Rajski,556,532,26.9,POL5,55,3,-,Santa Margherita 8 R32,Lost in Santa Margherita 6 R32Lost in Santa Margherita 7 R16,-,-
Miguel Semmler,557,514,20.9,ESP43,55,3,-,Majadahonda R32,Lost in Madrid R16,-,-
Benjamin Mitchell,558,204,25.3,AUS29,54,3,-,-,-,-,-
Ronald Slobodchikov,559,558,24.3,RUS19,54,3,-,-,-,-,-
Matias Franco Descotte,560,519,23.6,ARG27,54,3,-,-,Lost in Djerba 9 QF,-,-
Pascal Meis,561,511,24.8,GER34,54,3,-,-,-,-,-
Raul Brancaccio,562,546,20.9,ITA39,54,3,-,Majadahonda R32,Lost in Madrid QF,-,-
Collin Altamirano,563,NCH   (582),22.3,USA42,53,19,3,-,Lost in Little Rock QF,-,-
Yishai Oliel,564,NCH   (566),18.2,ISR5,53,2,-,-,Lost in Shymkent 2 R32,-,-
Jaroslav Pospíšil,565,103,37.1,CZE12,53,41,8,-,Lost in Antalya 14 F,-,-
Jeroen Vanneste,566,562,24.2,BEL18,53,1,-,Angers R32,Lost in Antalya 14 R32,-,-
Adrien Bossel,567,262,31.3,SUI6,53,1,-,Qual. Majadahonda R3,Lost in Madrid R32,-,-
Marc-Andrea Hüsler,568,CH,21.8,SUI7,53,1,-,-,Lost in Qual. Leon R2,-,-
David Poljak,569,NCH   (571),21.9,CZE13,53,2,-,-,Lost in Sharm El Sheikh 13 R16Lost in Sharm El Sheikh 14 F,-,-
Marvin Möller,570,566,19.2,GER35,52,3,-,-,-,-,-
Louis Weßels,571,515,19.6,GER36,52,8,1,-,Lost in Sharm El Sheikh 13 R16,-,-
Davide Galoppini,572,548,23.4,ITA40,52,-,-1,-,Lost in Antalya 15 R16,-,-
Thai Son Kwiatkowski,573,520,23.1,USA43,51,2,-,-,-,-,-
Xin Gao,574,434,23.9,CHN7,51,24,4,-,Lost in Matsuyama R16Lost in Nanchang R16,-,-
David Vega Hernández,575,403,23.8,ESP44,51,2,-,-,Lost in Qual. Tunis R1Lost in Qual. Francavilla R1,-,-
Manuel Guinard,576,575,22.4,FRA54,51,2,-,-,-,-,-
Máximo González,577,58,34.7,ARG28,50,-39,-8,-,Lost in Qual. Francavilla R2,-,-
Deiton Baughman,578,341,22,USA44,50,5,-,-,Lost in Qual. Sarasota R2,-,-
Mikhail Fufygin,579,484,27.9,RUS20,50,-3,-1,-,Lost in Bukhara R32,-,-
Luke Bambridge,580,481,23.2,GBR11,49,5,-,-,-,-,-
Emil Ruusuvuori,581,NCH   (586),19,FIN2,49,5,-,-,-,-,-
Laurent Rochette,582,202,30.2,FRA55,49,5,-,-,-,-,-
Peter Kobelt,583,332,27.4,USA45,49,14,2,-,Lost in Sharm El Sheikh 13 QF,-,-
Jules Okala,584,439,20.6,FRA56,49,-52,-10,-,Qual. Porto WLost in Porto R32,-,-
Lorenzo Frigerio,585,375,29.1,ITA41,49,-1,-1,-,Lost in Antalya 15 R32,-,-
Matthias Haim,586,NCH   (588),20.2,AUT14,49,2,-,Santa Margherita 8 R32,Lost in Santa Margherita 6 R32,-,-
Maxime Tabatruong,587,360,28.5,FRA57,49,-29,-6,Angers R32,-,-,-
Patrik Nema,588,560,20.4,SVK8,49,1,-,-,-,-,-
Blake Mott,589,220,22,AUS30,48,1,-,-,-,-,-
Alex Molčan,590,442,20.3,SVK9,48,1,-,Santa Margherita 8 R32,-,-,-
José Pereira,591,232,27.2,BRA14,48,1,-,Sao Jose do Rio Preto R32,Lost in Little Rock R32Lost in Orange Park SF,-,-
Mārtiņš Podžus,592,437,23.8,LAT2,48,1,-,-,Lost in Madrid R32,-,-
Federico Zeballos,593,457,29.8,BOL2,48,1,-,-,Lost in Qual. Guadalajara R1Lost in Qual. Leon R1,-,-
Kristian Lozan,594,NCH   (595),19.4,RUS21,48,1,-,-,Lost in Sharm El Sheikh 13 R32Lost in Bukhara R32,-,-
Agustín Velotti,595,166,25.9,ARG29,47,1,-,-,Lost in Qual. Leon R2,-,-
Michal Konecny,596,285,28.5,CZE14,47,4,-,-,Lost in Djerba 8 R32,-,-
Jonathan Gray,597,538,21,GBR12,47,-27,-6,Angers R32,-,-,-
Yan Sabanin,598,NCH   (599),28.2,RUS22,47,12,2,Shymkent 4 R32,Lost in Shymkent 2 QFLost in Shymkent 3 R32,-,-
Rubén Ramírez Hidalgo,599,50,40.2,ESP45,46,2,-,-,-,-,-
Yan Bai,600,200,28.9,CHN8,46,-45,-9,Anning R32,Lost in Qual. Nanchang R2,-,-
Robin Stanek,601,258,23.3,CZE15,46,1,-,Santa Margherita 8 R32,Lost in Qual. Santa Margherita 7 R2,-,-
Alex Rybakov,602,584,21.2,USA46,45,1,-,-,-,-,-
Nicolae Frunza,603,442,20.4,ROU4,45,1,-,-,-,-,-
Thiago Seyboth Wild,604,CH,18.1,BRA15,45,1,-,Sao Jose do Rio Preto R32,Lost in Antalya 14 R32,-,-
Manuel Sánchez,605,511,27.2,MEX1,45,35,6,Leon R32,Lost in Guadalajara R16,-,-
Franco Agamenone,606,377,25,ARG30,45,1,-,-,Lost in Qual. Guadalajara R1Lost in Qual. Leon R2,-,-
Colin Van Beem,607,537,25.9,NED10,45,1,-,-,-,-,-
George Von Massow,608,568,28,GER37,45,1,-,-,Lost in Antalya 14 R32Lost in Antalya 15 R32,-,-
William Blumberg,609,603,20.2,USA47,44,2,-,-,-,-,-
Máté Valkusz,610,NCH   (612),19.6,HUN5,44,2,-,-,Lost in Qual. Budapest R1,-,-
Borna Gojo,611,596,20.1,CRO10,44,2,-,-,-,-,-
Chien hsun Lo,612,NCH   (614),19.4,TPE7,44,2,-,-,-,-,-
Florent Diep,613,NCH   (615),26.5,FRA58,44,2,-,-,Lost in Qual. Monte Carlo R1,-,-
Marco Bortolotti,614,355,27.2,ITA42,44,2,-,-,-,-,-
Thomas Fancutt,615,604,23.1,AUS31,43,2,-,-,-,-,-
Nathan Pasha,616,579,25.7,USA48,42,3,-,-,-,-,-
Tak Khunn Wang,617,265,26.5,FRA59,42,3,-,-,Lost in La Grande Motte QF,-,-
Henry Craig,618,NCH   (639),23.5,USA49,42,21,3,-,Lost in Little Rock QF,-,-
Matias Zukas,619,465,21.9,ARG31,42,2,-,Qual. Vero Beach F,Lost in Qual. Guadalajara R1,-,-
Christopher Díaz Figueroa,620,326,28.1,GUA1,42,2,-,-,Lost in Qual. Leon R2,-,-
Mick Lescure,621,496,24.8,FRA60,42,12,1,Angers R32,Lost in Sharm El Sheikh 13 R16Lost in La Grande Motte QF,-,-
Manuel Pena Lopez,622,621,20.1,ARG32,42,1,-,-,Lost in Bukhara R16,-,-
Filippo Leonardi,623,526,30.3,ITA43,42,1,-,-,-,-,-
Naoki Nakagawa,624,531,21.4,JPN19,42,2,-,-,Lost in Matsuyama R32,-,-
Alexander Kudryavtsev,625,117,32.4,RUS23,41,3,-,-,-,-,-
Rémi Boutillier,626,235,28.2,FRA61,41,3,-,Abuja 2 R32,Lost in Abuja R16,-,-
Sriram Balaji,627,287,28,IND10,41,3,-,Anning R32,Lost in Qual. Nanchang R2Qual. Anning W,-,-
Ryan James Storrie,628,NCH   (631),20.1,GBR13,41,3,-,-,Lost in Madrid R32,-,-
Shalva Dzhanashia,629,NCH   (632),25.6,RUS24,41,3,-,-,Lost in Qual. Guadalajara R1,-,-
Pietro Licciardi,630,556,23.9,ITA44,41,-12,-2,-,Lost in Santa Margherita 6 R32Lost in Qual. Francavilla R1,-,-
Omar Giacalone,631,327,26.2,ITA45,41,-32,-6,-,Lost in Antalya 15 R16,-,-
Billy Harris,632,NCH   (634),23.2,GBR14,41,2,-,Santa Margherita 8 R32,Qual. Santa Margherita 6 WLost in Santa Margherita 6 R32Lost in Santa Margherita 7 R16,-,-
Yecong He,633,492,24.1,CHN9,40,-6,-1,-,Lost in Nanchang R32,-,-
Vasile Antonescu,634,465,28,ROU5,40,-9,-2,Santa Margherita 8 R32,Lost in Santa Margherita 7 R32,-,-
Ben Patael,635,499,20.8,ISR6,40,-,-,-,-,-,-
Olexiy Kolisnyk,636,634,21.9,UKR8,40,-,-,-,Lost in Qual. Antalya 14 R3Lost in Antalya 15 R32,-,-
Hong Chung,637,507,24.9,KOR6,39,-,-,-,-,-,-
Zizou Bergs,638,636,18.8,BEL19,39,-,-,Qual. Majadahonda R3,-,-,-
Alexander Zhurbin,639,555,26.2,RUS25,39,2,-,-,Lost in Madrid R32,-,-
Fajing Sun,640,402,21.5,CHN10,39,-133,-27,-,Lost in Bukhara R32,-,-
Vit Kopriva,641,420,20.8,CZE16,39,1,-,-,Lost in Antalya 14 R32,-,-
Jonathan Eysseric,642,202,27.9,FRA62,38,1,-,-,-,-,-
Denys Mylokostov,643,458,25,UKR9,38,1,-,-,-,-,-
Strong Kirchheimer,644,NCH   (649),22.9,USA50,38,7,1,-,Lost in Little Rock R16Lost in Qual. Sarasota R2,-,-
Anis Ghorbel,645,479,28.9,TUN3,38,2,-,-,Lost in Djerba 9 R32,-,-
Dejan Katic,646,506,30.1,SRB14,38,-,-,-,Lost in Sharm El Sheikh 13 R32,-,-
Flavio Cipolla,647,70,34.5,ITA46,37,2,-,-,-,-,-
Yuta Shimizu,648,NCH   (654),18.8,JPN20,37,9,1,-,Lost in Matsuyama R16,-,-
Patrik Rikl,649,648,19.2,CZE17,37,1,-,-,Qual. Santa Margherita 7 WLost in Santa Margherita 7 R16Lost in Qual. Francavilla R2,-,-
Antonio Massara,650,465,22.5,ITA47,37,2,-,-,Lost in Antalya 15 R32,-,-
Vladimir Ivanov,651,310,31,EST2,37,2,-,-,Lost in Bukhara R16,-,-
Karunuday Singh,652,393,27.4,IND11,37,-7,-1,-,Lost in Abuja R16,-,-
Alexander Igoshin,653,494,26.2,RUS26,37,2,-,-,Lost in Qual. Guadalajara R2,-,-
Yuki Mochizuki,654,653,20.4,JPN21,36,2,-,-,-,-,-
Artem Dubrivnyy,655,NCH   (665),19.2,RUS27,36,14,2,Shymkent 4 R32,Lost in Shymkent 2 QFLost in Shymkent 3 QF,-,-
Orlando Luz,656,449,20.2,BRA16,36,9,1,-,Qual. Antalya 14 WLost in Antalya 14 R16,-,-
Lukas Ollert,657,655,25.4,GER38,36,1,-,-,-,-,-
Francesco Vilardo,658,472,28.3,ITA48,36,1,-,-,Lost in Djerba 9 QF,-,-
Jeffrey John Wolf,659,654,19.3,USA51,35,1,-,-,-,-,-
André Ghem,660,118,35.8,BRA17,35,1,-,-,-,-,-
Seong chan Hong,661,343,20.8,KOR7,35,1,-,-,-,-,-
Patrick Kypson,662,659,18.4,USA52,35,1,-,-,-,-,-
Sam Riffice,663,NCH   (728),19.1,USA53,35,65,8,-,Qual. Little Rock WLost in Little Rock SF,-,-
Daniiar Duldaev,664,607,25.4,KGZ1,35,3,-,-,-,-,-
Gustav Hansson,665,662,23,SWE6,34,3,-,-,-,-,-
Gavin Van Peperzeel,666,251,26,AUS32,34,-2,-1,-,-,-,-
Juan Manuel Benitez Chavarriaga,667,594,22.5,COL6,34,3,-,-,-,-,-
Ljubomir Čelebić,668,437,26.6,MNE1,34,-2,-1,-,-,-,-
Yanais Laurent,669,503,25.8,FRA63,34,2,-,-,-,-,-
Enzo Couacaud,670,206,23.1,FRA64,33,2,-,-,Lost in Qual. Tunis R1,-,-
Young Seok Kim,671,469,22.9,KOR8,33,2,-,-,-,-,-
Anton Zaitcev,672,296,30.7,RUS28,33,2,-,-,-,-,-
Vishnu Vardhan,673,262,30.7,IND12,33,2,-,Anning R32,Lost in Qual. Nanchang R1Qual. Anning W,-,-
Sho Katayama,674,489,28.9,JPN22,33,2,-,-,Lost in Matsuyama R32,-,-
Aziz Dougaz,675,672,21,TUN4,33,2,-,Tallahassee R32,Lost in Little Rock R32,-,-
Ilya Vasilyev,676,525,21.8,RUS29,33,2,-,-,Lost in Shymkent 2 R32Lost in Shymkent 3 R16,-,-
Christoph Negritu,677,632,24,GER39,33,10,1,-,Lost in Djerba 8 QFLost in Djerba 9 R32,-,-
Ruan Roelofse,678,357,28.4,RSA4,32,-30,-5,-,-,-,-
Marcus Willis,679,322,27.5,GBR15,32,1,-,-,Lost in Qual. Leon R2,-,-
Or Ram Harel,680,679,23.2,ISR7,32,1,-,-,-,-,-
Richard Gabb,681,410,26.1,GBR16,32,2,-,-,-,-,-
Florian Lakat,682,680,22.7,FRA65,32,-,-,-,Lost in Little Rock R32,-,-
Marat Deviatiarov,683,538,24,UKR10,32,9,1,-,Lost in Sharm El Sheikh 13 R16Lost in Sharm El Sheikh 14 SF,-,-
Yuya Kibi,684,224,31.7,JPN23,32,-,-,-,Lost in Matsuyama R32,-,-
Maxime Pauwels,685,683,19.7,BEL20,32,-,-,-,Lost in Djerba 8 R32Lost in Djerba 9 QF,-,-
Jakob Sude,686,CH,26.8,GER40,32,2,-,-,-,-,-
Jaume Pla Malfeito,687,504,22.8,ESP46,32,-8,-1,Qual. Majadahonda R3,Lost in Qual. Porto R2Lost in Qual. Madrid R3,-,-
Tim van Rijthoven,688,296,20.9,NED11,31,1,-,-,-,-,-
André Gaspar Murta,689,480,23.7,POR10,31,1,-,-,-,-,-
Matteo Martineau,690,687,19.2,FRA66,31,1,-,Angers R32,-,-,-
Dominik Böhler,691,648,22.1,GER41,31,2,-,-,-,-,-
Riccardo Balzerani,692,678,19.4,ITA49,31,15,1,Santa Margherita 8 R32,Lost in Santa Margherita 6 R16,-,-
Peter Heller,693,415,25.6,GER42,31,1,-,-,Qual. Antalya 15 WLost in Antalya 15 R16,-,-
Paul Woerner,694,651,21.6,GER43,31,-8,-1,-,Lost in Antalya 15 SF,-,-
Gibril Diarra,695,594,27.9,AUT15,31,2,-,-,Qual. Santa Margherita 6 WLost in Santa Margherita 6 R32Qual. Santa Margherita 7 WLost in Santa Margherita 7 R32,-,-
Michiel De Krom,696,689,19.8,NED12,31,2,-,Majadahonda R32,Qual. Madrid WLost in Madrid R32,-,-
Wilson Leite,697,341,26.4,BRA18,31,-43,-6,Sao Jose do Rio Preto R32,Lost in Qual. Santa Margherita 7 R3,-,-
Petros Chrysochos,698,469,22,CYP2,30,1,-,-,-,-,-
Fabiano De Paula,699,208,29.3,BRA19,30,1,-,-,-,-,-
Oliver Golding,700,327,24.5,GBR17,30,1,-,-,-,-,-
Mikael Torpegaard,701,310,23.9,DEN2,30,1,-,-,-,-,-
Martin Redlicki,702,NCH   (703),22.6,USA54,30,1,-,-,-,-,-
Iván Endara,703,367,30.1,ECU4,30,1,-,-,Lost in Qual. Leon R1,-,-
Michał Dembek,704,657,20.7,POL6,30,9,1,-,Lost in Shymkent 2 R16Lost in Shymkent 3 R32,-,-
Albert Alcaraz Ivorra,705,377,22.9,ESP47,30,3,-,-,-,-,-
David Jorda Sanchis,706,684,23.8,ESP48,30,3,-,-,-,-,-
Geronimo Espin Busleiman,707,NCH   (711),20.3,ARG33,29,4,-,Santa Margherita 8 R32,Lost in Qual. Santa Margherita 6 R3Lost in Qual. Santa Margherita 7 R3,-,-
Miliaan Niesten,708,431,29.8,NED13,29,10,1,Majadahonda R32,Qual. Porto WLost in Porto R16Lost in Cascais SF,-,-
Jeremy Beale,709,678,23.5,AUS33,29,3,-,-,-,-,-
Roman Khassanov,710,688,21.6,KAZ6,29,-5,-1,Shymkent 4 R32,Lost in Shymkent 2 R32Lost in Shymkent 3 R32,-,-
Alexios Halebian,711,537,23.8,USA55,29,-5,-1,-,-,-,-
Alexander Erler,712,NCH   (713),20.4,AUT16,29,2,-,-,-,-,-
Kirill Kivattsev,713,NCH   (714),20.5,RUS30,29,2,-,-,-,-,-
Walter Trusendi,714,299,33.3,ITA50,29,-19,-2,Santa Margherita 8 R32,-,-,-
Franco Emanuel Egea,715,611,22.3,ARG34,29,-19,-2,Angers R32,Lost in Djerba 8 R32,-,-
Erik Crepaldi,716,282,27.9,ITA51,29,-6,-1,-,Lost in Qual. Sarasota R2Lost in Qual. Tallahassee R2,-,-
Issam Haitham Taweel,717,635,28.7,EGY4,29,-1,-,-,Lost in Qual. Sharm El Sheikh 13 R3Lost in Sharm El Sheikh 14 R16,-,-
Alejandro Gómez,718,352,26.6,COL7,28,-1,-,Qual. Leon R3,Lost in Qual. Guadalajara R2,-,-
Petr Nouza,719,709,19.6,CZE18,28,-,-,-,-,-,-
Raphael Baltensperger,720,676,20.3,SUI8,28,-,-,-,-,-,-
Pavel Nejedly,721,604,25.1,CZE19,28,-,-,-,Lost in Antalya 15 SF,-,-
Maxime Tchoutakian,722,666,24.3,FRA67,28,-,-,-,Lost in Djerba 8 R32,-,-
Duje Kekez,723,422,25,CRO11,28,-,-,-,-,-,-
Marek Gengel,724,600,22.5,CZE20,28,11,1,-,Lost in Sharm El Sheikh 13 R16Lost in Qual. Francavilla R1,-,-
Danny Thomas,725,724,18.4,USA56,27,-1,-,Tallahassee R32,Lost in Qual. Sarasota R2,-,-
Tom Fawcett,726,725,22.5,USA57,27,-1,-,-,-,-,-
Adam Chadaj,727,202,33.9,POL7,27,-1,-,-,-,-,-
Artur Shakhnubaryan,728,711,21.6,RUS31,27,-1,-,-,Lost in Bukhara R32,-,-
Cheng Yu Yu,729,531,23,TPE8,27,-,-,-,-,-,-
Mauricio Echazú,730,379,29.2,PER2,27,-,-,-,Lost in Qual. Leon R1,-,-
Alexandar Lazarov,731,541,20.4,BUL4,27,-,-,-,-,-,-
Jordan Correia,732,731,20.7,BRA20,27,9,1,-,Qual. Antalya 14 WLost in Antalya 14 R16Qual. Madrid WLost in Madrid R32,-,-
Fred Simonsson,733,633,23.4,SWE7,27,-1,-,-,-,-,-
Giovanni Fonio,734,733,19.9,ITA52,27,-1,-,Santa Margherita 8 R32,Lost in Santa Margherita 7 R32,-,-
Bernardo Saraiva,735,694,24.7,POR11,27,-1,-,-,Lost in Porto R32Lost in Cascais R32,-,-
Ryota Tanuma,736,726,22.5,JPN24,27,11,1,-,Lost in Matsuyama R16,-,-
Mikhail Korovin,737,724,22.1,RUS32,27,-1,-,-,Qual. Madrid WLost in Madrid R16,-,-
Dekel Bar,738,593,25.1,ISR8,26,-,-,-,-,-,-
Pruchya Isaro,739,692,22.5,THA2,26,-,-,-,-,-,-
Camilo Ugo Carabelli,740,CH,18.8,ARG35,26,-,-,Sao Jose do Rio Preto R32,-,-,-
Markos Kalovelonis,741,445,23.9,RUS33,26,2,-,-,Lost in Shymkent 3 R16,-,-
Aryan Goveas,742,679,19.7,IND13,26,2,-,Abuja 2 R32,Lost in Abuja R16,-,-
Sébastien Boltz,743,276,25,FRA68,26,2,-,-,La Grande Motte W,-,-
Jaime Pulgar Garcia,744,296,29,ESP49,26,21,2,-,Lost in Djerba 8 QF,-,-
Jacopo Stefanini,745,598,22,ITA53,26,1,-,Qual. Antalya 16 R3,Lost in Antalya 15 R32,-,-
Christian Hirschmüller,746,671,25.1,GER44,26,2,-,-,Lost in Sharm El Sheikh 13 R16Lost in Sharm El Sheikh 14 R32,-,-
Andre Begemann,747,166,33.7,GER45,25,2,-,-,-,-,-
Stephan Fransen,748,744,29.7,NED14,25,2,-,-,-,-,-
Tae Woo Lee,749,746,26.3,KOR9,25,2,-,-,-,-,-
Luca Giacomini,750,NCH   (752),20.4,ITA54,25,2,-,-,Lost in La Grande Motte R16,-,-
Nerman Fatić,751,587,23.4,BIH5,25,-9,-1,-,Qual. Antalya 15 WLost in Antalya 15 R16,-,-
Santiago Fa Rodriguez Taverna,752,707,18.7,ARG36,25,2,-,-,Lost in Qual. Little Rock R1Lost in Orange Park QF,-,-
Denis Matsukevich,753,234,32,RUS34,25,4,-,-,-,-,-
Takuto Niki,754,278,30.5,JPN25,25,-1,-,-,Lost in Matsuyama R32,-,-
Nicolas Santos,755,457,30.2,BRA21,25,-,-,Sao Jose do Rio Preto R32,-,-,-
Domagoj Biljesko,756,751,20.8,CRO12,25,-,-,-,Lost in Djerba 9 R32,-,-
Fran Zvonimir Zgombic,757,NCH   (759),22.2,CRO13,25,2,-,-,Lost in La Grande Motte R16,-,-
Hugo Voljacques,758,719,25.3,FRA69,25,18,2,-,Lost in Djerba 8 QFLost in Djerba 9 R32,-,-
Bogdan Bobrov,759,NCH   (767),20.5,RUS35,25,8,1,Shymkent 4 R32,Lost in Shymkent 2 R16Lost in Shymkent 3 QF,-,-
Carlos Salamanca,760,137,35.2,COL8,24,1,-,-,-,-,-
Vitaly Kozyukov,761,536,23.8,RUS36,24,-24,-2,-,-,-,-
Marvin Netuschil,762,306,26.8,GER46,24,-,-,-,-,-,-
Dan Added,763,NCH   (772),19,FRA70,24,9,1,-,Lost in Djerba 8 R16Lost in Djerba 9 R16,-,-
Neil Pauffley,764,406,28,GBR18,24,-,-,-,Lost in Djerba 9 R16,-,-
Jumpei Yamasaki,765,577,20.8,JPN26,24,28,3,-,Lost in Matsuyama QF,-,-
Gabriel Petit,766,758,22.6,FRA71,24,-8,-1,Angers R32,-,-,-
Bogdan Ionut Apostol,767,NCH   (795),22.2,ROU6,24,28,3,-,Qual. Santa Margherita 6 WLost in Santa Margherita 6 QF,-,-
Pavel Krainik,768,624,25.5,CAN11,24,-2,-,-,Lost in Qual. Leon R1,-,-
Antoine Bellier,769,503,21.5,SUI9,24,-9,-1,-,Qual. Santa Margherita 7 WLost in Santa Margherita 7 R16,-,-
Timur Kiyamov,770,NCH   (775),21.4,RUS37,24,5,1,Qual. Antalya 16 R3,Qual. Antalya 14 WLost in Antalya 14 R16Lost in Qual. Antalya 15 R1,-,-
Marcel Felder,771,227,33.7,URU3,23,-3,-,-,-,-,-
James Ward,772,89,31.1,GBR19,23,26,3,Qual. Leon R3,Qual. Guadalajara WLost in Guadalajara R32,-,-
Arthur Rinderknech,773,769,22.7,FRA72,23,-4,-,-,-,-,-
Min Kyu Song,774,591,27.6,KOR10,23,14,2,-,Lost in Shymkent 2 QFLost in Shymkent 3 R16,-,-
Harrison Adams,775,NCH   (882),23.9,USA58,23,107,8,-,Lost in Little Rock SF,-,-
Juan Sebastián Gómez,776,469,26.1,COL9,23,-6,-,-,-,-,-
Julien Dubail,777,371,30.1,BEL21,23,-6,-,-,-,-,-
Evan Zhu,778,770,19.6,USA59,23,-5,-,-,-,-,-
Anıl Yüksel,779,492,27.9,TUR4,23,-16,-1,-,-,-,-
Julian Ocleppo,780,590,20.7,ITA55,23,-6,-,-,Lost in Qual. Tunis R1Lost in Qual. Francavilla R1,-,-
Nicolo Turchetti,781,766,21.8,ITA56,23,-4,-,-,-,-,-
Jakub Paul,782,778,19,SUI10,22,-4,-,Abuja 2 R32,Lost in Abuja R32,-,-
Timur Khabibulin,783,753,22.7,KAZ7,22,-4,-,Qual. Shymkent 4 R3,Lost in Shymkent 2 R32Lost in Shymkent 3 R32,-,-
Juan Lizariturry,784,304,27,ESP50,22,-4,-,-,-,-,-
Benjamin Sigouin,785,781,18.8,CAN12,22,-4,-,-,-,-,-
Sami Reinwein,786,488,25.8,GER47,22,-4,-,-,Lost in La Grande Motte R32,-,-
Guy Den Heijer,787,783,21,NED15,22,-4,-,-,-,-,-
Matej Sabanov,788,640,25.8,CRO14,22,-4,-,Abuja 2 R32,Lost in Abuja R32,-,-
Jaime Fermosell Delgado,789,740,20.3,ESP51,22,-4,-,-,-,-,-
Omar Salman,790,488,22,BEL22,22,-4,-,-,Lost in Qual. Porto R2Qual. Madrid WLost in Madrid R32,-,-
Maciej Smoła,791,22,25,POL741,22,5,8,-,Qual. Santa Margherita 6 WLost in Santa Margherita 6 R16Qual. Santa Margherita 7 WLost in Santa Margherita 7 QFQual. Santa Margherita 8 W,-,-
Gonzalo Villanueva,792,519,23.2,ARG37,21,-3,-,Sao Jose do Rio Preto R32,-,-,-
Cameron Silverman,793,733,25.9,USA60,21,-3,-,-,-,-,-
Luke Johnson,794,NCH   (810),24,GBR20,21,16,1,-,Lost in Djerba 8 R16Lost in Djerba 9 SF,-,-
Ken Onishi,795,684,22.1,JPN27,21,-3,-,-,-,-,-
Sem Verbeek,796,789,24,NED16,21,-2,-,-,-,-,-
Volodoymyr Uzhylovskyi,797,492,30,UKR11,21,-,-,-,Lost in Qual. Francavilla R1,-,-
Antal Van Der Duim,798,214,30.5,NED17,20,-11,-1,-,-,-,-
Felipe Martinez Sarrasague,799,CH,21,ARG38,20,-,-,-,-,-,-
Jorge Montero,800,654,27.5,CHI6,20,-,-,-,-,-,-
Zihao Xia,801,714,21.2,CHN11,20,-,-,-,Lost in Nanchang R32,-,-
Manish Sureshkumar,802,NCH   (804),18.6,IND14,20,2,-,-,-,-,-
Sebastian Prechtel,803,791,21.9,GER48,20,-1,-,Qual. Antalya 16 R3,Qual. Porto WLost in Porto R32Qual. Cascais WLost in Cascais R32,-,-
Bogdan Borza,804,707,21,ROU7,20,1,-,-,-,-,-
Luis Patiño,805,649,24.5,MEX2,20,-2,-,Leon R32,Lost in Guadalajara R32,-,-
Hunter Callahan,806,696,25.3,USA61,20,-,-,-,-,-,-
Patrik Brydolf,807,523,26.4,SWE8,20,-,-,-,-,-,-
Dominik Kellovsky,808,468,21.7,CZE21,20,1,-,-,Lost in Qual. Sharm El Sheikh 13 R3Lost in Qual. Francavilla R2,-,-
Daniel Appelgren,809,695,21.9,SWE9,20,2,-,-,Lost in Djerba 8 R32Lost in Djerba 9 R16,-,-
Marcelo Zormann,810,467,21.8,BRA22,20,3,-,Sao Jose do Rio Preto R32,-,-,-
Nicolas Alberto Arreche,811,587,23.6,ARG39,20,1,-,Sao Jose do Rio Preto R32,-,-,-
Milan Drinic,812,650,20.5,SRB15,20,33,2,-,Qual. Antalya 14 WLost in Antalya 14 QFLost in Qual. Antalya 15 R3,-,-
Peter Goldsteiner,813,738,27.7,AUT17,20,1,-,-,Lost in Sharm El Sheikh 13 R32Lost in Sharm El Sheikh 14 R16,-,-
Alon Elia,814,NCH   (815),22.8,ISR9,20,1,-,-,-,-,-
Tristan Méraut,815,813,22.3,FRA73,19,1,-,-,-,-,-
Shinji Hazawa,816,NCH   (817),19,JPN28,19,1,-,-,Lost in Qual. Matsuyama R2,-,-
Michael Redlicki,817,NCH   (860),24.4,USA62,19,43,3,-,Qual. Little Rock WLost in Little Rock QF,-,-
Nik Razboršek,818,521,24.5,SLO4,19,-,-,Qual. Antalya 16 R3,Lost in Qual. Antalya 15 R3,-,-
Wilfredo González,819,NCH   (820),25.2,GUA2,19,1,-,-,Lost in Qual. Leon R1,-,-
Gábor Borsos,820,723,26.8,HUN6,19,1,-,-,-,-,-
Ricardo Hocevar,821,149,32.9,BRA23,19,2,-,-,-,-,-
Alejandro Tabilo,822,587,20.8,CHI7,19,-14,-1,-,Lost in Orange Park QF,-,-
Eduardo Agustin Torre,823,596,23.5,ARG40,19,-1,-,-,Lost in Orange Park QF,-,-
Lucas Gómez,824,463,22.6,MEX3,19,1,-,-,Lost in Qual. Guadalajara R2Lost in Qual. Leon R1,-,-
Ricardo Rodriguez Pace,825,282,24.9,VEN1,19,1,-,-,Lost in Orange Park QF,-,-
Igor Marcondes,826,704,20.8,BRA24,19,-35,-2,Sao Jose do Rio Preto R32,Lost in Sharm El Sheikh 13 R32,-,-
Peter Bothwell,827,641,22.5,IRL3,19,1,-,-,Lost in Djerba 9 R16,-,-
Sergio Martos Gornes,828,726,23.5,ESP52,19,1,-,-,Lost in Qual. Majadahonda R2,-,-
Stefan Seifert,829,228,33.1,GER49,18,1,-,-,-,-,-
Mikhail Elgin,830,123,36.5,RUS38,18,1,-,-,-,-,-
Nicolas Alvarez,831,NCH   (832),21.8,PER3,18,1,-,-,-,-,-
Wil Spencer,832,478,28.6,USA63,18,1,-,-,-,-,-
Luca Margaroli,833,692,26.1,SUI11,18,1,-,-,Lost in Bukhara R16,-,-
Petru Alexandru Luncanu,834,304,28.9,ROU8,18,1,-,-,-,-,-
Haadin Salim Bava,835,668,23.3,IND15,18,-16,-1,-,-,-,-
Adrian Obert,836,822,23,GER50,18,-,-,-,-,-,-
Kevin Griekspoor,837,655,27.2,NED18,18,-,-,-,-,-,-
Claudio Fortuna,838,384,28,ITA57,18,1,-,-,Lost in Djerba 8 R32,-,-
Pierre Faivre,839,813,22.1,FRA74,18,1,-,Qual. Angers R3,Lost in La Grande Motte R32,-,-
Michael Vrbensky,840,NCH   (874),18.3,CZE22,18,34,2,-,Lost in Djerba 8 QF,-,-
Adam El Mihdawy,841,281,28.7,USA64,18,-,-,-,Lost in Orange Park R16,-,-
Denis Klok,842,NCH   (846),19.9,RUS39,18,11,1,Shymkent 4 R32,Lost in Shymkent 2 R16Lost in Shymkent 3 R32,-,-
Yurii Dzhavakian,843,704,24.9,UKR12,18,1,-,-,-,-,-
Tiago Cacao,844,NCH   (852),20.1,POR12,18,8,1,-,Lost in Porto R16Lost in Cascais F,-,-
Raleigh Smith,845,716,26.5,USA65,18,-2,-,-,Lost in Orange Park R32,-,-
Jürgen Melzer,846,8,36.9,AUT18,17,-265,-33,-,Lost in Qual. Barcelona R2,-,-
Matthew Barton,847,183,26.3,AUS34,17,-,-,-,-,-,-
Julian Onken,848,693,29.8,GER51,17,-10,-1,-,-,-,-
Kenneth Raisma,849,676,20,EST3,17,1,-,-,-,-,-
Junior Alexander Ore,850,NCH   (851),25.6,USA66,17,1,-,-,Lost in Orange Park R32,-,-
Matej Vocel,851,802,20.9,CZE23,17,22,1,-,Qual. Djerba 8 WLost in Djerba 8 R16,-,-
Soichiro Moritani,852,725,23.6,JPN29,17,-28,-2,-,Lost in Matsuyama R32,-,-
Maxim Ratniuk,853,789,21.9,RUS40,17,-26,-2,-,Qual. Antalya 14 WLost in Antalya 14 R32Lost in Qual. Antalya 15 R3,-,-
Oleksandr Bielinskyi,854,665,23.9,UKR13,17,-12,-1,Shymkent 4 R32,Lost in Shymkent 2 R32Lost in Shymkent 3 R32,-,-
Luca Gelhardt,855,848,23.3,GER52,17,-1,-,-,-,-,-
Oleg Prihodko,856,855,20.5,UKR14,17,-1,-,Qual. Majadahonda R3,Lost in Qual. Madrid R2,-,-
Daniil Zarichanskyy,857,839,20.3,UKR15,17,-11,-1,-,Lost in Sharm El Sheikh 13 R32,-,-
Emil Reinberg,858,836,21,USA67,16,-1,-,-,-,-,-
Ryan Haviland,859,516,37.3,USA68,16,-,-,-,-,-,-
Jack Findel Hawkins,860,858,23.5,GBR21,16,-2,-,-,Lost in Little Rock R32Lost in Orange Park R16,-,-
Finn Tearney,861,356,27.5,NZL2,16,-13,-1,-,-,-,-
David Souto,862,208,26,VEN2,16,-1,-,-,-,-,-
Sebastian Korda,863,842,17.7,USA69,16,-1,-,-,Lost in Sarasota R32Lost in Qual. Tallahassee R2,-,-
Jeffrey Schorsch,864,863,23.1,USA70,16,-1,-,-,-,-,-
Skander Mansouri,865,864,22.7,TUN5,16,-1,-,-,-,-,-
Finn Bass,866,865,18.5,GBR22,16,-1,-,-,Lost in Djerba 9 QF,-,-
Sergey Betov,867,340,30.5,BLR6,16,-1,-,-,Qual. Bukhara WLost in Bukhara R16,-,-
Rrezart Cungu,868,810,19.7,MNE2,16,-1,-,-,-,-,-
Simon Carr,869,868,18.4,IRL4,16,-1,-,-,Lost in La Grande Motte R32,-,-
Jorge Panta,870,512,22.7,PER4,16,-1,-,-,Lost in Qual. Leon R1,-,-
Karl Friberg,871,870,19,SWE10,16,-1,-,-,Lost in Qual. Antalya 14 R2Qual. Antalya 15 WLost in Antalya 15 R16,-,-
Dmitry Mnushkin,872,871,21.9,RUS41,16,-1,-,-,Lost in Bukhara R32,-,-
Rigele Te,873,629,20.5,CHN12,16,-1,-,-,Lost in Matsuyama R32,-,-
Thomas Setodji,874,820,22.5,FRA75,16,1,-,Abuja 2 R32,Lost in Abuja R32,-,-
Issei Okamura,875,574,25.9,JPN30,16,1,-,-,Qual. Matsuyama WLost in Matsuyama R32,-,-
Sarp Ağabigün,876,831,20.8,TUR5,16,1,-,-,Lost in Antalya 15 R32,-,-
Francisco Cabral,877,862,21.2,POR13,16,1,-,-,Lost in Porto R32Qual. Cascais WLost in Cascais R32,-,-
Oleg Khotkov,878,781,28.1,UKR16,16,-22,-1,-,Qual. Sharm El Sheikh 13 WLost in Sharm El Sheikh 13 R32Lost in Sharm El Sheikh 14 R32,-,-
Andrey Golubev,879,33,30.7,KAZ8,15,1,-,-,-,-,-
Seong Gook Oh,880,NCH   (881),26,KOR11,15,1,-,-,-,-,-
André Miele,881,229,31,BRA25,15,2,-,Sao Jose do Rio Preto R32,-,-,-
Ergi Kirkin,882,NCH   (884),19.2,TUR6,15,2,-,-,Lost in Antalya 15 R32,-,-
Fernando Romboli,883,236,29.2,BRA26,15,2,-,-,-,-,-
Ryan Peniston,884,NCH   (886),22.4,GBR23,15,2,-,-,-,-,-
Yuichi Ito,885,325,31.7,JPN31,15,2,-,-,Lost in Qual. Matsuyama R3,-,-
Simone Roncalli,886,NCH   (888),21.9,ITA58,15,2,-,-,-,-,-
Vadym Ursu,887,605,21.3,UKR17,15,2,-,-,Lost in Bukhara R16,-,-
Filip Duda,888,NCH   (890),19.5,CZE24,15,2,-,-,Lost in Djerba 8 R32Lost in Djerba 9 R16,-,-
Vladimir Polyakov,889,791,23.8,RUS42,15,4,-,-,Lost in Shymkent 2 R32Qual. Bukhara WLost in Bukhara R32,-,-
Vladyslav Orlov,890,NCH   (894),22.9,UKR18,15,4,-,-,Qual. Sharm El Sheikh 13 WLost in Sharm El Sheikh 13 R32Lost in Sharm El Sheikh 14 R32,-,-
Mats Rosenkranz,891,NCH   (895),19.6,GER53,15,4,-,-,-,-,-
Alberto Romero De Avila Senise,892,679,20.3,ESP53,15,-13,-1,Majadahonda R32,Qual. Madrid WLost in Madrid R32,-,-
François-Arthur Vibert,893,591,27.7,FRA76,15,3,-,Qual. Angers R3,-,-,-
Andrey Chepelev,894,NCH   (897),19.7,RUS43,15,3,-,-,Qual. Antalya 14 WLost in Antalya 14 R32,-,-
Grega Žemlja,895,43,31.5,SLO5,14,3,-,-,-,-,-
Trevor Allen Johnson,896,NCH   (899),22.3,USA71,14,3,-,-,-,-,-
Marko Miladinovic,897,NCH   (901),17.3,SRB16,14,4,-,-,-,-,-
Alexis Gautier,898,868,21,FRA77,14,5,-,Angers R32,Qual. Djerba 8 WLost in Djerba 8 R32Lost in La Grande Motte QF,-,-
Ryan Nijboer,899,NCH   (904),18.7,NED19,14,5,-,Qual. Majadahonda R3,Lost in Qual. Madrid R2,-,-
Khumoyun Sultanov,900,726,19.4,UZB4,14,6,-,-,Lost in Bukhara QF,-,-
Fernando Bogajo,901,NCH   (904),25.5,ESP54,14,4,-,-,Lost in Djerba 8 R32Lost in Qual. Madrid R3,-,-
Mazen Osama,902,473,23.1,EGY5,14,5,-,-,-,-,-
Facundo Juarez,903,895,20.5,ARG41,14,5,-,-,Qual. Santa Margherita 6 WLost in Santa Margherita 6 R32Qual. Madrid WLost in Madrid R16Lost in Qual. Majadahonda R2,-,-
Riccardo Maiga,904,780,28.7,SUI12,14,5,-,-,Qual. Djerba 8 WLost in Djerba 8 R32,-,-
Mateo Nicolás Martínez,904,390,24.1,ARG42,14,393,10,-,Qual. Djerba 8 WLost in Djerba 8 F,-,-
José Olivares,906,670,21.2,DOM4,14,4,-,-,Lost in Qual. Guadalajara R2,-,-
Takashi Saito,907,556,23.1,JPN32,14,4,-,-,-,-,-
Michel Vernier,908,780,25.5,CHI8,14,181,6,-,Qual. Sharm El Sheikh 13 WLost in Sharm El Sheikh 13 SFLost in Sharm El Sheikh 14 QF,-,-
Viktor Filipenko,908,692,26.5,HUN7,14,4,-,-,-,-,-
Temur Ismailov,910,397,23.2,UZB5,14,3,-,-,-,-,-
Diego Hidalgo,911,767,25,ECU5,14,3,-,Qual. Majadahonda R3,Lost in Qual. Madrid R3,-,-
Nicola Ghedin,912,450,29.5,ITA59,14,5,-,-,-,-,-
Michael Zhu,913,909,25.6,USA72,14,2,-,-,Qual. Sharm El Sheikh 13 WLost in Sharm El Sheikh 13 R32Lost in Sharm El Sheikh 14 R32,-,-
Thales Turini,914,283,28.7,BRA27,14,2,-,Sao Jose do Rio Preto R32,Lost in Qual. Sarasota R1,-,-
Niels Lootsma,915,423,23.6,NED20,14,3,-,-,-,-,-
Carlos Eduardo Severino,916,343,27.3,BRA28,14,3,-,Sao Jose do Rio Preto R32,-,-,-
Louis Chaix,917,884,22.9,FRA78,14,4,-,-,Lost in Qual. Madrid R3Lost in Qual. Majadahonda R2,-,-
Cing Yang Meng,918,844,19.7,TPE9,14,-27,-1,-,-,-,-
Muhammet Haylaz,919,729,22.4,TUR7,14,-27,-1,-,Lost in Antalya 14 R32,-,-
Rio Noguchi,920,CH,19.3,JPN33,14,2,-,-,Lost in Qual. Matsuyama R2,-,-
Brandon Holt,921,902,20,USA73,13,2,-,-,-,-,-
Abhinav Sanjeev Shanmugam,922,NCH   (924),19.4,IND16,13,2,-,-,-,-,-
Huixin Wang,923,920,21.7,CHN13,13,4,-,-,-,-,-
Marcin Gawron,923,262,29.9,POL9,13,2,-,-,-,-,-
Alexander Ritschard,925,648,24,USA74,13,19,1,-,Qual. Little Rock WLost in Little Rock R16,-,-
Sergey Fomin,926,921,17.2,UZB6,13,2,-,-,-,-,-
Alexandre Tsuchiya,927,649,25.3,BRA29,13,2,-,Sao Jose do Rio Preto R32,-,-,-
Scott Puodziunas,928,891,28.4,AUS35,13,2,-,-,-,-,-
Isaiah Strode,929,NCH   (948),20.6,USA75,13,19,1,-,Lost in Little Rock R16Lost in Orange Park R32,-,-
Evan Hoyt,930,542,23.2,GBR24,13,24,1,-,Lost in Sharm El Sheikh 13 R16Lost in Sharm El Sheikh 14 SF,-,-
Masato Shiga,931,479,26.7,JPN34,13,-,-,-,-,-,-
Marc Fornell Mestres,932,236,36.2,ESP55,13,1,-,-,Lost in Qual. Cascais R3Lost in Cascais R16Lost in Qual. Majadahonda R1,-,-
Daniel Nolan,933,606,21.1,AUS36,13,1,-,-,-,-,-
Federico Moreno,934,849,23.7,ARG43,13,-2,-,Qual. Majadahonda R2,Qual. Santa Margherita 6 WLost in Santa Margherita 6 R32Lost in Qual. Madrid R3Lost in Madrid R32,-,-
Johannes Härteis,935,640,22.1,GER54,13,-15,-1,-,-,-,-
Clément Larrière,936,925,20.9,FRA79,13,-1,-,-,Lost in La Grande Motte R32,-,-
Caio Silva,937,610,26.5,BRA30,13,-1,-,Sao Jose do Rio Preto R32,Lost in Qual. Sarasota R1,-,-
Dragos Nicolae Madaras,938,650,20.6,SWE11,13,-1,-,-,Qual. Santa Margherita 6 WLost in Santa Margherita 6 R32,-,-
Mate Pavić,939,295,24.8,CRO15,12,-1,-,-,-,-,-
Pere Riba,940,65,30,ESP56,12,-1,-,-,Lost in Qual. Sarasota R1Lost in Qual. Tallahassee R3,-,-
Julian Cash,941,935,21.6,GBR25,12,-1,-,-,-,-,-
Isak Arvidsson,942,489,25.7,SWE12,12,-42,-2,-,-,-,-
Sebastian Baez,943,NCH)    1116),17.3,ARG44,12,191,6,-,Lost in Antalya 14 SFLost in Antalya 15 R32,-,-
Jea Moon Lee,944,669,24.8,KOR12,12,-2,-,-,-,-,-
Bastian Trinker,945,241,27.9,AUT19,12,-2,-,-,-,-,-
Jacob Dunbar,946,936,22.5,USA76,12,-5,-,-,Lost in Little Rock R32Lost in Orange Park R16,-,-
Lukas Ruepke,947,767,24.7,GER55,12,-2,-,-,-,-,-
Jaimee Floyd Angele,948,946,18,FRA80,12,-2,-,Abuja 2 R32,Lost in Abuja SF,-,-
Matthew Christopher Romios,949,947,19,AUS37,12,-2,-,-,-,-,-
Tyler Lu,950,946,22.6,USA77,12,-1,-,-,Lost in Qual. Nanchang R1Lost in Qual. Anning R1,-,-
Petr Hájek,951,910,21.1,CZE25,12,-1,-,-,-,-,-
Franjo Raspudic,952,634,27.4,CRO16,12,-1,-,-,-,-,-
Gabriel Donev,953,947,21.8,BUL5,12,-1,-,-,-,-,-
Hady Habib,954,NCH   (955),19.6,USA78,12,1,-,-,-,-,-
Vitaliy Sachko,955,937,20.7,UKR19,12,1,-,-,Lost in Antalya 14 R32Lost in Qual. Antalya 15 R3,-,-
Mike Urbanija,956,477,28.3,SLO6,12,1,-,-,Qual. Antalya 15 WLost in Antalya 15 R32Lost in Qual. Antalya 16 R2,-,-
Eduardo Dischinger,957,540,25.9,BRA31,12,1,-,-,Lost in Qual. Porto R2Lost in Qual. Cascais R3,-,-
Tim Van Terheijden,958,780,28.2,NED21,12,1,-,-,-,-,-
Alexander Weis,959,NCH   (960),20.9,ITA60,12,1,-,-,Lost in Sharm El Sheikh 14 R32,-,-
Goran Marković,960,957,22.5,SRB17,12,3,-,-,-,-,-
Jules Marie,961,228,26.6,FRA81,11,3,-,Qual. Angers R3,Lost in La Grande Motte R32,-,-
Nils Langer,962,188,28.2,GER56,11,3,-,-,-,-,-
Kirill Dmitriev,963,363,26.7,RUS44,11,3,-,-,-,-,-
Logan Smith,964,957,21.4,USA79,11,3,-,-,-,-,-
Julian Zlobinsky,965,958,22.2,USA80,11,3,-,-,-,-,-
Yusuke Watanuki,966,477,27.9,JPN35,11,4,-,-,-,-,-
Kaito Uesugi,967,711,22.8,JPN36,11,2,-,-,Qual. Matsuyama WLost in Matsuyama R32,-,-
Gabi Adrian Boitan,968,963,18.7,ROU9,11,3,-,-,-,-,-
Chun Hun Wong,968,NCH   (971),22.4,HKG1,11,3,-,-,-,-,-
Sherif Sabry,970,351,31.6,EGY6,11,-18,-1,-,-,-,-
Alexander Day,971,969,22.6,CAN13,11,3,-,-,-,-,-
Tigre Hank,972,416,26.5,MEX4,11,1,-,Leon R32,Lost in Guadalajara R32,-,-
Piotr Matuszewski,973,763,20,POL10,11,2,-,-,Lost in Qual. Sharm El Sheikh 13 R1,-,-
Dusty H. Boyer,974,NCH   (976),24.8,USA81,11,2,-,-,Lost in Qual. Sharm El Sheikh 13 R3Lost in Sharm El Sheikh 14 QF,-,-
Luka Pavlovic,975,NCH   (977),18,FRA82,11,2,-,-,Lost in La Grande Motte R32,-,-
Adria Mas Mascolo,976,796,25,ESP57,11,2,-,-,-,-,-
Ioannis Stergiou,977,NCH   (979),23,GRE2,11,2,-,-,-,-,-
Calum Puttergill,978,NCH   (980),24.5,AUS38,11,2,-,-,-,-,-
Connor Farren,979,823,23.5,USA82,11,3,-,-,Lost in La Grande Motte R32,-,-
James Frawley,980,886,24,AUS39,11,3,-,-,-,-,-
Frederik Press,981,980,23,GER57,11,-,-,-,Lost in Sharm El Sheikh 13 R32Lost in Sharm El Sheikh 14 R16,-,-
Ivan Davydov,982,719,21.5,RUS45,11,-21,-1,-,Lost in Qual. Angers R2,-,-
Enrico Dalla Valle,983,932,20,ITA61,11,1,-,Santa Margherita 8 R32,Lost in Sharm El Sheikh 13 R32,-,-
Adrian Andrzejczuk,984,887,22,POL11,11,-22,-1,-,Lost in Qual. Sharm El Sheikh 13 R2,-,-
Florian Fallert,985,412,25.9,GER58,11,-,-,Santa Margherita 8 R32,Lost in Santa Margherita 7 R32Qual. Santa Margherita 8 W,-,-
Jose Fco. Vidal Azorin,986,632,24.8,ESP58,11,-,-,-,Lost in La Grande Motte R16,-,-
Takao Suzuki,987,102,41.5,JPN37,10,-,-,-,-,-,-
Guillermo Durán,988,385,29.8,ARG45,10,-,-,-,Lost in Qual. Francavilla R1,-,-
Riccardo Ghedin,989,222,32.3,ITA62,10,-,-,-,-,-,-
Juraj Masar,990,608,25.7,SVK10,10,-,-,-,Lost in Qual. Djerba 10 R2,-,-
Andrzej Kapaś,991,323,28.6,POL12,10,-65,-3,-,-,-,-
Michael Geerts,992,435,23.2,BEL23,10,3,-,-,-,-,-
Francesco Forti,993,991,18.7,ITA63,10,-2,-,-,-,-,-
Sergio Luis Hernandez Ramirez,993,991,18.6,COL10,10,-2,-,Sao Jose do Rio Preto R32,-,-,-
Ezekiel Clark,995,986,19.7,USA83,10,-2,-,-,-,-,-
Víctor Núñez,996,930,26.9,CHI9,10,-1,-,-,-,-,-
Jolan Cailleau,997,881,22.8,BEL24,10,-,-,-,-,-,-
Kazuki Nishiwaki,998,NCH)    1497),23.4,JPN38,10,562,8,-,Qual. Matsuyama WLost in Matsuyama SF,-,-