name,rank,move,country,age,points,tournaments
Simona Halep,1,0,ROU,26,8140,18
Caroline Wozniacki,2,0,DEN,27,6790,21
Garbiñe Muguruza,3,0,ESP,24,6065,23
Elina Svitolina,4,0,UKR,23,5630,18
Jelena Ostapenko,5,0,LAT,20,5307,21
Karolina Pliskova,6,0,CZE,26,4730,20
Caroline Garcia,7,0,FRA,24,4615,23
Venus Williams,8,0,USA,37,4276,14
Sloane Stephens,9,0,USA,25,3938,13
Petra Kvitova,10,0,CZE,28,3271,19
Julia Goerges,11,0,GER,29,2980,24
Angelique Kerber,12,0,GER,30,2971,20
Madison Keys,13,0,USA,23,2722,17
Daria Kasatkina,14,0,RUS,20,2570,22
Anastasija Sevastova,15,0,LAT,28,2545,24
Coco Vandeweghe,16,0,USA,26,2488,17
Elise Mertens,17,0,BEL,22,2420,25
Magdalena Rybarikova,18,0,SVK,29,2350,23
Ashleigh Barty,19,0,AUS,21,2318,18
Kristina Mladenovic,20,0,FRA,24,2280,29
Kiki Bertens,21,0,NED,26,2135,26
Naomi Osaka,22,0,JPN,20,2105,24
Johanna Konta,23,0,GBR,26,1995,22
Daria Gavrilova,24,0,AUS,24,1925,23
Carla Suárez Navarro,25,0,ESP,29,1910,24
Barbora Strycova,26,0,CZE,32,1765,24
Anastasia Pavlyuchenkova,27,0,RUS,26,1700,24
Svetlana Kuznetsova,28,0,RUS,32,1613,15
Agnieszka Radwanska,29,0,POL,29,1525,20
Shuai Zhang,30,0,CHN,29,1500,29
Anett Kontaveit,31,0,EST,22,1475,23
Ekaterina Makarova,32,0,RUS,29,1380,21
Dominika Cibulkova,33,0,SVK,28,1380,21
Sorana Cirstea,34,0,ROU,28,1355,24
Alizé Cornet,35,0,FRA,28,1355,28
Petra Martic,36,△1,CRO,27,1273,13
Irina-Camelia Begu,37,△1,ROU,27,1270,27
Timea Babos,38,△1,HUN,24,1270,27
Mihaela Buzarnescu,39,△1,ROU,29,1263,31
Lesia Tsurenko,40,△1,UKR,28,1260,27
Maria Sharapova,41,△1,RUS,31,1257,13
Shuai Peng,42,▽6,CHN,32,1255,23
Elena Vesnina,43,0,RUS,31,1175,24
Catherine Bellis,44,0,USA,19,1175,20
Danielle Collins,45,0,USA,24,1137,27
Timea Bacsinszky,46,0,SUI,28,1132,12
Aryna Sabalenka,47,0,BLR,19,1128,23
Maria Sakkari,48,△1,GRE,22,1117,25
Alison Van Uytvanck,49,△1,BEL,24,1116,22
Lucie Safarova,50,△1,CZE,31,1088,18
Katerina Siniakova,51,△1,CZE,21,1075,25
Zarina Diyas,52,▽4,KAZ,24,1075,22
Aleksandra Krunic,53,0,SRB,25,1075,22
Donna Vekic,54,0,CRO,21,1060,25
Aliaksandra Sasnovich,55,△1,BLR,24,1018,22
Carina Witthoeft,56,△1,GER,23,993,24
Samantha Stosur,57,△1,AUS,34,992,22
Camila Giorgi,58,△1,ITA,26,986,19
Su-Wei Hsieh,59,△1,TPE,32,975,29
Tatjana Maria,60,△1,GER,30,960,33
Kaia Kanepi,61,△1,EST,32,957,12
Beatriz Haddad Maia,62,△1,BRA,21,948,22
Monica Niculescu,63,△1,ROU,30,926,23
Qiang Wang,64,▽9,CHN,26,925,20
Mona Barthel,65,0,GER,27,904,25
Ana Bogdan,66,0,ROU,25,902,24
Monica Puig,67,0,PUR,24,895,21
Kateryna Kozlova,68,0,UKR,24,894,24
Magda Linette,69,0,POL,26,865,27
Kirsten Flipkens,70,0,BEL,32,846,23
Belinda Bencic,71,0,SUI,21,844,11
Kristyna Pliskova,72,0,CZE,26,825,26
Marketa Vondrousova,73,0,CZE,18,822,17
Varvara Lepchenko,74,0,USA,31,815,25
Polona Hercog,75,0,SLO,27,789,23
Sachia Vickery,76,0,USA,22,784,29
Heather Watson,77,0,GBR,25,782,25
Kateryna Bondarenko,78,0,UKR,31,775,24
Lara Arruabarrena,79,0,ESP,26,772,26
Madison Brengle,80,0,USA,28,767,25
Johanna Larsson,81,0,SWE,29,765,26
Natalia Vikhlyantseva,82,0,RUS,21,764,27
Yulia Putintseva,83,0,KAZ,23,760,26
Anna Karolina Schmiedlova,84,0,SVK,23,748,27
Jennifer Brady,85,0,USA,23,746,25
Yafan Wang,86,△12,CHN,23,745,21
Veronica Cepede Royg,87,▽1,PAR,26,738,21
Christina Mchale,88,0,USA,25,730,31
Sofia Kenin,89,▽2,USA,19,725,28
Ana Konjuh,90,▽1,CRO,20,718,17
Taylor Townsend,91,△17,USA,22,718,24
Luksika Kumkhum,92,▽2,THA,24,718,19
Sara Errani,93,▽2,ITA,30,715,21
Alison Riske,94,▽1,USA,27,710,27
Ajla Tomljanovic,95,▽1,AUS,24,700,25
Bernarda Pera,96,▽4,USA,23,697,22
Victoria Azarenka,97,▽2,BLR,28,695,5
Yanina Wickmayer,98,△9,BEL,28,658,25
Stefanie Voegele,99,▽3,SUI,28,658,19
Laura Siegemund,100,▽3,GER,30,656,12
Ekaterina Alexandrova,101,▽2,RUS,23,649,23
Kurumi Nara,102,▽2,JPN,26,647,32
Denisa Allertova,103,▽2,CZE,25,642,18
Oceane Dodin,104,▽2,FRA,21,642,22
Andrea Petkovic,105,▽2,GER,30,638,25
Shelby Rogers,106,▽1,USA,25,619,16
Viktoria Kuzmova,107,▽1,SVK,19,619,28
Jana Fett,108,△1,CRO,21,603,28
Yingying Duan,109,▽5,CHN,28,596,25
Richel Hogenkamp,110,0,NED,26,596,29
Vera Lapko,111,0,BLR,19,592,25
Mariana Duque-Mariño,112,△13,COL,28,590,25
Rebecca Peterson,113,▽1,SWE,22,585,22
Anna Blinkova,114,▽1,RUS,19,583,27
Viktorija Golubic,115,0,SUI,25,575,24
Jana Cepelova,116,0,SVK,24,566,32
Eugenie Bouchard,117,0,CAN,24,565,19
Evgeniya Rodina,118,0,RUS,29,560,34
Nicole Gibbs,119,0,USA,25,559,25
Caroline Dolehide,120,0,USA,19,550,24
Danka Kovinic,121,0,MNE,23,550,31
Pauline Parmentier,122,0,FRA,32,544,30
Arantxa Rus,123,0,NED,27,542,27
Saisai Zheng,124,△15,CHN,24,536,13
Lin Zhu,125,△4,CHN,24,530,22
Lauren Davis,126,0,USA,24,511,23
Kristie Ahn,127,▽13,USA,25,509,26
Francoise Abanda,128,▽1,CAN,21,506,19
Nao Hibino,129,▽5,JPN,23,501,31
Dalila Jakupovic,130,0,SLO,27,498,31
Arina Rodionova,131,0,AUS,28,493,31
Sara Sorribes Tormo,132,0,ESP,21,485,26
Ysaline Bonaventure,133,0,BEL,23,475,27
Naomi Broady,134,0,GBR,28,474,30
Sofya Zhuk,135,▽7,RUS,18,473,19
Tamara Zidansek,136,△7,SLO,20,461,21
Jil Teichmann,137,▽2,SUI,20,452,28
Carol Zhao,138,▽2,CAN,22,451,30
Miyu Kato,139,▽2,JPN,23,448,25
Magdalena Frech,140,0,POL,20,421,25
Barbora Krejcikova,141,0,CZE,22,414,19
Tamara Korpatsch,142,0,GER,22,414,27
Vera Zvonareva,143,△1,RUS,33,412,17
Jasmine Paolini,144,△1,ITA,22,408,30
Anna Kalinskaya,145,△2,RUS,19,404,25
Georgina Garcia Perez,146,0,ESP,25,401,20
Patty Schnyder,147,△2,SUI,39,398,23
Olivia Rogowska,148,△4,AUS,26,393,22
Ons Jabeur,149,▽1,TUN,23,391,22
Xinyun Han,150,△23,CHN,27,391,28
Anhelina Kalinina,151,▽1,UKR,21,391,21
Mirjana Lucic-Baroni,152,△1,CRO,36,390,16
Maryna Zanevska,153,△1,BEL,24,390,25
Amanda Anisimova,154,▽16,USA,16,388,13
Antonia Lottner,155,0,GER,21,388,22
Irina Bara,156,▽5,ROU,23,386,30
Lizette Cabrera,157,△2,AUS,20,383,32
Marta Kostyuk,158,▽2,UKR,15,381,9
Francesca Schiavone,159,▽2,ITA,37,381,15
Tereza Martincova,160,▽2,CZE,23,375,29
Sabine Lisicki,161,▽1,GER,28,372,11
Dayana Yastremska,162,▽1,UKR,17,371,17
Jamie Loeb,163,0,USA,23,370,26
Cagla Buyukakcay,164,▽2,TUR,28,369,26
Viktoriya Tomova,165,▽1,BUL,23,367,27
Misaki Doi,166,▽1,JPN,26,365,23
Irina Falconi,167,▽1,USA,27,362,18
Marie Bouzkova,168,▽1,CZE,19,361,26
Roberta Vinci,169,▽1,ITA,35,359,18
Alexandra Cadantu,170,0,ROU,27,359,25
Deborah Chiesa,171,△1,ITA,21,357,29
Valentyna Ivakhnenko,172,△14,RUS,24,353,25
Vitalia Diatchenko,173,△1,RUS,27,352,19
Daniela Seguel,174,△1,CHI,25,351,24
Valentini Grammatikopoulou,175,▽4,GRE,21,348,27
Su Jeong Jang,176,▽7,KOR,23,345,26
Gabriella Taylor,177,0,GBR,20,341,20
Alexandra Dulgheru,178,△1,ROU,28,331,22
Fangzhou Liu,179,▽3,CHN,22,329,24
Eri Hozumi,180,0,JPN,24,329,32
Claire Liu,181,0,USA,17,327,20
Kathinka Von Deichmann,182,0,LIE,23,327,31
Kayla Day,183,0,USA,18,322,25
Jing-Jing Lu,184,▽6,CHN,28,322,24
Myrtille Georges,185,△6,FRA,27,320,26
Sabina Sharipova,186,▽2,UZB,23,317,24
Conny Perrin,187,▽2,SUI,27,310,29
Destanee Aiava,188,△24,AUS,17,308,17
Priscilla Hon,189,▽2,AUS,19,304,28
Elitsa Kostova,190,▽2,BUL,28,297,33
Basak Eraydin,191,▽1,TUR,23,293,24
Barbara Haas,192,▽3,AUT,22,292,24
Veronika Kudermetova,193,▽1,RUS,20,290,26
Miharu Imanishi,194,△1,JPN,25,288,30
Ankita Raina,195,▽1,IND,25,288,27
Polina Monova,196,▽3,RUS,25,287,25
Katie Boulter,197,▽1,GBR,21,285,24
Francesca Di Lorenzo,198,△37,USA,20,282,22
Bibiane Schoofs,199,△9,NED,29,280,30
Julia Grabher,200,0,AUT,21,280,27
Bianca Andreescu,201,▽4,CAN,17,276,20
Sesil Karatantcheva,202,△34,BUL,28,276,21
Renata Zarazua,203,▽4,MEX,20,275,25
Bethanie Mattek-Sands,204,▽3,USA,33,273,7
Martina Trevisan,205,▽3,ITA,24,271,17
Junri Namigata,206,▽1,JPN,35,271,28
Karolina Muchova,207,▽9,CZE,21,268,16
Amandine Hesse,208,▽4,FRA,25,267,22
Lesley Kerkhove,209,△1,NED,26,260,26
Jia-Jing Lu,210,△24,CHN,28,260,26
Tsvetana Pironkova,211,0,BUL,30,259,7
Sílvia Soler-Espinosa,212,△10,ESP,30,259,28
Irina Khromacheva,213,0,RUS,22,259,25
Paula Badosa Gibert,214,▽5,ESP,20,258,22
Danielle Lao,215,△26,USA,26,257,23
Jessica Pieri,216,▽2,ITA,20,257,25
Elena Rybakina,217,▽2,RUS,18,255,9
Ipek Soylu,218,▽1,TUR,22,252,24
Olga Ianchuk,219,▽1,UKR,23,252,26
Grace Min,220,▽1,USA,23,251,22
Elena-Gabriela Ruse,221,▽1,ROU,20,250,22
Laura Robson,222,▽1,GBR,24,249,25
Jaqueline Cristian,223,▽20,ROU,19,249,24
Tereza Mrdeza,224,▽1,CRO,27,244,31
Harriet Dart,225,0,GBR,21,243,27
Ayla Aksu,226,0,TUR,21,243,24
Victoria Duval,227,0,USA,22,242,20
Katy Dunne,228,0,GBR,23,242,28
Tereza Smitkova,229,△1,CZE,23,241,25
Chantal Skamlova,230,△1,SVK,24,241,26
Xinyu Gao,231,▽7,CHN,20,240,21
Fanny Stollar,232,▽16,HUN,19,239,27
Ayano Shimizu,233,△4,JPN,20,238,33
Chiara Scholl,234,▽1,USA,25,237,24
Peangtarn Plipuech,235,▽3,THA,25,236,22
Louisa Chirico,236,△9,USA,21,234,24
Jessika Ponchet,237,△2,FRA,21,231,27
Jacqueline Cako,238,0,USA,26,229,28
Michaela Honcova,239,▽10,SVK,25,229,29
Elizaveta Kulichkova,240,△2,RUS,22,228,11
Ivana Jorovic,241,△45,SRB,20,221,21
Anastasia Potapova,242,△2,RUS,17,221,15
María-Teresa Torró-Flor,243,△3,ESP,25,221,24
Mayo Hibi,244,△3,JPN,22,220,23
Ulrikke Eikeri,245,▽39,NOR,25,219,30
Andrea Gamiz,246,△2,VEN,25,216,27
Dejana Radanovic,247,△2,SRB,21,216,25
Julia Boserup,248,△2,USA,26,215,23
Chloe Paquet,249,△26,FRA,23,214,26
Victoria Kamenskaya,250,△1,RUS,26,214,21
Georgia Brescia,251,▽44,ITA,22,214,23
Isabelle Wallace,252,△2,AUS,21,213,28
Sherazad Reix,253,△3,FRA,29,213,28
Ellen Perez,254,▽2,AUS,22,212,19
Olga Danilovic,255,▽2,SRB,17,211,12
Asia Muhammad,256,▽1,USA,27,208,24
Giulia Gatto-Monticone,257,△5,ITA,30,207,27
Risa Ozaki,258,△9,JPN,24,206,36
Marina Erakovic,259,▽2,NZL,30,206,14
Lucie Hradecka,260,▽2,CZE,32,205,11
Olga Saez Larra,261,▽2,ESP,23,205,29
Zoe Hives,262,▽1,AUS,21,204,16
Melanie Stokke,263,0,NOR,21,202,22
Fiona Ferro,264,0,FRA,21,201,21
Maria Sanchez,265,0,USA,28,201,23
Ganna Poznikhirenko,266,0,UKR,24,201,20
Anna Zaja,267,△4,GER,26,198,24
Emina Bektas,268,▽8,USA,25,198,22
Karman Thandi,269,▽1,IND,19,197,25
Dalma Galfi,270,▽1,HUN,19,196,23
Jaimee Fourlis,271,▽1,AUS,18,195,15
Na-Lae Han,272,△11,KOR,25,194,19
Alizé Lim,273,△3,FRA,27,192,25
Valeria Savinykh,274,0,RUS,27,191,26
Katarina Zavatska,275,▽2,UKR,18,190,18
Ashley Kratzer,276,△9,USA,19,188,22
Deniz Khazaniuk,277,▽37,ISR,23,186,23
Cristiana Ferrando,278,▽6,ITA,22,185,24
Fang Ying Xun,279,▽1,CHN,23,184,24
Ana Sofia Sánchez,280,▽1,MEX,24,183,23
Kristina Kucova,281,▽1,SVK,27,182,16
Diana Marcinkevica,282,▽1,LAT,25,182,28
Usue Maitane Arconada,283,▽40,USA,19,181,30
Chanel Simmonds,284,0,RSA,25,177,21
Jovana Jaksic,285,▽3,SRB,24,176,23
Katharina Hobgarski,286,▽9,GER,20,175,21
Camilla Rosatello,287,△3,ITA,22,174,21
Anastasia Grymalska,288,△5,ITA,27,172,31
Katherine Sebov,289,▽2,CAN,19,170,21
Greta Arn,290,△1,HUN,39,163,10
Kai-Chen Chang,291,△1,TPE,27,162,21
Quirine Lemoine,292,△3,NED,26,161,15
Tessah Andrianjafitrimo,293,△9,FRA,19,160,23
Victoria Rodriguez,294,▽6,MEX,23,158,24
Haruka Kaji,295,△6,JPN,23,157,21
Audrey Albie,296,▽2,FRA,23,156,19
Catalina Pella,297,0,ARG,25,156,24
Ksenia Lykina,298,△12,RUS,27,154,21
Julia Glushko,299,△1,ISR,28,154,24
Erika Sema,300,▽2,JPN,29,154,30
Mandy Minella,301,▽2,LUX,32,153,13
Mai Minokoshi,302,△34,JPN,26,153,32
Stefania Rubini,303,△9,ITA,25,153,27
Allie Kiick,304,△40,USA,22,151,19
Anastasia Zarycka,305,▽1,CZE,20,151,18
Jesika Maleckova,306,▽1,CZE,23,149,25
Marina Melnikova,307,▽1,RUS,29,148,19
Kimberley Zimmermann,308,▽1,BEL,22,148,29
Nigina Abduraimova,309,△4,UZB,23,147,14
Lina Gjorcheska,310,▽2,MKD,23,147,9
Sophie Chang,311,▽22,USA,20,147,21
Olga Doroshina,312,▽1,RUS,23,146,14
Mari Osaka,313,▽10,JPN,22,144,19
Nina Stojanovic,314,0,SRB,21,143,21
Katie Swan,315,▽19,GBR,19,142,20
Miriam Kolodziejova,316,△50,CZE,21,142,15
Ekaterine Gorgodze,317,▽1,GEO,26,142,23
Petra Krejsova,318,▽1,CZE,27,141,22
Ling Zhang,319,△5,HKG,28,140,24
Sara Cakarevic,320,▽1,FRA,21,139,24
Yuxuan Zhang,321,▽1,CHN,23,138,16
Miyabi Inoue,322,▽7,JPN,26,138,22
Marta Paigina,323,▽1,RUS,19,138,15
Kai-Lin Zhang,324,△3,CHN,28,137,19
Amra Sadikovic,325,▽2,SUI,28,137,23
Tena Lukas,326,▽8,CRO,22,137,22
Martina Di Giuseppe,327,▽6,ITA,27,137,25
Jelena Jankovic,328,▽3,SRB,33,134,10
Hanyu Guo,329,▽20,CHN,19,134,17
Aleksandra Wozniak,330,▽4,CAN,30,133,15
Manon Arcangioli,331,△8,FRA,23,132,32
Shuko Aoyama,332,▽4,JPN,30,132,17
Cristina Dinu,333,△10,ROU,25,131,24
Sofia Shapatava,334,△7,GEO,29,129,29
Kimberly Birrell,335,▽3,AUS,19,128,25
Nicoleta Dascalu,336,▽7,ROU,22,128,21
Agnes Bukta,337,▽4,HUN,24,128,25
Montserrat Gonzalez,338,▽4,PAR,23,127,24
Hiroko Kuwata,339,▽4,JPN,27,127,33
Amina Anshba,340,△2,RUS,18,127,21
Xiaodi You,341,△24,CHN,21,126,17
Robin Anderson,342,▽5,USA,25,126,17
Alla Kudryavtseva,343,▽5,RUS,30,125,20
Momoko Kobori,344,△3,JPN,19,125,20
Anna Morgina,345,▽5,RUS,26,124,20
Estrella Cabeza Candela,346,△4,ESP,31,124,15
Vivian Heisen,347,▽1,GER,24,122,15
Emiliana Arango,348,▽3,COL,17,121,12
Tammi Patterson,349,▽1,AUS,28,120,18
Despina Papamichail,350,△5,GRE,25,120,24
Katerina Stewart,351,△1,USA,20,119,14
Naiktha Bains,352,▽1,AUS,20,118,25
Alisa Kleybanova,353,0,RUS,28,118,8
Aliona Bolsova Zadoinov,354,△31,ESP,20,118,11
Sarah-Rebecca Sekulic,355,▽25,GER,25,118,22
Martina Caregaro,356,△4,ITA,25,118,27
Harmony Tan,357,▽3,FRA,20,117,27
Valeriya Strakhova,358,▽2,UKR,22,116,27
Rebecca Sramkova,359,▽1,SVK,21,114,9
Riko Sawayanagi,360,▽29,JPN,23,114,22
Alexandra Panova,361,▽2,RUS,29,114,12
Isabella Shinikova,362,▽1,BUL,26,113,32
Abigail Tere-Apisah,363,0,PNG,25,113,12
Fernanda Brito,364,▽7,CHI,26,113,17
Polina Leykina,365,△36,RUS,23,112,20
Marie Benoit,366,▽17,BEL,23,112,24
Tereza Mihalikova,367,0,SVK,19,112,28
Yaroslava Shvedova,368,0,KAZ,30,111,7
Gaia Sanesi,369,0,ITA,26,111,22
Anna-Lena Friedsam,370,0,GER,24,110,8
Federica Di Sarra,371,△1,ITA,27,108,16
Varatchaya Wongteanchai,372,▽10,THA,28,107,14
Maria Herazo Gonzalez,373,0,COL,21,107,14
Pemra Ozgen,374,0,TUR,31,107,23
Monika Kilnarova,375,△5,CZE,18,107,22
Anastasiya Vasylyeva,376,△16,UKR,26,105,23
Yana Sizikova,377,▽1,RUS,23,105,23
Anastasia Frolova,378,▽1,RUS,23,105,16
Andreea Rosca,379,▽1,ROU,19,105,15
Katarzyna Piter,380,▽1,POL,27,104,25
Nastja Kolar,381,0,SLO,23,104,22
Ana Veselinovic,382,▽7,MNE,30,104,23
Gabriela Dabrowski,383,▽19,CAN,26,103,14
Jessica Pegula,384,▽2,USA,24,102,14
Raluca Serban,385,▽2,ROU,20,102,18
Sandra Samir,386,△11,EGY,20,100,23
Panna Udvardy,387,▽16,HUN,19,99,24
Chihiro Muramatsu,388,0,JPN,19,99,24
Chieh-Yu Hsu,389,△13,TPE,26,99,28
Sara Tomic,390,▽1,AUS,20,98,15
Shilin Xu,391,▽1,CHN,20,98,20
Maria Mateas,392,△20,USA,18,98,19
Olivia Tjandramulia,393,△1,AUS,20,97,27
Katharina Gerlach,394,▽3,GER,20,97,18
Astra Sharma,395,0,AUS,22,97,13
Gozal Ainitdinova,396,△15,KAZ,19,97,20
Yvonne Cavalle-Reimers,397,△10,ESP,25,97,22
Natalija Kostic,398,0,SRB,23,97,24
Cornelia Lister,399,0,SWE,23,96,18
Kyoka Okamura,400,▽13,JPN,22,96,25
Shiho Akita,401,▽8,JPN,28,96,16
Nadia Podoroska,402,△1,ARG,21,94,11
Jiaqi Kang,403,▽17,CHN,20,94,23
Akgul Amanmuradova,404,0,UZB,33,94,17
Alexa Guarachi,405,0,CHI,27,93,18
Jennifer Elie,406,▽22,USA,31,93,22
Xuliu Sun,407,▽1,CHN,24,93,23
Misa Eguchi,408,0,JPN,26,92,19
Cindy Burger,409,0,NED,25,92,19
Marine Partaud,410,△47,FRA,23,92,19
Dea Herdzelas,411,▽1,BIH,21,92,20
Giuliana Olmos,412,▽12,MEX,25,91,17
Tamaryn Hendler,413,△20,BEL,25,90,10
Ilona-Georgiana Ghioroaie,414,▽1,ROU,20,90,16
Maryna Chernyshova,415,▽1,UKR,18,90,19
Alexandra Perper,416,△3,MDA,26,90,23
Marcela Zacarias,417,▽21,MEX,24,88,14
An-Sophie Mestach,418,▽2,BEL,24,88,20
Vlada Ekshibarova,419,▽2,ISR,29,88,22
Vivien Juhaszova,420,▽2,SVK,24,87,21
Yue Yuan,421,△3,CHN,19,86,16
Iga Swiatek,422,△219,POL,16,86,6
Estelle Cascino,423,▽1,FRA,22,86,14
Marta Lesniak,424,△1,POL,30,85,10
Elixane Lechemia,425,△1,FRA,26,84,27
Quinn Gleason,426,△8,USA,23,83,16
Irene Burillo Escorihuela,427,△16,ESP,20,83,24
Aleksandrina Naydenova,428,0,BUL,26,82,17
Sabrina Santamaria,429,0,USA,25,82,22
Rebeka Masarova,430,0,ESP,18,82,13
Alice Matteucci,431,0,ITA,22,82,18
Patricia Maria Tig,432,0,ROU,23,81,10
Samantha Murray,433,▽12,GBR,30,81,15
Anna Bondar,434,△18,HUN,20,80,17
Anastasia Gasanova,435,▽8,RUS,18,80,17
Lisa Sabino,436,▽1,SUI,31,80,19
Nina Potocnik,437,▽1,SLO,21,80,19
Annika Beck,438,▽1,GER,24,79,11
Yuuki Tanaka,439,▽1,JPN,28,79,23
Rebecca Marino,440,△124,CAN,27,79,6
Lenka Jurikova,441,▽2,SVK,27,79,11
Lisa Matviyenko,442,0,GER,20,79,20
Gabriela Ce,443,▽2,BRA,25,79,21
Xiyu Wang,444,△52,CHN,17,78,7
Pei-Chi Lee,445,▽1,TPE,23,78,19
Nuria Parrizas Diaz,446,▽1,ESP,26,78,18
Seone Mendez,447,▽1,AUS,18,78,21
Tara Moore,448,△17,GBR,25,77,27
Helene Scholsen,449,▽2,BEL,22,77,22
Ann Li,450,▽2,USA,17,76,12
Serena Williams,451,▽2,USA,36,75,9
Eleonora Molinaro,452,▽2,LUX,17,75,11
Leonie Kung,453,▽2,SUI,17,75,16
Alexandra Bozovic,454,▽1,AUS,19,75,13
Priscilla Heise,455,▽1,FRA,27,75,18
Lucrezia Stefanini,456,▽16,ITA,19,75,19
Laura Schaeder,457,▽2,GER,24,75,22
Maia Lumsden,458,▽2,GBR,20,74,18
Zhaoxuan Yang,459,▽44,CHN,23,74,8
Ashley Lahey,460,▽2,USA,18,73,6
Hanna Chang,461,▽2,USA,20,73,18
Oana Georgeta Simion,462,▽2,ROU,22,73,17
Nathaly Kurata,463,▽2,BRA,25,73,19
Marina Bassols Ribera,464,△23,ESP,18,72,17
Martina Colmegna,465,▽2,ITA,21,72,18
Anastasia Pribylova,466,▽2,RUS,22,72,20
Sunam Jeong,467,▽1,KOR,21,71,10
Pranjala Yadlapalli,468,▽1,IND,19,71,21
Clothilde De Bernardi,469,▽1,FRA,23,71,13
Rika Fujiwara,470,▽1,JPN,36,71,14
Miriam Bulgaru,471,▽1,ROU,19,71,17
Ao Gai,472,▽1,CHN,23,70,16
Nagi Hanatani,473,▽1,JPN,23,70,19
Michelle Larcher De Brito,474,▽51,POR,25,69,10
Na-Ri Kim,475,▽2,KOR,28,69,12
Julia Elbaba,476,▽2,USA,23,69,25
Laura Pigossi,477,▽2,BRA,23,69,20
Natela Dzalamidze,478,▽2,RUS,25,69,6
Elena Bovina,479,▽2,RUS,35,69,8
Simona Waltert,480,▽1,SUI,17,68,8
Berfu Cengiz,481,▽1,TUR,18,68,16
Tess Sugnaux,482,▽1,SUI,23,68,21
Bunyawi Thamchaiwat,483,▽1,THA,19,68,14
Irina Fetecau,484,▽1,ROU,22,68,15
Georgia Craciun,485,0,ROU,18,67,12
Alison Bai,486,0,AUS,28,67,20
Guiomar Maristany Zuleta De Reales,487,▽3,ESP,19,67,17
Julia Wachaczyk,488,0,GER,24,67,21
Whitney Osuigwe,489,0,USA,16,66,7
Anastasiya Komardina,490,0,RUS,20,66,16
Andrea Sestini Hlavackova,491,0,CZE,31,66,2
Qiu Yu Ye,492,0,CHN,20,66,16
Naomi Cheong,493,0,USA,15,66,6
Eleni Kordolaimi,494,△10,GRE,25,66,20
Karin Kennel,495,0,SUI,22,66,20
Eden Silva,496,△1,GBR,22,65,19
Jessica Moore,497,△1,AUS,27,65,13
Lidziya Marozava,498,△1,BLR,25,65,5
Ekaterina Kazionova,499,△1,RUS,19,65,15
Anastasia Detiuc,500,△17,CZE,19,65,17
Lena Rueffer,501,△17,GER,19,64,17
Maria Marfutina,502,0,RUS,20,64,16
Julia Terziyska,503,△49,BUL,22,63,12
Jacqueline Cabaj Awad,504,▽1,SWE,22,63,16
Laura Ioana Andrei,505,▽27,ROU,29,63,20
Barbara Gatica,506,▽1,CHI,21,63,20
Teliana Pereira,507,0,BRA,29,62,9
Ya-Hsuan Lee,508,▽88,TPE,22,62,12
Patcharin Cheapchandej,509,▽1,THA,23,62,12
Lauren Embree,510,▽1,USA,27,62,5
Magali Kempen,511,▽17,BEL,20,62,11
Sanaz Marand,512,▽50,USA,29,62,13
Romy Koelzer,513,▽3,GER,26,62,20
Tayisiya Morderger,514,▽3,GER,21,62,25
Varvara Flink,515,△41,RUS,21,61,8
Ylena In-Albon,516,▽4,SUI,19,61,17
Urszula Radwanska,517,▽4,POL,27,61,12
Jodie Burrage,518,▽4,GBR,18,60,20
Erina Hayashi,519,▽4,JPN,23,60,7
Kaylah Mcphee,520,▽4,AUS,20,60,15
Belinda Woolcock,521,▽2,AUS,23,59,12
Elyne Boeykens,522,▽16,BEL,27,59,18
Xinyu Wang,523,△16,CHN,16,58,10
Freya Christie,524,△16,GBR,20,58,19
Sviatlana Pirazhenka,525,▽5,BLR,25,58,14
Cristina Bucsa,526,▽2,ESP,20,58,16
Nika Kukharchuk,527,▽5,RUS,31,58,18
Camilla Scala,528,▽5,ITA,23,58,21
Kaja Juvan,529,▽2,SLO,17,57,11
Fatma Al Nabhani,530,▽4,OMA,26,56,15
Rutuja Bhosale,531,△2,IND,22,56,15
Ana Vrljic,532,▽4,CRO,33,56,16
Masa Jovanovic,533,▽4,AUS,23,55,13
Irina Ramialison,534,▽4,FRA,26,55,11
Ekaterina Yashina,535,▽4,RUS,24,55,14
Alice Rame,536,△1,FRA,20,55,15
Margot Yerolymos,537,△98,FRA,21,55,16
Risa Ushijima,538,0,JPN,21,55,16
Carolina Alves,539,▽7,BRA,21,55,18
Reka-Luca Jani,540,▽6,HUN,26,54,15
Lauren Albanese,541,▽6,USA,28,54,12
Daria Kruzhkova,542,▽21,RUS,19,54,13
Yuki Chiang,543,▽7,USA,22,54,14
Mariam Bolkvadze,544,△3,GEO,20,54,15
Maddison Inglis,545,▽4,AUS,20,53,11
Michele Zmau,546,▽1,ITA,21,53,13
Daria Lodikova,547,▽1,RUS,21,53,14
Nina Alibalic,548,▽5,AUS,19,53,14
Ramu Ueda,549,▽5,JPN,20,53,21
Akiko Omae,550,▽25,JPN,25,52,17
Hua-Chen Lee,551,△23,TPE,24,52,8
Kamila Kerimbayeva,552,▽51,KAZ,22,52,10
Fanny Ostlund,553,▽5,SWE,20,52,17
Alina Silich,554,▽5,RUS,21,52,20
Victoria Kan,555,▽4,RUS,22,51,9
Melanie Klaffner,556,▽14,AUT,27,51,11
Virginie Razzano,557,▽4,FRA,34,50,10
Nicha Lertpitaksinchai,558,△27,THA,26,50,13
Elizabeth Halbauer,559,▽9,USA,20,50,10
Lucia Bronzetti,560,▽5,ITA,19,50,20
Tori Kinard,561,▽7,USA,30,49,14
Katarzyna Kawa,562,▽5,POL,25,49,9
Marianna Zakarlyuk,563,▽5,UKR,21,49,12
Caroline Werner,564,△6,GER,22,49,13
Ludmilla Samsonova,565,△28,ITA,19,49,13
Camila Giangreco Campiz,566,▽7,PAR,21,49,14
Thaisa Grana Pedretti,567,▽7,BRA,18,49,15
Anna Tatishvili,568,▽7,USA,28,48,8
Mirjam Bjorklund,569,▽6,SWE,19,48,17
Michaela Haet,570,▽5,AUS,19,48,8
Iryna Shymanovich,571,△5,BLR,20,48,9
Jelena Simic,572,▽5,BIH,26,48,16
Mia Eklund,573,▽7,FIN,23,48,17
Wushuang Zheng,574,▽6,CHN,19,47,16
Anastasia Pivovarova,575,▽6,RUS,27,47,12
Caitlin Whoriskey,576,▽14,USA,30,47,15
Stephanie Petit,577,▽6,ARG,21,47,13
Anastasia Nefedova,578,△21,USA,19,47,17
Giorgia Marchetti,579,▽7,ITA,23,47,22
Makoto Ninomiya,580,△32,JPN,23,46,13
Anna Remondina,581,▽4,ITA,28,46,16
Meiling Wang,582,▽4,CHN,18,45,6
Ching-Wen Hsu,583,▽10,TPE,21,45,12
Luisa Stefani,584,▽5,BRA,20,45,8
Julie Gervais,585,▽5,FRA,26,45,8
Varvara Gracheva,586,▽5,RUS,17,45,9
Valeriya Zeleva,587,▽5,RUS,19,45,15
Bojana Marinkovic,588,▽4,SRB,21,45,21
Ingrid Neel,589,▽3,USA,19,44,13
Valeriya Solovyeva,590,▽3,RUS,25,44,12
Ji-Hee Choi,591,▽3,KOR,23,44,12
Dabin Kim,592,▽3,KOR,21,44,14
Angelica Moratelli,593,△32,ITA,23,44,13
Alexa Glatch,594,▽4,USA,28,43,9
Karen Barritza,595,▽4,DEN,25,43,17
Olga Puchkova,596,▽4,RUS,30,43,9
Amanda Rodgers,597,▽1,USA,25,43,12
Maja Chwalinska,598,▽4,POL,16,42,5
Diana Sumova,599,▽4,CZE,23,42,10
Victoria Bosio,600,▽3,ARG,23,42,11
Marie Temin,601,▽3,FRA,25,42,14
Emily Webley-Smith,602,▽2,GBR,33,42,20
Nudnida Luangnam,603,▽1,THA,31,41,14
Melis Sezer,604,▽1,TUR,24,41,20
Anna Danilina,605,▽1,KAZ,22,41,4
Michika Ozeki,606,0,JPN,26,41,16
Ines Murta,607,0,POR,20,41,16
Aiko Yoshitomi,608,△1,JPN,24,41,17
Dia Evtimova,609,▽26,BUL,30,41,18
Pia Konig,610,0,AUT,24,41,20
Michaela Gordon,611,0,USA,18,40,8
Ipek Oz,612,△1,TUR,18,40,19
Sarah Beth Grey,613,△1,GBR,22,40,11
Clemence Fayol,614,△1,FRA,23,40,13
Susan Bandecchi,615,△1,SUI,19,40,14
Britt Geukens,616,△1,BEL,22,40,15
Ani Mijacika,617,△1,CRO,30,39,7
Riya Bhatia,618,△1,IND,20,39,18
Emily Appleton,619,△1,GBR,18,39,20
Ksenia Palkina,620,△1,KGZ,28,39,24
Polina Golubovskaya,621,△1,RUS,19,39,10
Oana Gavrila,622,△1,ROU,20,39,11
Yuliya Hatouka,623,△1,BLR,17,39,12
Federica Bilardo,624,△2,ITA,18,39,15
Charlotte Robillard-Millette,625,△2,CAN,19,38,7
Ellen Allgurin,626,△2,SWE,23,38,9
So-Ra Lee,627,△3,KOR,23,37,12
Ines Ibbou,628,△3,ALG,19,37,10
Eva Guerrero Alvarez,629,△3,ESP,18,37,10
Ekaterina Vishnevskaya,630,△14,RUS,18,37,12
Ye-Xin Ma,631,△26,CHN,18,37,13
Margaux Bovy,632,△1,BEL,20,37,16
Olesya Pervushina,633,△1,RUS,17,36,8
Elizaveta Ianchuk,634,▽59,UKR,25,36,6
Lisa Ponomar,635,△1,GER,20,36,15
Claudia Giovine,636,△1,ITA,27,36,15
Jade Suvrijn,637,△1,FRA,22,35,18
Shanshan Guo,638,▽37,CHN,21,35,11
Sofya Lansere,639,0,RUS,17,35,7
Michaela Bayerlova,640,△2,CZE,19,35,8
Abbie Myers,641,△2,AUS,23,35,10
Kristina Schmiedlova,642,△3,SVK,20,35,14
Magdalena Pantuckova,643,△3,CZE,19,35,14
Paula Ormaechea,644,△3,ARG,25,34,10
Aymet Uzcategui,645,△3,VEN,22,34,10
Albina Khabibulina,646,▽41,UZB,25,34,13
Julia Stamatova,647,△3,BUL,24,34,17
Eliessa Vanlangendonck,648,△3,BEL,21,34,18
Erin Routliffe,649,△3,NZL,23,33,10
Rocio De La Torre-Sanchez,650,△3,ESP,27,33,3
Zhanlan Wei,651,△4,CHN,20,33,10
Cristina Adamescu,652,△4,ROU,22,33,10
Sofiya Kovalets,653,▽4,UKR,23,33,10
Alicia Barnett,654,△4,GBR,24,33,14
Caroline Romeo,655,△4,FRA,23,33,15
Ronit Yurovsky,656,▽48,USA,24,33,16
Moyuka Uchijima,657,△3,JPN,16,32,8
Maria Carle,658,△3,ARG,18,32,4
Anna Gabric,659,△3,GER,19,32,5
Beatrice Torelli,660,▽6,ITA,20,32,6
Francesca Jones,661,△3,GBR,17,32,9
Lea Boskovic,661,△3,CRO,18,32,9
Nina Kruijer,663,△3,NED,20,32,10
Emilie Francati,664,△3,DEN,20,32,10
Nina Stadler,665,△3,SUI,22,32,10
Elena Bogdan,666,△3,ROU,26,32,11
Chanelle Van Nguyen,667,△3,USA,24,32,11
Kanika Vaidya,668,△3,IND,23,32,13
Naomi Totka,669,△3,HUN,22,32,15
Satsuki Takamura,670,△3,JPN,18,32,15
Dasha Ivanova,671,△3,USA,21,32,17
Dalila Spiteri,672,△4,ITA,20,32,19
Victoria Muntean,673,△2,FRA,21,32,20
Alexandra Mueller,674,▽11,USA,30,31,5
Anastasia Kulikova,675,△253,RUS,18,31,6
Chayenne Ewijk,676,△2,NED,29,31,6
Dana Kremer,677,△2,GER,20,31,8
Lorraine Guillermo,678,△7,USA,24,31,9
Anna Pribylova,679,△1,RUS,20,31,13
Vanda Lukacs,680,△8,HUN,25,31,14
Noelia Zeballos,681,0,BOL,23,31,15
Claudia Hoste Ferrer,682,0,ESP,19,31,16
Catherine Mcnally,683,0,USA,16,30,7
Ayaka Okuno,684,▽44,JPN,22,30,14
Stefanie Tan,685,▽8,SIN,25,30,9
Paula Cristina Goncalves,686,0,BRA,27,30,9
Shuo Feng,687,0,CHN,20,30,10
Dhruthi Tatachar Venugopal,688,△1,IND,21,30,14
Zeel Desai,689,△1,IND,19,29,10
Chiara Grimm,690,▽6,SUI,21,29,12
Vlada Koval,691,△1,RUS,16,29,11
Anastasiya Shoshyna,692,△2,UKR,20,29,11
Federica Arcidiacono,693,△2,ITA,25,29,12
Josephine Boualem,694,△2,FRA,24,29,15
Andrea Ka,695,△8,CAM,25,29,16
Katharina Hering,696,△1,GER,23,29,16
Arlinda Rushiti,697,▽4,SUI,19,28,10
Deborah Kerfs,698,0,BEL,23,28,13
Tamara Curovic,699,0,SRB,23,28,14
Cristina Ene,700,0,ROU,22,28,15
Katerina Vankova,701,0,CZE,28,28,15
Guillermina Naya,702,△2,ARG,21,28,16
Gabriela Pantuckova,703,△2,CZE,23,28,18
Daiana Negreanu,704,△3,ROU,29,27,11
Yana Morderger,705,△3,GER,21,27,13
Yuliya Lysa,706,△10,UKR,22,27,14
Emily Arbuthnott,707,△2,GBR,20,26,6
Greet Minnen,708,△2,BEL,20,26,8
Johana Markova,709,△2,CZE,18,26,8
Brynn Boren,710,▽4,USA,26,26,8
Kennedy Shaffer,711,△1,USA,20,26,9
Natalia Siedliska,712,△1,POL,22,26,11
Vendula Zovincova,713,△1,CZE,21,26,11
Angelina Gabueva,714,△11,RUS,29,26,11
Gabriela Horackova,715,0,CZE,26,26,12
Xinyu Jiang,716,△1,CHN,19,25,6
Lea Tholey,717,△2,FRA,22,25,10
Rosa Vicens Mas,718,△2,ESP,17,25,12
Mei Yamaguchi,719,△2,JPN,18,25,4
Sandra Jamrichova,720,△2,SVK,20,25,5
Megumi Nishimoto,721,△2,JPN,24,25,6
Ainhoa Atucha Gomez,722,△2,ESP,24,25,7
Daria Nazarkina,723,△8,RUS,18,25,8
Jada Robinson,724,△12,USA,19,25,11
Gabriela Duca,725,△1,ROU,23,25,12
Chiraz Bechri,726,▽24,TUN,19,25,15
Maria Joao Koehler,727,0,POR,25,25,15
Michaella Krajicek,728,0,NED,29,24,3
Clara Tauson,729,0,DEN,15,24,4
Nicole Coopersmith,730,0,USA,18,24,6
Ksenia Laskutova,731,△1,RUS,21,24,7
Veronika Kapshay,732,△1,UKR,31,24,9
Malene Helgo,732,△1,NOR,18,24,9
Maria Jose Luque Moreno,734,△1,ESP,21,24,10
Iva Primorac,735,△2,CRO,22,24,11
Eduarda Piai,736,△2,BRA,26,24,13
Margarita Lazareva,737,△2,RUS,27,24,13
Carla Lucero,738,△2,ARG,27,24,13
Chia-Jung Chuang,739,△2,TPE,33,23,3
Xenia Knoll,740,△2,SUI,25,23,5
Alona Fomina,741,△2,RUS,28,23,10
Gabriela Talaba,742,△2,ROU,22,23,6
Salma Ewing,743,△2,USA,17,23,7
Maria Gutierrez Carrasco,744,△2,ESP,20,23,7
Nika Shytkouskaya,745,△2,BLR,19,23,8
Genevieve Lorbergs,746,△3,AUS,28,23,10
Shalimar Talbi,747,△4,BLR,17,23,11
Andreea Ghitescu,748,△4,ROU,21,23,11
Shelby Talcott,749,△18,USA,25,23,13
Zuzana Zlochova,750,△3,SVK,28,23,14
Haruna Arakawa,751,△3,JPN,18,23,14
Verena Hofer,752,△3,ITA,20,23,14
Melany Krywoj,753,△3,ARG,20,23,15
Ana Biskic,754,△3,CRO,18,22,10
Nicole Melichar,755,▽37,USA,24,22,5
Kajsa Rinaldo Persson,756,△3,SWE,20,22,10
Ran Meng,757,△3,CHN,25,22,11
Eudice Chong,758,△3,HKG,21,22,5
Raveena Kingsley,759,△3,USA,19,22,5
Draginja Vukovic,760,△3,SRB,17,22,6
Aneta Kladivova,761,△3,CZE,17,22,8
Jessica Wacnik,762,▽12,USA,24,22,9
Barbara Bonic,763,△9,SRB,25,22,10
Francisca Jorge,764,△1,POR,18,22,10
Julyette Steur,765,△1,GER,22,22,12
Petia Arshinkova,766,△2,BUL,19,22,13
Olga Govortsova,767,△10,BLR,29,21,5
Jiaxi Lu,768,▽10,CHN,21,21,9
Sinead Lohan,769,0,IRL,23,21,3
Polina Bakhmutkina,770,0,RUS,18,21,6
Kumi So,771,0,JPN,19,21,6
Valeriya Urzhumova,772,△11,RUS,20,21,7
Lou Adler,773,▽1,FRA,22,21,9
Kana Daniel,774,0,USA,22,21,9
Yukina Saigo,775,0,JPN,21,21,9
Meritxell Perera Ros,776,0,ESP,19,21,11
Yanni Liu,777,△1,CHN,18,20,10
Ashley Weinhold,778,△1,USA,28,20,5
Mayar Sherif,779,△1,EGY,21,20,4
Manca Pislak,780,△1,SLO,20,20,5
Amanda Carreras,781,▽152,GBR,27,20,6
Bianca Turati,782,△2,ITA,20,20,6
Tereza Prochazkova,783,△2,CZE,18,20,7
Komola Umarova,784,△23,UZB,18,20,7
Daniela Vismane,785,△1,LAT,17,20,7
Brenda Njuki,786,△1,SWE,24,20,8
Dominique Schaefer,787,△22,USA,19,20,9
Zhuoma Ni Ma,788,△1,CHN,17,20,9
Nadiya Kolb,789,△1,UKR,25,20,10
Marina Yudanov,790,△3,SWE,28,20,11
Vasilisa Aponasenko,791,△3,RUS,21,20,12
Lauren Marker,792,△6,USA,22,19,12
Suzy Larkin,793,△6,GBR,25,19,13
Gabrielle Smith,794,△6,USA,22,19,1
Elisabetta Cocciaretto,795,△6,ITA,17,19,3
Leylah Fernandez,796,△6,CAN,15,19,5
Ena Shibahara,797,△6,USA,20,19,5
Monique Adamczak,797,△6,AUS,35,19,5
Alexandra Morozova,799,△6,USA,23,19,5
Theo Gravouil,800,△6,FRA,19,19,6
Sung-Hee Han,801,△7,KOR,27,19,7
Stephanie Wagner,802,△7,GER,23,19,8
Qianhui Tang,803,▽112,CHN,17,19,8
Andrea Weedon,804,▽13,GUA,29,19,9
Jessica Ho,805,△107,USA,21,19,9
Linnea Malmqvist,806,▽14,SWE,19,19,9
Ana Bianca Mihaila,807,△5,ROU,21,19,9
Mathilde Armitano,808,△5,FRA,20,19,10
Sadafmoh Tolibova,809,△6,BLR,21,19,11
Alba Carrillo Marin,810,△6,ESP,22,19,11
Martina Spigarelli,810,△6,ITA,25,19,11
Mallaurie Noel,812,△6,FRA,23,19,11
Ioana Gaspar,813,△6,ROU,35,19,12
Ivania Martinich,814,△6,CHI,22,19,12
Jelena Stojanovic,815,△6,AUS,21,19,13
Lou Brouleau,816,△6,FRA,22,19,13
Chang Liu,817,▽22,CHN,27,18,4
Megan Mccray,817,△6,USA,22,18,4
Alexandra Stevenson,819,▽22,USA,37,18,6
Storm Sanders,820,△4,AUS,23,18,8
Anna Ureke,821,△4,RUS,18,18,5
Salma Djoubri,822,△4,FRA,15,18,5
Lara Michel,823,△4,SUI,26,18,6
Seung-Yeon Hong,824,△4,KOR,26,18,6
Nefisa Berberovic,825,△4,BIH,18,18,8
Ilona Kremen,825,▽14,BLR,24,18,8
Rasheeda Mcadoo,827,△21,USA,22,18,9
Veronika Erjavec,828,△3,SLO,18,18,9
Aldila Sutjiadi,829,△4,INA,22,18,10
Mariana Drazic,830,△4,CRO,23,18,11
Lisa-Marie Maetschke,831,△4,GER,23,18,12
Catherine Chantraine,832,△4,BEL,25,18,14
Yasmine Mansouri,833,△21,FRA,16,17,8
Alberta Brianti,834,△3,ITA,38,17,6
Karolina Berankova,835,△3,CZE,17,17,4
Zoe Kruger,836,△3,RSA,15,17,7
Ayumi Miyamoto,837,△3,JPN,17,17,5
Merel Hoedt,838,△3,NED,18,17,7
Lulu Radovcic,839,△6,SUI,17,17,7
Nadja Gilchrist,840,△2,USA,27,17,4
Mahak Jain,841,△2,IND,16,17,4
Aleksandra Kulik,842,△2,RUS,18,17,6
Prerna Bhambri,843,△3,IND,25,17,7
Alexa Ryngler,844,▽96,USA,16,17,7
Alexandra Riley,845,▽15,USA,27,17,8
Anette Munozova,846,△3,SWE,26,17,8
Xiaoxi Zhao,847,△3,CHN,17,17,8
Mai Hontama,847,△3,JPN,18,17,8
Giada Clerici,849,△3,ITA,23,17,9
Akilah James,850,▽18,USA,25,17,9
Emma Lene,851,▽37,FRA,18,17,9
Elena-Teodora Cadar,852,△1,ROU,24,17,11
Vitalia Stamat,853,△12,MDA,17,17,14
Cemre Anil,854,△1,TUR,24,16,4
Chin-Wei Chan,855,△1,TPE,33,16,5
Chengyiyi Yuan,856,▽9,CHN,17,16,6
Gebriela Mihaylova,857,0,BUL,21,16,7
Tatiana Pieri,858,0,ITA,19,16,7
Valeriya Yushchenko,859,0,RUS,18,16,7
Sari Baba,860,0,JPN,23,16,8
Francesca Bullani,861,0,ITA,21,16,9
Angelique Svinos,862,0,AUS,22,16,10
Nastassja Burnett,863,0,ITA,26,16,10
Aleksandra Pospelova,863,0,RUS,20,16,10
Dinah Pfizenmaier,865,△1,GER,26,15,2
Olga Savchuk,866,△1,UKR,30,15,3
Mira Antonitsch,867,△1,AUT,19,15,3
Andreea Mitu,868,△1,ROU,26,15,3
Alexa Graham,869,△2,USA,19,15,4
Anna Turati,870,△2,ITA,20,15,4
Monica Robinson,871,△2,USA,23,15,5
Helene Pellicano,872,△2,MLT,16,15,6
Valeria Bhunu,873,△2,ZIM,23,15,6
Margarita Skryabina,874,△15,RUS,18,15,7
Paula Arias Manjon,875,△1,ESP,18,15,7
Jana Jablonovska,876,△1,SVK,22,15,7
Mana Ayukawa,877,▽89,JPN,23,15,8
Tijana Spasojevic,878,0,SRB,19,15,9
Viktoria Morvayova,879,△33,SVK,17,15,9
Oleksandra Piskun,880,▽1,UKR,26,15,12
Catherine Leduc,881,▽11,CAN,24,14,9
Gergana Topalova,882,0,BUL,18,14,3
Mitsumi Kawasaki,883,0,JPN,34,14,3
Desirae Krawczyk,884,▽102,USA,24,14,4
Gabriella Da Silva Fick,885,▽1,AUS,17,14,5
Ivana Popovic,886,▽1,AUS,17,14,5
Alice Tubello,886,▽1,FRA,17,14,5
Paulina Czarnik,888,0,POL,24,14,6
Ziyue Sun,889,0,CHN,21,14,6
Laura Heinrichs,890,△1,GER,27,14,7
Guadalupe Perez Rojas,891,△1,ARG,23,14,7
Karola Bejenaru,892,△17,ROU,20,14,7
Alena Tarasova,893,0,RUS,23,14,8
Luna Meers,894,0,BEL,18,14,8
Angela Fita Boluda,894,0,ESP,18,14,8
Angelina Zhuravleva,896,△60,RUS,21,14,8
Barbora Miklova,897,▽1,CZE,20,14,9
Anastasiya Fedoryshyn,898,▽1,UKR,20,14,9
Amelie Intert,899,▽1,GER,21,14,10
Suzan Lamens,900,0,NED,18,14,10
Lamis Alhussein Abdel Aziz,901,△13,EGY,19,14,12
Michaela Boev,902,0,BEL,26,14,13
Barbora Stefkova,903,0,CZE,23,13,5
Lyudmyla Kichenok,904,0,UKR,25,13,2
Andrea Renee Villarreal,905,▽24,MEX,24,13,8
En-Shuo Liang,906,△9093,TPE,17,13,3
Julia Oczachowska,907,▽1,POL,17,13,4
Sofia Sewing,908,▽1,USA,18,13,5
Julia Vulpio,909,▽1,FRA,17,13,6
Ellie Douglas,910,▽25,USA,17,13,6
Bianka Bekefi,911,▽1,HUN,21,13,7
Amandine Cazeaux,911,▽1,FRA,29,13,7
Anna Kubareva,913,△41,BLR,17,13,7
Marlies Szupper,914,▽16,AUT,22,13,9
Kariann Pierre-Louis,914,△23,USA,19,13,9
Alexandra Walters,916,▽15,AUS,25,13,10
Verena Meliss,917,▽3,ITA,20,13,11
Brienne Minor,918,▽2,USA,20,12,3
Ida Jarlskog,919,▽1,SWE,19,12,4
Maria Camila Osorio Serrano,920,▽1,COL,16,12,4
Sang Hee Park,921,▽1,KOR,22,12,5
Kotomi Takahata,922,▽1,JPN,28,12,8
Petra Januskova,923,▽18,CAN,27,12,10
Kanako Morisaki,924,▽2,JPN,21,12,3
Yukun Zhang,925,▽2,CHN,22,12,4
Daria Mironova,925,▽2,RUS,25,12,4
Jessica Failla,927,▽2,USA,20,12,4
Samantha Harris,928,▽2,AUS,22,12,5
Sai Chamarthi,929,0,IND,23,12,6
Safiya Carrington,930,0,USA,16,12,6
Natalia Vajdova,931,0,SVK,22,12,6
Paula Baranano,932,△1,ARG,18,12,7
Kristina Ostojic,933,△1,SRB,23,12,7
Nonna Kurginyan,933,△1,RUS,20,12,7
Katyarina Paulenka,933,△1,BLR,18,12,7
Dominique Karregat,936,△1,NED,22,12,8
Arina Vasilescu,937,△2,ROU,21,12,8
Adriana Sosnovschi,937,△2,MDA,20,12,8
Amy Zhu,939,△2,USA,23,12,9
Francesca Sella,939,△2,ITA,24,12,9
Lara Escauriza,941,△2,PAR,19,12,10
Beatrice Gumulya,942,▽25,INA,27,11,6
Paula Kania,943,▽147,POL,25,11,3
Natasha Palha,944,0,IND,24,11,7
Ying Zhang,944,0,CHN,22,11,7
Mccartney Kessler,946,0,USA,18,11,2
Tadeja Majeric,947,0,SLO,27,11,3
Mylene Halemai,948,0,FRA,16,11,3
Mi You,949,0,CHN,18,11,4
Zhibek Kulambayeva,950,0,KAZ,18,11,4
Kristina Milenkovic,951,0,SUI,16,11,5
Renee Mcbryde,952,0,AUS,18,11,5
Kerrie Cartwright,953,0,BAH,26,11,5
Arina Folts,954,▽22,UZB,21,11,6
Luca Nagymihaly,955,0,HUN,20,11,7
Nora Niedmers,956,△1,GER,23,11,8
Gabriela Tatarus,956,△1,ROU,18,11,8
Julieta Estable,958,△1,ARG,20,11,8
Stephanie Nemtsova,959,△1,USA,20,11,9
Vinciane Remy,959,△1,FRA,20,11,9
Carson Branstine,961,△1,CAN,17,10,6
Nidhi Chilumula,962,△1,IND,23,10,6
Lara Salden,963,△1,BEL,19,10,9
Kisa Yoshioka,964,△1,JPN,17,10,2
Joana Eidukonyte,965,△1,LTU,23,10,2
Jule Niemeier,966,△1,GER,18,10,2
Romina Oprandi,967,△1,SUI,32,10,2
Naho Sato,968,△1,JPN,17,10,3
Ulyana Ayzatulina,968,△1,RUS,22,10,3
Milana Spremo,970,△1,SRB,26,10,4
Marta Gonzalez Encinas,970,△1,ESP,19,10,4
Olga Parres Azcoitia,972,△1,ESP,25,10,4
Nandini Sharma,972,△1,IND,19,10,4
Sara Daavettila,974,△1,USA,20,10,4
Pernilla Mendesova,975,△1,CZE,23,10,4
Ayumi Koshiishi,976,△1,JPN,17,10,5
Emmanuelle Salas,977,△2,FRA,20,10,6
Anhzelika Isaeva,978,△2,RUS,17,10,6
Chisa Hosonuma,978,△2,JPN,22,10,6
Pei Hsuan Chen,978,△2,TPE,18,10,6
Rishika Sunkara,981,△2,IND,24,10,7
Weronika Forys,982,△2,POL,19,10,7
Dan Ni Wang,983,△2,CHN,24,10,8
Lucia Marzal Martinez,984,△2,ESP,18,10,8
Anna Ukolova,984,△2,RUS,19,10,8
Alexa Pirok,986,△2,HUN,21,10,9
Molly Helgesson,987,△2,SWE,18,10,10
Isabelle Boulais,988,△2,CAN,18,9,8
Chompoothip Jundakate,989,△2,THA,22,9,5
Fiona Codino,990,▽110,FRA,22,9,8
Himari Sato,990,△30,JPN,16,9,8
Valeriya Pogrebnyak,992,0,RUS,19,9,9
Ioana Loredana Rosca,993,0,ROU,21,9,3
Lena Ruppert,994,0,GER,19,9,3
Snehadevi Reddy,994,0,IND,21,9,3
Emeline Dartron,994,0,FRA,18,9,3
Suzuho Oshino,997,0,JPN,21,9,4
Olivia Nicholls,997,0,GBR,23,9,4
Varvara Kuznetsova,997,0,RUS,25,9,4
Andie K Daniell,997,0,USA,21,9,4
Andreea Prisacariu,1001,0,ROU,18,9,4
Yixuan Li,1001,0,CHN,21,9,4
Yidi Yang,1001,0,CHN,18,9,4
Alice Balducci,1004,0,ITA,31,9,5
Miriana Tona,1005,△1,ITA,23,9,7
Jessica Crivelletto,1005,△1,SUI,19,9,7
Shou Mu,1005,△1,CHN,17,9,7
Varunya Wongteanchai,1005,△1,THA,25,9,7
Ani Vangelova,1005,△1,BUL,24,9,7
Daniela Vukovic,1005,△1,SUI,19,9,7
Daniela Lopez,1011,△1,CHI,21,9,8
Yulia Kulikova,1011,△1,RUS,28,9,8
Piia Suomalainen,1011,△1,FIN,33,9,8
Alicia Smith,1011,△1,AUS,21,9,8
Mirabelle Njoze,1015,△2,GBR,21,9,9
Se-Hyun Kim,1016,△2,KOR,22,8,5
Joanna Garland,1017,△2,TPE,16,8,5
Jade Lewis,1018,△3,NZL,19,8,8
Giorgia Testa,1019,△3,ITA,19,8,3
Sara Ottomano,1019,△3,SUI,22,8,3
Katerina Filip,1019,△3,SWE,18,8,3
Sakura Hondo,1019,△3,JPN,19,8,3
Elysia Bolton,1019,△3,USA,18,8,3
Min-Hwa Yu,1019,△3,KOR,30,8,3
Daria Kuczer,1019,△3,POL,19,8,3
Warona Mdlulwa,1026,△4,RSA,18,8,4
Fiona Ganz,1026,△4,SUI,17,8,4
Charlotte Roemer,1028,△4,ECU,24,8,4
Karine Sarkisova,1028,▽50,RUS,19,8,4
Alise Cernecka,1028,△4,LAT,17,8,4
Nuria Brancaccio,1028,△4,ITA,17,8,4
Oleksandra Korashvili,1032,△3,UKR,22,8,5
Mizuno Kijima,1032,▽27,JPN,22,8,5
Constance Sibille,1032,△3,FRA,27,8,5
Tiffany William,1035,△3,GBR,23,8,5
Martina Capurro Taborda,1035,△3,ARG,20,8,5
Alana Smith,1037,△3,USA,18,8,6
Sowjanya Bavisetti,1038,△3,IND,24,8,6
Rebeca Pereira,1038,△3,BRA,25,8,6
Federica Prati,1038,△3,ITA,22,8,6
Rio Kitagawa,1041,△32,JPN,24,8,7
Yuqi Sheng,1041,△4,CHN,22,8,7
Lucia Cortez Llorca,1041,△4,ESP,17,8,7
Maria Masini,1041,△4,ITA,24,8,7
Ola Abou Zekry,1041,▽29,EGY,30,8,7
Eva Siska,1041,△4,USA,21,8,7
Kwan Yau Ng,1047,△3,HKG,21,7,6
Meiqi Guo,1048,△3,CHN,18,7,4
Jasmin Jebawy,1049,△3,GER,21,7,6
Rushri Wijesundera,1049,△3,USA,26,7,6
Magdalena Stoilkovska,1051,△3,MKD,22,7,3
Tingting Pei,1051,△3,CHN,18,7,3
Lucia De La Puerta Uribe,1051,△3,ESP,18,7,3
Sara Lanca,1051,△8948,POR,21,7,3
Kyra Shroff,1051,△3,IND,25,7,3
You-Na Sul,1051,△3,KOR,25,7,3
Axana Mareen,1057,△2,BEL,18,7,3
Madison Bourguignon,1058,△2,USA,20,7,4
Jia Ren,1058,△2,CHN,17,7,4
Karoline Kurz,1058,△2,AUT,21,7,4
Siqi Cao,1058,▽131,CHN,19,7,4
Madeleine Kobelt,1062,▽25,USA,26,7,4
Sophia Intert,1063,0,GER,19,7,4
Aleksandra Vostrikova,1063,0,RUS,20,7,4
Alana Parnaby,1065,0,AUS,23,7,5
Lina Glushko,1066,△1,ISR,18,7,5
Sofya Golubovskaya,1066,△1,RUS,17,7,5
Camila Romero,1066,△1,ECU,19,7,5
Eugenia Ganga,1066,△1,ARG,19,7,5
Irina Lapustina,1066,△1,LAT,18,7,5
Louise Lampla,1066,△1,FRA,23,7,5
Maria Patrascu,1072,△1,CAN,21,7,6
Elina Vikhrianova,1072,△1,RUS,21,7,6
Giorgia Pinto,1072,△1,ITA,26,7,6
Julia Rosenqvist,1072,△1,SWE,20,7,6
Sabastiani Leon,1072,▽27,MEX,26,7,6
Irys Ekani,1072,△1,FRA,20,7,6
Maria Portillo Ramirez,1072,△1,MEX,18,7,6
Irina Cantos Siemers,1072,△1,GER,18,7,6
Eunhye Lee,1072,△1,KOR,17,7,6
Denise-Antonela Stoica,1072,△1,ROU,18,7,6
Emily Seibold,1072,△1,GER,18,7,6
Eleni Daniilidou,1083,△1,GRE,35,7,7
Tamachan Momkoonthod,1083,△1,THA,21,7,7
Ilay Yoruk,1083,△1,TUR,16,7,7
Nadia Echeverria Alam,1083,△1,VEN,23,7,7
Anastasia Rodionova,1087,△1,AUS,35,6,6
Jazmin Ortenzi,1088,△1,ARG,16,6,3
Clara Burel,1088,△1,FRA,17,6,3
Alice Gillan,1088,△1,GBR,19,6,3
Eva Voracek,1088,△1,GER,19,6,3
Ramya Natarajan,1088,△1,IND,19,6,3
Anastasia Vdovenco,1088,△1,MDA,24,6,3
I-Hsuan Cho,1088,△1,TPE,18,6,3
Salome Devidze,1095,△1,GEO,32,6,3
Frances Altick,1096,▽31,USA,24,6,4
Anca Craciun,1096,△1,CAN,18,6,4
Watsachol Sawasdee,1098,0,THA,18,6,4
Elina Nepliy,1098,0,RUS,20,6,4
Chelsea Vanhoutte,1098,0,BEL,18,6,4
Oleksandra Oliynykova,1098,0,CRO,17,6,4
Jennifer Luikham,1098,0,IND,18,6,4
Chihiro Takayama,1103,0,JPN,27,6,5
Natalie Proese,1103,0,GER,27,6,5
Teodora Stinga,1103,0,ROU,23,6,5
Camille Sireix,1103,0,FRA,21,6,5
Kateryna Sliusar,1103,▽62,UKR,20,6,5
Alicia Herrero Linana,1103,0,ESP,19,6,5
Yarden Akler,1103,0,ISR,19,6,5
Dariya Detkovskaya,1103,△74,KAZ,18,6,5
Paulina Jastrzebska,1103,0,POL,20,6,5
Joelle Kissell,1112,▽1,USA,26,6,6
Sofia Dmitrieva,1112,▽1,RUS,23,6,6
Maria Paulina Perez Garcia,1112,▽1,COL,22,6,6
Jiaxue Zang,1112,▽1,CHN,19,6,6
Margarita Gasparyan,1116,▽1,RUS,23,5,3
Paige Mary Hourigan,1117,▽1,NZL,21,5,3
Yujin Ahn,1118,▽1,KOR,21,5,4
Laura Deigman,1118,▽1,GBR,24,5,4
Yeong Won Jeong,1120,▽1,KOR,22,5,5
Viktorija Rajicic,1121,▽1,AUS,24,5,3
Isabella Bozicevic,1121,▽1,AUS,16,5,3
Izabela Novac,1123,▽1,ROU,18,5,3
Catherine Harrison,1124,▽1,USA,24,5,4
Natasha Piludu,1124,▽1,ITA,22,5,4
Giovanna Tomita,1124,▽1,BRA,25,5,4
Beatrice Lombardo,1124,▽1,ITA,22,5,4
Mary Closs,1124,▽1,USA,22,5,4
Ksenija Sharifova,1124,▽21,RUS,21,5,4
Ena Kajevic,1124,▽1,CRO,21,5,4
Sofia Luini,1124,▽1,ARG,25,5,4
Monica Cappelletti,1124,△30,ITA,19,5,4
Valentine Bacher,1124,▽1,FRA,18,5,4
Justine Pysson,1124,▽1,BEL,17,5,4
Benedetta Ivaldi,1124,▽1,ITA,17,5,4
Anna Siskova,1124,▽1,CZE,16,5,4
Emma Navarro,1124,△30,USA,16,5,4
Karolina Kubanova,1124,▽1,CZE,16,5,4
Dagmar Dudlakova,1124,▽1,CZE,27,5,4
Karolina Novotna,1124,▽1,CZE,20,5,4
Mara Schmidt,1141,▽4,USA,26,5,5
Polina Merenkova,1141,▽4,UZB,22,5,5
Ana Filipa Santos,1141,△36,POR,22,5,5
Ella Taylor,1141,▽4,GBR,22,5,5
Kelly Williford,1141,▽4,DOM,23,5,5
Anna Makhorkina,1141,▽4,RUS,20,5,5
Andrina Peer,1141,▽4,SUI,19,5,5
Flavia Guimaraes Bueno,1141,▽4,BRA,25,5,5
Alycia Parks,1141,▽4,USA,17,5,5
Anastasia Kharitonova,1141,▽4,RUS,18,5,5
Franziska Kommer,1141,▽4,GER,18,5,5
Abigail Spears,1152,▽4,USA,36,4,4
Kaitlyn Christian,1153,▽4,USA,26,4,4
Joanna Carswell,1154,▽4,NZL,29,4,4
Ho Ching Wu,1154,▽4,HKG,26,4,4
Naoko Eto,1154,▽4,JPN,33,4,4
Arabela Fernandez Rabener,1157,▽3,GER,27,4,3
Elaine Genovese,1157,▽3,MLT,27,4,3
Manon Peral,1157,▽3,FRA,24,4,3
Emily Fanning,1157,▽3,NZL,22,4,3
Szabina Szlavikovics,1157,▽3,HUN,22,4,3
Yuriko Miyazaki,1157,▽3,JPN,22,4,3
Diana Demidova,1157,▽3,RUS,20,4,3
Valentina Abrile,1157,▽3,ARG,21,4,3
Maya Tahan,1157,▽3,ISR,19,4,3
Hulya Esen,1157,▽3,TUR,28,4,3
Yulia Sokolovskaya,1157,▽3,RUS,20,4,3
Maria Vazquez,1157,▽3,ARG,19,4,3
Camilla Abbate,1157,▽3,ITA,20,4,3
Wiktoria Kulik,1157,▽3,POL,18,4,3
Aneta Laboutkova,1157,▽3,CZE,17,4,3
Oleksandra Andrieieva,1157,▽3,UKR,17,4,3
Kamilla Rakhimova,1157,▽3,RUS,16,4,3
Kristina Sorokolet,1157,▽3,RUS,18,4,3
Mina Hodzic,1157,▽3,GER,15,4,3
Lucia Quiterio,1157,△8842,POR,18,4,3
Maria Fonte,1157,▽3,POR,16,4,3
Ioana Minca,1157,▽3,ROU,19,4,3
Tatiana Perebiynis,1179,▽2,UKR,35,4,4
Akari Inoue,1179,▽2,JPN,29,4,4
Tea Faber,1179,▽2,CRO,28,4,4
Haine Ogata,1179,▽2,JPN,24,4,4
Kerstin Peckl,1179,▽2,AUT,28,4,4
Akiho Kakuya,1179,▽2,JPN,23,4,4
Ari Matsumoto,1179,▽2,JPN,20,4,4
Veronica Napolitano,1179,▽2,ITA,22,4,4
Mathilde Devits,1179,▽2,BEL,21,4,4
Noelia Bouzo Zanotti,1179,▽2,ESP,18,4,4
Victoria Beccio,1179,▽2,ARG,20,4,4
Nicole Gadient,1179,▽2,SUI,19,4,4
Nermeen Shawky,1179,▽2,EGY,19,4,4
Joanna Zawadzka,1179,▽2,POL,21,4,4
Diana Mihail,1179,▽2,ROU,17,4,4
Emma Hurst,1179,▽2,GBR,21,4,4
Akiko Okuda,1179,▽42,USA,24,4,4
Reina Takahashi,1179,▽2,JPN,21,4,4
Ana Giraldi Requena,1179,▽2,ESP,18,4,4
Linda Puppendahl,1179,▽2,GER,18,4,4
Anna Laguza,1179,▽2,UKR,16,4,4
Lisa Mays,1179,▽2,AUS,17,4,4
Adrienn Nagy,1179,▽2,HUN,17,4,4
Ange Kajuru,1179,▽2,JPN,16,4,4
Betina Tokac,1179,▽2,TUR,15,4,4
Layne Sleeth,1204,▽1,CAN,16,3,3
Alicja Rosolska,1205,▽1,POL,32,3,3
Pamela Montez,1206,△8793,USA,27,3,3
Csilla Argyelan,1206,0,HUN,27,3,3
Ran Tian,1206,△8793,CHN,24,3,3
Brianna Morgan,1206,0,USA,24,3,3
Katherine Ip,1206,0,HKG,22,3,3
Lara Schmidt,1206,0,GER,18,3,3
Taysia Rogers,1206,0,USA,17,3,3
Camelia Hristea,1213,▽1,ROU,27,3,3
Melissa Morales,1213,▽1,GUA,27,3,3
Yolande Leacock,1213,▽1,TTO,27,3,3
Julia Kimmelmann,1213,▽1,GER,24,3,3
Jil Nora Engelmann,1213,▽1,GER,24,3,3
Francesca Fusinato,1213,▽1,ITA,23,3,3
Mihoki Miyahara,1213,▽1,JPN,22,3,3
Giulia Crescenzi,1213,▽1,ITA,22,3,3
Barbara Kotelesova,1213,▽1,SVK,21,3,3
Minami Shuto,1213,▽1,JPN,23,3,3
Sabina Machalova,1213,▽1,CZE,20,3,3
Yan Wang,1213,▽1,CHN,22,3,3
Alice Garcia,1213,▽1,BRA,24,3,3
Ina Kaufinger,1213,▽1,GER,24,3,3
Erika Drozd Pereira,1213,▽1,BRA,20,3,3
Muazzez Demirci,1213,▽1,TUR,19,3,3
Sabrina Rittberger,1213,▽1,GER,20,3,3
Ioana Gheorghita,1213,▽1,ROU,20,3,3
Juliana Valero,1213,▽1,COL,20,3,3
Katarzyna Wysoczanska,1213,▽1,POL,20,3,3
Doga Takunyaci,1213,▽1,TUR,18,3,3
Mouna Bouzgarrou,1213,▽1,TUN,18,3,3
Jane Wasserson,1213,▽1,USA,21,3,3
Svenja Ochsner,1213,▽1,SUI,18,3,3
Gyulnara Nazarova,1213,▽1,UKR,20,3,3
Candela Bugnon,1213,▽1,ARG,20,3,3
Basak Akbas,1213,▽1,TUR,18,3,3
Dalila Said,1213,▽1,ESP,17,3,3
Snehal Mane,1213,▽1,IND,19,3,3
Anne-Marie Medcalf,1213,▽1,AUS,20,3,3
Emmanouela Antonakis,1213,▽1,GRE,17,3,3
Olga Helmi,1213,▽1,DEN,18,3,3
Angeles Moreno Barranquero,1213,▽1,ESP,18,3,3
Yuka Hosoki,1213,▽1,JPN,18,3,3
Laylo Bahodyrova,1213,▽1,UZB,19,3,3
Jiakang Li,1213,▽1,CHN,19,3,3
Aleksandra Pitak,1213,▽1,GBR,16,3,3
Alexandra Staiculescu,1213,▽1,ROU,17,3,3
Shaline-Doreen Pipa,1213,▽1,GER,19,3,3
Loudmilla Bencheikh,1213,▽1,FRA,16,3,3
Barbora Matusova,1213,▽1,SVK,18,3,3
Eva Lys,1213,▽1,GER,16,3,3
Yasmina Karimjanova,1213,▽1,UZB,16,3,3
Yekaterina Dmitrichenko,1213,△8786,KAZ,16,3,3
Carole Monnet,1213,▽1,FRA,16,3,3
Katerina Krizova,1213,▽1,CZE,18,3,3
Chantal Sauvant,1213,▽1,GER,15,3,3
Viktoriya Petrenko,1213,▽1,UKR,16,3,3
Maria Petrovic,1213,▽1,SWE,16,3,3
Laura Ashley,1213,▽1,AUS,16,3,3
Zeynep Sonmez,1213,▽1,TUR,15,3,3
Mananchaya Sawangkaew,1213,▽1,THA,15,3,3
Nina Nikprelevic,1213,▽1,USA,16,3,3
Mihaela Djakovic,1213,▽1,SRB,16,3,3
Adithya Karunaratne,1213,▽1,SRI,16,3,3
Ryoko Ikeda,1213,△8786,JPN,15,3,3
Yuna Saito,1213,△8786,JPN,15,3,3
Barakat Quadre,1213,▽1,NGR,14,3,3
Federica Rossi,1213,▽1,ITA,16,3,3
Liz Chileno,1213,▽1,PAR,18,3,3
Anna Arkadianou,1213,▽1,GRE,16,3,3
Vania King,1274,▽3,USA,29,3,5