rank,caps,team,appearance,position,fetch_name,followers,username,full_name,profile_pic_url,is_verified,is_private,id,name
1,148,New Zealand,2001â€“2015,Flanker,Richie McCaw,5337,richiemccaw_,Richie McCaw,https://scontent-lga3-1.cdninstagram.com/vp/7e08a75572b02a7498c26161ba07d8c6/5B69B50C/t51.2885-19/s150x150/11410539_1549506652037918_1630636022_a.jpg,false,false,2533889981,Richie McCaw
2,141,Ireland (133)British and Irish Lions (8),1999â€“2014,Centre,Brian O'Driscoll,257260,brianodriscoll,Brian O'Driscoll,https://scontent-lga3-1.cdninstagram.com/vp/3ed9ee3564b3f94ac94206b2fb0e5a3e/5B6D9622/t51.2885-19/s150x150/11850056_435466409990953_1222832889_a.jpg,true,false,1438877842,Brian O'Driscoll
3,139,Australia,1994â€“2007,Scrum-half,George Gregan,5,george_gregan,George Gregan,https://instagram.fcgh4-1.fna.fbcdn.net/vp/f17e1275a70fc32e93cbf434ddc32bcd/5B6CCC7A/t51.2885-19/11906329_960233084022564_1448528159_a.jpg,false,false,1915040132,George Gregan
4,134,Wales (129)British and Irish Lions (5),2002â€“,Prop,Gethin Jenkins,754,gethinjenkins,Gethin Jenkins,https://scontent-lga3-1.cdninstagram.com/vp/d0d525e83f455b45494e9789568fc8d8/5B5A9841/t51.2885-19/s150x150/13573409_484892608367202_671935553_a.jpg,false,false,283944794,Gethin Jenkins
5,134,Italy,2002â€“,Number 8,Sergio Parisse,108392,sergioparisse,sergioparisse,https://scontent-lga3-1.cdninstagram.com/vp/ce5085d6bc08251bb9e954623054e895/5B6ED07D/t51.2885-19/s150x150/25013188_154149105311137_6137832205302366208_n.jpg,true,false,174172925,Sergio Parisse
6,132,New Zealand,2002â€“2015,Hooker,Keven Mealamu,61052,mrmeea,Keven Mealamu,https://scontent-lga3-1.cdninstagram.com/vp/31517e2298725f76ad0053c2202d66bf/5B55742B/t51.2885-19/s150x150/28436435_1010056809146535_7637165096032010240_n.jpg,true,false,195495568,Keven Mealamu
7,130,Ireland (128)British and Irish Lions (2),2000â€“2013,Fly-half,Ronan O'Gara,940,ronanogara10,Ronan Oâ€™Gara,https://scontent-lga3-1.cdninstagram.com/vp/ef5aee65b1163093d5398691a04ab2a7/5B5E5E6E/t51.2885-19/s150x150/27578839_169742690470047_8160276938565353472_n.jpg,false,false,7063362028,Ronan O'Gara
8,129,Australia,2005â€“2017,Hooker,Stephen Moore,849,stephenconradmoore,Stephen Conrad Moore,https://scontent-lga3-1.cdninstagram.com/vp/3df03ef84875c7b04284a4088a6c411f/5B766151/t51.2885-19/s150x150/29717223_1642592085837848_4034245468119629824_n.jpg,true,false,1439445678,Stephen Moore
9,127,South Africa,2001â€“2015,Lock,Victor Matfield,58052,victormatfield,Victor Matfield,https://scontent-lga3-1.cdninstagram.com/vp/28065f769902e2cff91b1065f284df0f/5B9BDCB6/t51.2885-19/s150x150/15803098_229722594144439_5574873357003784192_a.jpg,true,false,329633045,Victor Matfield
10,126,Wales (117)British and Irish Lions (9),2006â€“,Lock,Alun Wyn Jones,40451,alun.wyn.jones,,https://scontent-lga3-1.cdninstagram.com/vp/873a2985dc789c21c3afd8025eeae2cc/5B5BDBB9/t51.2885-19/s150x150/13269337_1599613043686999_970706715_a.jpg,true,false,187425577,Alun Wyn Jones
11,124,South Africa,2004â€“,Wing,Bryan Habana,96969,bryanhabana_,Bryan Habana,https://scontent-lga3-1.cdninstagram.com/vp/b3d6fd46f56e9665808ebbe829757c9a/5B7636E3/t51.2885-19/s150x150/21042238_338111493298035_420837650329501696_a.jpg,true,false,1418994275,Bryan Habana
12,119,Italy,2002â€“2016,Prop,Martin Castrogiovanni,171880,castrito81,Martin Castrogiovanni,https://scontent-lga3-1.cdninstagram.com/vp/3a7025b14164e686e7c301a675066d28/5B5D483D/t51.2885-19/s150x150/28765116_1752981461430766_5857694303450562560_n.jpg,true,false,301914253,Martin Castrogiovanni
13,119,England (114)British and Irish Lions (5),1990â€“2004,Prop,Jason Leonard,2616,jasonleonard,Jason Leonard,https://scontent-lga3-1.cdninstagram.com/vp/d5eabcadf3a79e62c8b4dee1cf13c241/5B761862/t51.2885-19/s150x150/12407548_966965450018669_124085051_a.jpg,false,false,9345838,Jason Leonard
14,118,France,1995â€“2007,Lock,Fabien Pelous,44,fapelous,Fabien Pelous,https://scontent-lga3-1.cdninstagram.com/vp/bd01f4546ecedba4c2de4ae79e43b5cd/5B784BCE/t51.2885-19/11809713_147945142208265_702405687_a.jpg,false,false,671980603,Fabien Pelous
15,118,New Zealand,2002â€“2015,Prop,Tony Woodcock,168,tony_woodcock,Tony Woodcock,https://scontent-lga3-1.cdninstagram.com/vp/3da9f34a799e80c78f547f6bb4356891/5B6E7C17/t51.2885-19/11363797_753810091412700_1870869195_a.jpg,false,false,511361963,Tony Woodcock
16,116,Australia,2005â€“,Centre / Wing,Adam Ashley-Cooper,75027,adamcoopy,Adam Ashley-Cooper,https://scontent-lga3-1.cdninstagram.com/vp/cd0c397d8648a1ebd1c25626c6319c0e/5B545E55/t51.2885-19/11821224_1470267623299404_2090418209_a.jpg,true,false,10471007,Adam Ashley-Cooper
17,116,Australia,2002â€“2012,Lock,Nathan Sharpe,44,nathan._.sharpe,Nathan Sharpe,https://scontent-lga3-1.cdninstagram.com/vp/50d796a3c93fb6161c5de9b8e85a5bae/5B650A21/t51.2885-19/s150x150/22639154_226482417885496_9077389616041951232_n.jpg,false,false,5962093192,Nathan Sharpe
18,115,Ireland (108)British and Irish Lions (7),2002â€“2015,Lock,Paul O'Connell,112565,paul_o_connell5,Paul O'Connell,https://scontent-lga3-1.cdninstagram.com/vp/f3e4a41347f002d3cc65af9211b1e0f7/5B5714FC/t51.2885-19/s150x150/18581082_1893484880923512_1083238447663022080_a.jpg,true,false,441061406,Paul O'Connell
19,112,Italy,2001â€“2015,Lock,Marco Bortolami,1063,marcobortolami_,Marco Bortolami,https://scontent-lga3-1.cdninstagram.com/vp/1cdb60e03d87b01011b28d8718be4022/5B597445/t51.2885-19/s150x150/29095983_1796326347073548_6858188492464193536_n.jpg,false,false,1394479307,Marco Bortolami
20,112,New Zealand,2003â€“2015,Fly-half,Dan Carter,839242,dancarter_,Dan Carter,https://scontent-lga3-1.cdninstagram.com/vp/2657f1efa5f1717742c9a761a67b1007/5B6D151C/t51.2885-19/s150x150/30593512_1991100300931138_7157423189008580608_n.jpg,true,false,182395345,Dan Carter
21,111,Ireland,2005â€“,Hooker,Rory Best,28676,rorybest2,Rory Best,https://scontent-lga3-1.cdninstagram.com/vp/1e1f96d9eff639b0d9a29a6c37607335/5B628103/t51.2885-19/s150x150/18300069_144375196103366_856741521947361280_a.jpg,true,false,5356243577,Rory Best
22,111,Scotland (110)British and Irish Lions (1),2004â€“,Hooker,Ross Ford,469,ross_ford_,Ross Ford,https://scontent-lga3-1.cdninstagram.com/vp/1405e7fd37cda2809b68576207635244/5B6587EA/t51.2885-19/s150x150/21911142_430249000703583_1029272973862764544_n.jpg,false,false,282821773,Ross Ford
23,111,France,1982â€“1995,Centre,Philippe Sella,35,sellaronda2,Philippe Bayet,https://scontent-lga3-1.cdninstagram.com/vp/1fa5f97c8f1602f97733c5b4aa813120/5B598730/t51.2885-19/10593336_819738648058549_1072749853_a.jpg,false,false,1478192863,Philippe Sella
24,111,South Africa,2000â€“2011,Hooker[25],John Smit,46588,taylorjohnsmith,Taylor John Smith,https://scontent-lga3-1.cdninstagram.com/vp/888e2bbe8ee563980f12d84661c6f8d2/5B987A47/t51.2885-19/s150x150/13534384_1760052620882554_1151303226_a.jpg,true,false,14467939,John Smit
25,111,Australia,2000â€“2013,Flanker,George Smith,228524,newhopegeorge,George Smith,https://scontent-lga3-1.cdninstagram.com/vp/b4fd3444fbcfc3f0dbacaf96da917dd5/5B55BF00/t51.2885-19/s150x150/30079930_206970736558559_6687736543454429184_n.jpg,true,false,461171563,George Smith
26,111,Romania,2006-,Centre,Florin Vlaicu,1103,florin_vlaicu,Florin Vlaicu,https://scontent-lga3-1.cdninstagram.com/vp/d4ad2dfe3ec54a4d6b8ecfc7dbf4b8b0/5B6DDCCC/t51.2885-19/s150x150/30084670_447177302386707_8959525147820163072_n.jpg,false,false,306822958,Florin Vlaicu
27,110,Wales (104)British and Irish Lions (6),1998â€“2011,Fly-half,Stephen Jones,10443,johnstephenjones,John Stephen Jones,https://scontent-lga3-1.cdninstagram.com/vp/5d762c8325a909afb840171797d354f9/5B994D2F/t51.2885-19/s150x150/14473993_1809060402697776_672119707028946944_a.jpg,false,false,8590781,Stephen Jones
29,109,South Africa,2004â€“2015,Centre,Jean de Villiers,2767,jeandevilliers,Jean De Villiers,https://scontent-lga3-1.cdninstagram.com/vp/8c9534fd2bb9cc7d239991ae93bc0e2a/5B66A7F8/t51.2885-19/s150x150/30602817_2014962982164400_2072680474643267584_n.jpg,false,false,203264433,Jean de Villiers
30,109,Georgia,2006-,Centre,Davit Kacharava,18,davitkacharava,davit kacharava,https://scontent-lga3-1.cdninstagram.com/vp/3747938b72eb2a8ae64d423e1c0a955e/5B9AFB8E/t51.2885-19/s150x150/10844024_1065533510135370_214788561_a.jpg,false,false,3022482757,Davit Kacharava
31,109,Scotland,1999â€“2011,Full-back,Chris Paterson,617,chrispat93,Chris Paterson,https://scontent-lga3-1.cdninstagram.com/vp/891384ee22f9867488242f42ecff86c7/5B9C57D9/t51.2885-19/s150x150/23734164_515867728773268_7747807654054985728_n.jpg,false,false,200754398,Chris Paterson
32,109,New Zealand,2008-,Number 8,Kieran Read,17452,kieranread08,Kieran Read,https://scontent-lga3-1.cdninstagram.com/vp/c4d6bfd31bb14cc1150aead6b09e9ab6/5B55D1B1/t51.2885-19/s150x150/24177852_1995821907109808_8399880060063973376_n.jpg,true,false,6627324943,Kieran Read
33,107,Ireland (105)British and Irish Lions (2),2000â€“2011,Prop,John Hayes,3,john._.hayes,John,https://scontent-lga3-1.cdninstagram.com/vp/400a6ef3817008bda7a11b2ef05ee546/5B6EA976/t51.2885-19/s150x150/12501568_225901461105263_1597942166_a.jpg,false,false,3124649745,John Hayes
34,106,Italy,1998â€“2015,Flanker,Mauro Bergamasco,20432,maurobergamasco,Mauro Bergamasco,https://scontent-lga3-1.cdninstagram.com/vp/bb20f3c70476e12e23818c82b5681423/5B5F9DF6/t51.2885-19/s150x150/26868674_489577808102974_3512180395015667712_n.jpg,true,false,173731084,Mauro Bergamasco
35,105,Scotland,2004â€“2016,Wing,Sean Lamont,6115,sflamont,Sean Lamont,https://scontent-lga3-1.cdninstagram.com/vp/67a980082ba60e3943b390d26b877367/5B563EFD/t51.2885-19/10483354_718130561584494_1221332793_a.jpg,true,false,1393715416,Sean Lamont
36,104,Wales (100)British and Irish Lions (4),1996â€“2012,Flanker,Martyn Williams,82,martynwilliams,Martyn Williams,https://scontent-lga3-1.cdninstagram.com/vp/0209cf09a80505434b1f9fdd9e6295ec/5B6D9F6C/t51.2885-19/11426243_967972193254704_1070981336_a.jpg,false,false,274548376,Martyn Williams
37,104,Italy,2005â€“,Flanker,Alessandro Zanni,2423,alessandro_zanni,Alessandro Zanni,https://scontent-lga3-1.cdninstagram.com/vp/2d8769bd1850514e74d9fe692c680f9b/5B999DAC/t51.2885-19/s150x150/25017190_323992341421877_376748058689404928_n.jpg,false,true,191300696,Alessandro Zanni
39,103,Australia,2002â€“2016,Fly-half,Matt Giteau,181729,matt_giteau,Matt Giteau,https://scontent-lga3-1.cdninstagram.com/vp/6279b759ef0cd552f9acb641f4ed6e04/5B68EEB9/t51.2885-19/s150x150/23595057_126684801358881_124300652808503296_n.jpg,true,false,13560846,Matt Giteau
41,103,New Zealand,2003â€“2015,Centre,Ma'a Nonu,286778,maanonu,Ma'a Nonu,https://scontent-lga3-1.cdninstagram.com/vp/11b569ba6a4799fbe8653520e9a3b1cf/5B6AD3FF/t51.2885-19/s150x150/27581712_183218412452809_6808365695009554432_n.jpg,true,false,175046523,Ma'a Nonu
42,103,Wales (100)British and Irish Lions (3),1995â€“2007,Utility back,Gareth Thomas,1783,gathom1,Gareth Thomas,https://scontent-lga3-1.cdninstagram.com/vp/95d1b2734846118a7cc472b951b393b4/5B98D1D4/t51.2885-19/s150x150/13129631_1035645783181105_737164088_a.jpg,true,false,424264547,Gareth Thomas
43,102,Australia,1996â€“2007,Fly-half,Stephen Larkham,0,stephen.larkham.3,Stephen Larkham,https://instagram.fybz2-2.fna.fbcdn.net/vp/f17e1275a70fc32e93cbf434ddc32bcd/5B6CCC7A/t51.2885-19/11906329_960233084022564_1448528159_a.jpg,false,false,6278547138,Stephen Larkham
44,102,South Africa,1997â€“2008,Fullback,Percy Montgomery,8,ymontgomeryf688,Percy Montgomery,https://scontent-lga3-1.cdninstagram.com/vp/655c7e7ac43c121188a6a8a76ff56e40/5B5E006A/t51.2885-19/10919541_1766984990193229_1333045690_a.jpg,false,false,1658852896,Percy Montgomery
45,101,Australia,1982â€“1996,Wing,David Campese,333,davidcampese,David M. Campese,https://scontent-lga3-1.cdninstagram.com/vp/f9de8f9f088a771890513c304097fc25/5B545DAA/t51.2885-19/s150x150/14727422_1232618150188168_7676778369677000704_a.jpg,false,false,215760699,David Campese
46,101,Italy,1994â€“2007,Scrum-half,Alessandro Troncon,54,alessandro.tronconi,Alessandro Tronconi,https://scontent-lga3-1.cdninstagram.com/vp/85bc833e3e9957351966b8884f71226a/5B9D2936/t51.2885-19/s150x150/28158703_900411913452533_6037320976914448384_n.jpg,false,false,7162152029,Alessandro Troncon
47,101,Portugal,2003â€“,Flanker,Vasco Uva,798,vuva8,Vasco Sousa Uva,https://scontent-lga3-1.cdninstagram.com/vp/3b1af22ac6b48215b35c67781643299d/5B6A9B70/t51.2885-19/s150x150/13267373_1708873446029631_1274096011_a.jpg,false,true,3267849566,Vasco Uva
48,100,Georgia,2002-,Number 8,Giorgi Chkhaidze,559,giorgi_chkhaidze,Giorgi Chkhaidze,https://scontent-lga3-1.cdninstagram.com/vp/755aa1ccc43a2ab70f7761bb65ce096b/5B54EA60/t51.2885-19/s150x150/30079819_1833637176680707_8573706874115850240_n.jpg,false,false,1324401414,Giorgi Chkhaidze
49,100,Ireland (95)British and Irish Lions (5),2006-2017,Number 8,Jamie Heaslip,147707,jamieheaslip,Jamie Heaslip,https://scontent-lga3-1.cdninstagram.com/vp/45b80d1e74b88f1aa8867b7cdd00f625/5B763FC4/t51.2885-19/s150x150/13269403_597657977064095_1382663345_a.jpg,true,false,21791022,Jamie Heaslip
50,100,Wales (95)British and Irish Lions (5),2002â€“2014,Prop,Adam Jones,113785,realpacman24,Adam Jones,https://scontent-lga3-1.cdninstagram.com/vp/6fd4b6cbba6fef45b683badfad5c6774/5B5E69B5/t51.2885-19/s150x150/15337309_1203114236439640_6685799998535237632_a.jpg,true,false,23101165,Adam Jones
51,100,New Zealand,2003â€“2011,Fullback,Mils Muliaina,430,milsmuliaina_,Mils,https://scontent-lga3-1.cdninstagram.com/vp/35fdefe377c5ba9778d65201a31a916e/5B64BFC2/t51.2885-19/s150x150/20347489_2131160080444760_6068688884013727744_a.jpg,false,true,1422987145,Mils Muliaina
52,100,Portugal,2004â€“,Lock,GonÃ§alo Uva,46859,goncalouva,GonÃ§alo Uva,https://scontent-lga3-1.cdninstagram.com/vp/4ef26b376acd21f8bddf3edc39029c17/5B546808/t51.2885-19/925558_1445036009091663_2089528649_a.jpg,false,false,354956982,GonÃ§alo Uva
53,99,Wales (94)British and Irish Lions (5),2003â€“2015,Scrum-half,Mike Phillips,69479,mikephillips009,Mike Phillips,https://scontent-lga3-1.cdninstagram.com/vp/27f56e9a1b4f7dee75763f3edfab3897/5B9D1B02/t51.2885-19/11296784_855901064494092_2065862772_a.jpg,true,false,982061133,Mike Phillips
54,98,France,1996â€“2007,Hooker,RaphaÃ«l IbaÃ±ez,218,raphael_ibanez,Shino Naja,https://scontent-lga3-1.cdninstagram.com/vp/78cb8f876c8990915b642d714e16f2a2/5B7A86C2/t51.2885-19/s150x150/26068122_189817234936021_2329631329827684352_n.jpg,false,true,2955087006,RaphaÃ«l IbaÃ±ez
55,98,South Africa,2008-,Prop,Tendai Mtawarira,51353,tendaimtawarira,Beast,https://scontent-lga3-1.cdninstagram.com/vp/cda550763c435df59c23b68726c92c9a/5B55CE77/t51.2885-19/s150x150/28434388_2031732827100113_6519209379743399936_n.jpg,true,false,232491064,Tendai Mtawarira
56,98,Ireland (94)British and Irish Lions (4),2003â€“2013,Lock,Donncha O'Callaghan,593,donnchaoc,Donncha O Callaghan,https://scontent-lga3-1.cdninstagram.com/vp/e97cda0474ee0de1985580e0719252d6/5B6AD183/t51.2885-19/10963785_1550572115222796_81861082_a.jpg,false,false,52559175,Donncha O'Callaghan
57,98,Japan,2004â€“,Lock,Hitoshi Ono,100,hitoshi_ono,Hitoshi Ono,https://scontent-lga3-1.cdninstagram.com/vp/20f7b212861e22865cc6c2ea5eddaa47/5B9A1734/t51.2885-19/s150x150/19050439_769572406546978_1784685587253428224_a.jpg,false,false,3100522180,Hitoshi Ono
58,98,Ireland,2000â€“2011,Scrum-half,Peter Stringer,23971,stringer9,Peter Stringer,https://scontent-lga3-1.cdninstagram.com/vp/9a945fd009f5b3f1f34e3242360a59ff/5B68F419/t51.2885-19/s150x150/27573536_394296757662981_5602465798871318528_n.jpg,true,false,358860438,Peter Stringer
62,97,Wales (94)British and Irish Lions (3),2008-,Centre,Jamie Roberts,109488,jamiehuwroberts,Jamie Roberts,https://scontent-lga3-1.cdninstagram.com/vp/6d158f9e4f692c42edd30752f84298ca/5B5B2ACB/t51.2885-19/s150x150/12724741_224779694537516_532844342_a.jpg,true,false,231372079,Jamie Roberts
63,97,England (91)British and Irish Lions (6),1998â€“2011,Fly-half,Jonny Wilkinson,5350,jonnywilkinsonofficial,Jonny Wilkinson,https://scontent-lga3-1.cdninstagram.com/vp/bae0d239fb7fc8be5631f54604aafaab/5B6379BB/t51.2885-19/s150x150/13092352_1716963425249334_2136179314_a.jpg,false,false,3207900652,Jonny Wilkinson
64,96,Wales (94)British and Irish Lions (2),1996â€“2007,Flanker,Colin Charvis,87,colin_charvis_flooring,Colin Charvis Flooring,https://scontent-lga3-1.cdninstagram.com/vp/520369de05cb1fe9ace472345e97c17e/5B999019/t51.2885-19/s150x150/24327552_113650416031838_572719676874817536_n.jpg,false,false,6640638546,Colin Charvis
65,96,New Zealand,2010-,Lock,Sam Whitelock,293,sam_whitelock,Sam Whitelock,https://scontent-lga3-1.cdninstagram.com/vp/81e8e67bbfcb6576bd15043589cc9496/5B9BF674/t51.2885-19/s150x150/19985620_318579711935369_753428329909977088_a.jpg,false,true,1367837812,Sam Whitelock
66,95,New Zealand,2009-,Prop,Owen Franks,37619,owen.franks,Owen Franks,https://scontent-lga3-1.cdninstagram.com/vp/3b24903b3bd8131447360323ebdf7f83/5B5E7BFE/t51.2885-19/s150x150/13724489_1753465184942830_1794471599_a.jpg,true,false,1342038804,Owen Franks
67,95,Italy,1999â€“2015,Centre,Andrea Masi,9253,andreamasi,Andrea Masi,https://scontent-lga3-1.cdninstagram.com/vp/d8ef22850f4c0ae71ea012868ed35316/5B6C34A2/t51.2885-19/s150x150/13150838_255607294793714_1112548598_a.jpg,true,false,39518215,Andrea Masi
68,94,Italy,2006-,Hooker,Leonardo Ghiraldini,15314,leonardoghiraldini,Leonardo Ghiraldini,https://scontent-lga3-1.cdninstagram.com/vp/6088f35a9d705d9bdeb880fb49e254e1/5B5E340F/t51.2885-19/s150x150/11906122_1638568406420981_372531721_a.jpg,true,false,241218188,Leonardo Ghiraldini
69,94,New Zealand,2004â€“2015,Centre,Conrad Smith,736,smithconrad13,Conrad Smith,https://scontent-lga3-1.cdninstagram.com/vp/39a3f7e97c5ac22f370240640d5fd6fa/5B5D2FB6/t51.2885-19/923997_919241514756544_1605613582_a.jpg,false,false,1386991931,Conrad Smith
70,93,France,1980â€“1991,Fullback,Serge Blanco,8279,sergeblanco_officiel,SERGE BLANCO Officiel ðŸ‡«ðŸ‡·,https://scontent-lga3-1.cdninstagram.com/vp/452ec476ab6ada980e63447041e8b82d/5B56DBA9/t51.2885-19/s150x150/29095089_356714608159216_3904485186028437504_n.jpg,false,false,1401722649,Serge Blanco
71,93,England,2008-,Hooker,Dylan Hartley,66041,dylanhartley,dylanhartley,https://scontent-lga3-1.cdninstagram.com/vp/42a79fc2dc2ddbcb670a47f680e99a79/5B6A410E/t51.2885-19/s150x150/12328299_749875345157126_103721822_a.jpg,true,false,214183629,Dylan Hartley
72,92,New Zealand,1986â€“1997,Hooker,Sean Fitzpatrick,2057,seanfitzness,SeÃ¡n Fitzpatrick,https://scontent-lga3-1.cdninstagram.com/vp/65fcebd5738797d7d0a161b848276e5a/5B9CA374/t51.2885-19/s150x150/28152417_182945745691160_1834730924143542272_n.jpg,false,false,6472468050,Sean Fitzpatrick
73,92,England (84)British and Irish Lions (8),1993â€“2003,Lock,Martin Johnson,8198,martinjohnsonhd,Martin Johnson,https://scontent-lga3-1.cdninstagram.com/vp/f881afec43f9ff783e8a57394cfe284c/5B5D6744/t51.2885-19/11327198_803079203123451_1731935444_a.jpg,false,false,497770996,Martin Johnson
74,92,Wales,1989â€“2005,Lock,Gareth Llewellyn,360,gareth___llewellyn,Gareth Llewellyn,https://scontent-lga3-1.cdninstagram.com/vp/a291ccaad6ceaa53d2165b254c83e118/5B9AE160/t51.2885-19/s150x150/18513722_1426720780728904_4138638109992550400_a.jpg,false,true,1111759003,Gareth Llewellyn
75,92,Ireland,1997â€“2009,Lock,Malcolm O'Kelly,0,malcolm.okelly,Malcolm Okelly,https://scontent-lga3-1.cdninstagram.com/vp/4a62fc82e5534d408861adfff45e3690/5B63D109/t51.2885-19/s150x150/13551586_167355250346338_62821799_a.jpg,false,false,3506619263,Malcolm O'Kelly
76,92,Romania,2001â€“2012,Lock,Cristian Petre,4767,petreb,Bogdan Cristian Petre,https://scontent-lga3-1.cdninstagram.com/vp/4614169ac8a780dc0cc8fae1e1f45c34/5B5532F5/t51.2885-19/s150x150/17494159_347155799013738_3560741361143513088_a.jpg,false,false,205560806,Cristian Petre
77,91,Wales (87)British and Irish Lions (4),1990â€“2003,Fly-half,Neil Jenkins,88,neil__jenkins,Neil Jenkins,https://scontent-lga3-1.cdninstagram.com/vp/dff9de1d2491bfd16996a3900d8aa84f/5B61B3B2/t51.2885-19/s150x150/18382088_297990873974395_748095440817225728_a.jpg,false,true,5444510091,Neil Jenkins
78,91,Australia,2008-,Prop,Sekope Kepu,8957,sekopekepu,Sekope Kepu,https://scontent-lga3-1.cdninstagram.com/vp/3ef96e1072d604116b166bb7f728126a/5B547944/t51.2885-19/10624352_810996718950995_1912473270_a.jpg,false,false,52745319,Sekope Kepu
79,91,England (85)British and Irish Lions (6),1984â€“1996,Wing,Rory Underwood,7,roryunderwood,Rory Underwood,https://scontent-lga3-1.cdninstagram.com/vp/e3890257513d450398b617d745c6837a/5B611070/t51.2885-19/11856636_1479376762378727_481800701_a.jpg,false,false,298978576,Rory Underwood
80,91,Wales (87)British and Irish Lions (4),2000â€“2011,Wing,Shane Williams,550,shane_____williams,Shane,https://scontent-lga3-1.cdninstagram.com/vp/6fa3810df27438bb76972aebd6280b5f/5B549068/t51.2885-19/s150x150/29737805_227573031141093_561699636901838848_n.jpg,false,false,7183937,Shane Williams